date,close,adjclose
2010-01-04,7.643214,6.400960
2010-01-05,7.656429,6.412025
2010-01-06,7.534643,6.310036
2010-01-07,7.520714,6.298368
2010-01-08,7.570714,6.340245
2010-01-11,7.503929,6.284315
2010-01-12,7.418571,6.212830
2010-01-13,7.523214,6.300464
2010-01-14,7.479643,6.263975
2010-01-15,7.354643,6.159291
2010-01-19,7.680000,6.431766
2010-01-20,7.561786,6.332766
2010-01-21,7.431071,6.223295
2010-01-22,7.062500,5.914631
2010-01-25,7.252500,6.073750
2010-01-26,7.355000,6.159590
2010-01-27,7.424286,6.217615
2010-01-28,7.117500,5.960690
2010-01-29,6.859286,5.744444
2010-02-01,6.954643,5.824302
2010-02-02,6.995000,5.858101
2010-02-03,7.115357,5.958894
2010-02-04,6.858929,5.744148
2010-02-05,6.980714,5.846136
2010-02-08,6.932857,5.806056
2010-02-09,7.006786,5.867973
2010-02-10,6.968571,5.835968
2010-02-11,7.095357,5.942148
2010-02-12,7.156429,5.993293
2010-02-16,7.264286,6.083620
2010-02-17,7.233929,6.058197
2010-02-18,7.247500,6.069562
2010-02-19,7.202500,6.031874
2010-02-22,7.157857,5.994489
2010-02-23,7.037857,5.893990
2010-02-24,7.166429,6.001667
2010-02-25,7.214286,6.041747
2010-02-26,7.307857,6.120108
2010-03-01,7.463929,6.250813
2010-03-02,7.458929,6.246627
2010-03-03,7.476071,6.260982
2010-03-04,7.525357,6.302258
2010-03-05,7.819643,6.548713
2010-03-08,7.824286,6.552602
2010-03-09,7.965000,6.670444
2010-03-10,8.030000,6.724881
2010-03-11,8.053571,6.744620
2010-03-12,8.092857,6.777524
2010-03-15,7.994286,6.694973
2010-03-16,8.016071,6.713217
2010-03-17,8.004286,6.703346
2010-03-18,8.023214,6.719199
2010-03-19,7.937500,6.647415
2010-03-22,8.026786,6.722190
2010-03-23,8.155714,6.830161
2010-03-24,8.191786,6.860373
2010-03-25,8.094643,6.779020
2010-03-26,8.246429,6.906134
2010-03-29,8.299643,6.950699
2010-03-30,8.423214,7.054186
2010-03-31,8.392857,7.028763
2010-04-01,8.427500,7.057780
2010-04-05,8.517500,7.133149
2010-04-06,8.555000,7.164555
2010-04-07,8.592857,7.196257
2010-04-08,8.569643,7.176816
2010-04-09,8.635357,7.231851
2010-04-12,8.653214,7.246806
2010-04-13,8.658214,7.250993
2010-04-14,8.774643,7.348496
2010-04-15,8.890000,7.445106
2010-04-16,8.835714,7.399643
2010-04-19,8.823929,7.389773
2010-04-20,8.735357,7.315597
2010-04-21,9.257857,7.753177
2010-04-22,9.516786,7.970016
2010-04-23,9.672500,8.100422
2010-04-26,9.625000,8.060648
2010-04-27,9.358571,7.837518
2010-04-28,9.342857,7.824361
2010-04-29,9.594286,8.034924
2010-04-30,9.324643,7.809106
2010-05-03,9.512500,7.966432
2010-05-04,9.238571,7.737024
2010-05-05,9.142500,7.656567
2010-05-06,8.794643,7.365247
2010-05-07,8.423571,7.054485
2010-05-10,9.071071,7.596745
2010-05-11,9.161429,7.672421
2010-05-12,9.360357,7.839017
2010-05-13,9.227143,7.727454
2010-05-14,9.065000,7.591661
2010-05-17,9.079286,7.603629
2010-05-18,9.012857,7.547994
2010-05-19,8.869286,7.427756
2010-05-20,8.491429,7.111315
2010-05-21,8.654286,7.247703
2010-05-24,8.812857,7.380500
2010-05-25,8.757857,7.334439
2010-05-26,8.718214,7.301241
2010-05-27,9.048214,7.577608
2010-05-28,9.174286,7.683187
2010-06-01,9.315357,7.801329
2010-06-02,9.426786,7.894651
2010-06-03,9.397143,7.869822
2010-06-04,9.141429,7.655670
2010-06-07,8.962143,7.505524
2010-06-08,8.904643,7.457370
2010-06-09,8.685714,7.274022
2010-06-10,8.946786,7.492660
2010-06-11,9.053929,7.582393
2010-06-14,9.081429,7.605420
2010-06-15,9.274643,7.767232
2010-06-16,9.544643,7.993352
2010-06-17,9.709643,8.131532
2010-06-18,9.788214,8.197331
2010-06-21,9.648929,8.080684
2010-06-22,9.780357,8.190754
2010-06-23,9.677500,8.104613
2010-06-24,9.607143,8.045691
2010-06-25,9.525000,7.976898
2010-06-28,9.582143,8.024754
2010-06-29,9.148929,7.661952
2010-06-30,8.983214,7.523170
2010-07-01,8.874286,7.431946
2010-07-02,8.819286,7.385884
2010-07-06,8.879643,7.436430
2010-07-07,9.238214,7.736725
2010-07-08,9.217500,7.719377
2010-07-09,9.272143,7.765139
2010-07-12,9.188929,7.695449
2010-07-13,8.992857,7.531243
2010-07-14,9.026071,7.559060
2010-07-15,8.980357,7.520776
2010-07-16,8.925000,7.474418
2010-07-19,8.770714,7.345207
2010-07-20,8.996071,7.533937
2010-07-21,9.080000,7.604223
2010-07-22,9.250714,7.747193
2010-07-23,9.283571,7.774710
2010-07-26,9.260000,7.754969
2010-07-27,9.431429,7.898535
2010-07-28,9.320000,7.805216
2010-07-29,9.218214,7.719974
2010-07-30,9.187500,7.694252
2010-08-02,9.351786,7.831836
2010-08-03,9.354643,7.834229
2010-08-04,9.392143,7.865639
2010-08-05,9.346429,7.827351
2010-08-06,9.288929,7.779202
2010-08-09,9.348214,7.828846
2010-08-10,9.264643,7.758860
2010-08-11,8.935357,7.483089
2010-08-12,8.992500,7.530945
2010-08-13,8.896429,7.450490
2010-08-16,8.844286,7.406822
2010-08-17,8.998929,7.536330
2010-08-18,9.038214,7.569229
2010-08-19,8.924286,7.473820
2010-08-20,8.915714,7.466640
2010-08-23,8.778571,7.351788
2010-08-24,8.568929,7.176216
2010-08-25,8.674643,7.264752
2010-08-26,8.581429,7.186685
2010-08-27,8.629286,7.226764
2010-08-30,8.660714,7.253084
2010-08-31,8.682143,7.271032
2010-09-01,8.940357,7.487281
2010-09-02,9.006071,7.542311
2010-09-03,9.241786,7.739715
2010-09-07,9.207500,7.711003
2010-09-08,9.390000,7.863840
2010-09-09,9.395357,7.868328
2010-09-10,9.407500,7.878500
2010-09-13,9.537143,7.987067
2010-09-14,9.573571,8.017576
2010-09-15,9.650714,8.082180
2010-09-16,9.877500,8.272102
2010-09-17,9.834643,8.236214
2010-09-20,10.115357,8.471306
2010-09-21,10.134643,8.487455
2010-09-22,10.276786,8.606495
2010-09-23,10.318571,8.641485
2010-09-24,10.440000,8.743179
2010-09-27,10.398571,8.708485
2010-09-28,10.245000,8.579879
2010-09-29,10.263214,8.595133
2010-09-30,10.133929,8.486860
2010-10-01,10.090000,8.450068
2010-10-04,9.951429,8.334023
2010-10-05,10.319286,8.642090
2010-10-06,10.328214,8.649568
2010-10-07,10.329286,8.650464
2010-10-08,10.502500,8.795523
2010-10-11,10.548571,8.834108
2010-10-12,10.662143,8.929223
2010-10-13,10.719286,8.977074
2010-10-14,10.796786,9.041981
2010-10-15,11.240714,9.413759
2010-10-18,11.357143,9.511267
2010-10-19,11.053214,9.256732
2010-10-20,11.090357,9.287839
2010-10-21,11.054286,9.257630
2010-10-22,10.981071,9.196315
2010-10-25,11.030000,9.237293
2010-10-26,11.001786,9.213661
2010-10-27,10.993929,9.207081
2010-10-28,10.901429,9.129615
2010-10-29,10.749286,9.002199
2010-11-01,10.863571,9.097912
2010-11-02,11.048571,9.252844
2010-11-03,11.171429,9.355729
2010-11-04,11.366786,9.519336
2010-11-05,11.326071,9.485242
2010-11-08,11.379286,9.529806
2010-11-09,11.288571,9.453835
2010-11-10,11.358214,9.512155
2010-11-11,11.308929,9.470884
2010-11-12,11.001071,9.213061
2010-11-15,10.965714,9.183453
2010-11-16,10.771071,9.020444
2010-11-17,10.732143,8.987844
2010-11-18,11.015357,9.225027
2010-11-19,10.954643,9.174184
2010-11-22,11.191429,9.372478
2010-11-23,11.026071,9.233998
2010-11-24,11.242857,9.415554
2010-11-26,11.250000,9.421533
2010-11-29,11.316786,9.477466
2010-11-30,11.112500,9.306380
2010-12-01,11.300000,9.463406
2010-12-02,11.362500,9.515747
2010-12-03,11.337143,9.494510
2010-12-06,11.433929,9.575567
2010-12-07,11.364643,9.517544
2010-12-08,11.464643,9.601294
2010-12-09,11.420000,9.563904
2010-12-10,11.448571,9.587831
2010-12-13,11.488214,9.621027
2010-12-14,11.438929,9.579753
2010-12-15,11.441429,9.581852
2010-12-16,11.473214,9.608473
2010-12-17,11.450357,9.589329
2010-12-20,11.507500,9.637182
2010-12-21,11.578571,9.696704
2010-12-22,11.612857,9.725415
2010-12-23,11.557143,9.678756
2010-12-27,11.595714,9.711061
2010-12-28,11.623929,9.734684
2010-12-29,11.617500,9.729304
2010-12-30,11.559286,9.680551
2010-12-31,11.520000,9.647651
2011-01-03,11.770357,9.857317
2011-01-04,11.831786,9.908763
2011-01-05,11.928571,9.989818
2011-01-06,11.918929,9.981742
2011-01-07,12.004286,10.053225
2011-01-10,12.230357,10.242552
2011-01-11,12.201429,10.218328
2011-01-12,12.300714,10.301473
2011-01-13,12.345714,10.339163
2011-01-14,12.445714,10.422909
2011-01-18,12.166071,10.188714
2011-01-19,12.101429,10.134581
2011-01-20,11.881429,9.950335
2011-01-21,11.668571,9.772073
2011-01-24,12.051786,10.093006
2011-01-25,12.192857,10.211149
2011-01-26,12.280357,10.284429
2011-01-27,12.257500,10.265288
2011-01-28,12.003571,10.052628
2011-01-31,12.118571,10.148938
2011-02-01,12.322500,10.319717
2011-02-02,12.297143,10.298488
2011-02-03,12.265714,10.272164
2011-02-04,12.375000,10.363688
2011-02-07,12.567143,10.524602
2011-02-08,12.685714,10.623901
2011-02-09,12.791429,10.712434
2011-02-10,12.662143,10.604158
2011-02-11,12.744643,10.673254
2011-02-14,12.827857,10.742943
2011-02-15,12.853571,10.764473
2011-02-16,12.968929,10.861088
2011-02-17,12.796429,10.716619
2011-02-18,12.520000,10.485116
2011-02-22,12.093214,10.127702
2011-02-23,12.236429,10.247638
2011-02-24,12.245714,10.255416
2011-02-25,12.434286,10.413338
2011-02-28,12.614643,10.564381
2011-03-01,12.475357,10.447730
2011-03-02,12.575714,10.531779
2011-03-03,12.841429,10.754305
2011-03-04,12.857143,10.767467
2011-03-07,12.691429,10.628686
2011-03-08,12.705714,10.640652
2011-03-09,12.588214,10.542248
2011-03-10,12.381071,10.368772
2011-03-11,12.571071,10.527888
2011-03-14,12.627143,10.574847
2011-03-15,12.336786,10.331688
2011-03-16,11.786071,9.870476
2011-03-17,11.951429,10.008959
2011-03-18,11.809643,9.890220
2011-03-21,12.117857,10.148337
2011-03-22,12.185714,10.205168
2011-03-23,12.113929,10.145046
2011-03-24,12.320357,10.317925
2011-03-25,12.555000,10.514433
2011-03-28,12.515714,10.481527
2011-03-29,12.534286,10.497083
2011-03-30,12.451071,10.427396
2011-03-31,12.446786,10.423806
2011-04-01,12.305714,10.305663
2011-04-04,12.185357,10.204867
2011-04-05,12.103214,10.136080
2011-04-06,12.072857,10.110652
2011-04-07,12.074286,10.111847
2011-04-08,11.966429,10.021521
2011-04-11,11.814286,9.894106
2011-04-12,11.871429,9.941962
2011-04-13,12.004643,10.053526
2011-04-14,11.872143,9.942561
2011-04-15,11.695000,9.794204
2011-04-18,11.851786,9.925513
2011-04-19,12.066429,10.105268
2011-04-20,12.228929,10.241357
2011-04-21,12.525000,10.489306
2011-04-25,12.607500,10.558399
2011-04-26,12.515000,10.480937
2011-04-27,12.505357,10.472857
2011-04-28,12.383929,10.371166
2011-04-29,12.504643,10.472262
2011-05-02,12.367143,10.357110
2011-05-03,12.435714,10.414535
2011-05-04,12.484643,10.455513
2011-05-05,12.383929,10.371166
2011-05-06,12.380714,10.368474
2011-05-09,12.414286,10.396590
2011-05-10,12.480357,10.451920
2011-05-11,12.401071,10.385522
2011-05-12,12.377500,10.365777
2011-05-13,12.160714,10.184229
2011-05-16,11.903571,9.968880
2011-05-17,12.005000,10.053823
2011-05-18,12.138214,10.165382
2011-05-19,12.161786,10.185128
2011-05-20,11.972143,10.026308
2011-05-23,11.942857,10.001781
2011-05-24,11.863929,9.935681
2011-05-25,12.027857,10.072967
2011-05-26,11.964286,10.019726
2011-05-27,12.050357,10.091806
2011-05-31,12.422500,10.403467
2011-06-01,12.339643,10.334080
2011-06-02,12.360714,10.351725
2011-06-03,12.265714,10.272164
2011-06-06,12.072857,10.110652
2011-06-07,11.858571,9.931192
2011-06-08,11.865714,9.937181
2011-06-09,11.838929,9.914742
2011-06-10,11.639286,9.747547
2011-06-13,11.664286,9.768485
2011-06-14,11.872857,9.943156
2011-06-15,11.669643,9.772972
2011-06-16,11.612857,9.725415
2011-06-17,11.437857,9.578860
2011-06-20,11.261429,9.431101
2011-06-21,11.617857,9.729605
2011-06-22,11.521786,9.649146
2011-06-23,11.829643,9.906969
2011-06-24,11.655357,9.761007
2011-06-27,11.858571,9.931192
2011-06-28,11.973571,10.027500
2011-06-29,11.930000,9.991015
2011-06-30,11.988214,10.039763
2011-07-01,12.259286,10.266783
2011-07-05,12.479643,10.451322
2011-07-06,12.562857,10.521008
2011-07-07,12.757143,10.683717
2011-07-08,12.846786,10.758791
2011-07-11,12.642857,10.588008
2011-07-12,12.633929,10.580536
2011-07-13,12.786429,10.708249
2011-07-14,12.777500,10.700768
2011-07-15,13.032857,10.914623
2011-07-18,13.350000,11.180220
2011-07-19,13.458929,11.271445
2011-07-20,13.817857,11.572037
2011-07-21,13.831786,11.583703
2011-07-22,14.046429,11.763460
2011-07-25,14.232143,11.918987
2011-07-26,14.407500,12.065845
2011-07-27,14.021071,11.742224
2011-07-28,13.993571,11.719190
2011-07-29,13.945714,11.679113
2011-08-01,14.169643,11.866646
2011-08-02,13.889643,11.632153
2011-08-03,14.020357,11.741625
2011-08-04,13.477500,11.287003
2011-08-05,13.343571,11.174836
2011-08-08,12.614643,10.564381
2011-08-09,13.357500,11.186499
2011-08-10,12.988929,10.877835
2011-08-11,13.346429,11.177231
2011-08-12,13.463929,11.275632
2011-08-15,13.693214,11.467654
2011-08-16,13.588571,11.380013
2011-08-17,13.587143,11.378819
2011-08-18,13.073214,10.948419
2011-08-19,12.715357,10.648724
2011-08-22,12.730000,10.660990
2011-08-23,13.342857,11.174238
2011-08-24,13.435000,11.251409
2011-08-25,13.347143,11.177828
2011-08-26,13.699286,11.472735
2011-08-29,13.927500,11.663863
2011-08-30,13.928214,11.664457
2011-08-31,13.743929,11.510122
2011-09-01,13.608214,11.396469
2011-09-02,13.358929,11.187696
2011-09-06,13.562143,11.357881
2011-09-07,13.711786,11.483205
2011-09-08,13.719286,11.489485
2011-09-09,13.481429,11.290288
2011-09-12,13.569286,11.363866
2011-09-13,13.736429,11.503841
2011-09-14,13.903571,11.643819
2011-09-15,14.034286,11.753287
2011-09-16,14.303571,11.978806
2011-09-19,14.701071,12.311699
2011-09-20,14.766071,12.366134
2011-09-21,14.719286,12.326955
2011-09-22,14.350714,12.018286
2011-09-23,14.439286,12.092465
2011-09-26,14.398929,12.058668
2011-09-27,14.259286,11.941722
2011-09-28,14.178929,11.874424
2011-09-29,13.948929,11.681807
2011-09-30,13.618571,11.405141
2011-10-03,13.378571,11.204144
2011-10-04,13.303571,11.141335
2011-10-05,13.508929,11.313322
2011-10-06,13.477500,11.287003
2011-10-07,13.207143,11.060579
2011-10-10,13.886071,11.629162
2011-10-11,14.296071,11.972529
2011-10-12,14.363929,12.029352
2011-10-13,14.586786,12.215990
2011-10-14,15.071429,12.621866
2011-10-17,14.999643,12.561742
2011-10-18,15.080000,12.629043
2011-10-19,14.236429,11.922576
2011-10-20,14.118214,11.823573
2011-10-21,14.031071,11.750596
2011-10-24,14.491786,12.136430
2011-10-25,14.206071,11.897157
2011-10-26,14.307143,11.981798
2011-10-27,14.453214,12.104128
2011-10-28,14.462500,12.111905
2011-10-31,14.456429,12.106816
2011-11-01,14.161071,11.859468
2011-11-02,14.193214,11.886388
2011-11-03,14.395357,12.055673
2011-11-04,14.294286,11.971030
2011-11-07,14.276071,11.955775
2011-11-08,14.508214,12.150187
2011-11-09,14.117143,11.822678
2011-11-10,13.757857,11.521787
2011-11-11,13.736429,11.503841
2011-11-14,13.545000,11.343525
2011-11-15,13.886786,11.629763
2011-11-16,13.741786,11.508332
2011-11-17,13.478929,11.288194
2011-11-18,13.390714,11.214317
2011-11-21,13.178929,11.036953
2011-11-22,13.446786,11.261274
2011-11-23,13.106786,10.976532
2011-11-25,12.984643,10.874247
2011-11-28,13.432857,11.249611
2011-11-29,13.328571,11.162271
2011-11-30,13.650000,11.431460
2011-12-01,13.854643,11.602844
2011-12-02,13.917857,11.655787
2011-12-05,14.036071,11.754785
2011-12-06,13.962500,11.693172
2011-12-07,13.896071,11.637537
2011-12-08,13.952143,11.684502
2011-12-09,14.057857,11.773028
2011-12-12,13.994286,11.719790
2011-12-13,13.886071,11.629162
2011-12-14,13.578214,11.371341
2011-12-15,13.533571,11.333954
2011-12-16,13.607857,11.396165
2011-12-19,13.650357,11.431761
2011-12-20,14.141071,11.842718
2011-12-21,14.158929,11.857671
2011-12-22,14.233929,11.920485
2011-12-23,14.404643,12.063454
2011-12-27,14.518929,12.159160
2011-12-28,14.380000,12.042814
2011-12-29,14.468571,12.116989
2011-12-30,14.464286,12.113404
2012-01-03,14.686786,12.299737
2012-01-04,14.765714,12.365839
2012-01-05,14.929643,12.503123
2012-01-06,15.085714,12.633829
2012-01-09,15.061786,12.613788
2012-01-10,15.115714,12.658957
2012-01-11,15.091071,12.638317
2012-01-12,15.049643,12.603620
2012-01-13,14.993214,12.556363
2012-01-17,15.167857,12.702617
2012-01-18,15.325357,12.834521
2012-01-19,15.276786,12.793841
2012-01-20,15.010714,12.571019
2012-01-23,15.264643,12.783674
2012-01-24,15.014643,12.574306
2012-01-25,15.952143,13.359437
2012-01-26,15.879643,13.298719
2012-01-27,15.974286,13.377979
2012-01-30,16.178928,13.549360
2012-01-31,16.302856,13.653148
2012-02-01,16.292500,13.644474
2012-02-02,16.254286,13.612472
2012-02-03,16.417143,13.748860
2012-02-06,16.570356,13.877171
2012-02-07,16.743929,14.022534
2012-02-08,17.024286,14.257325
2012-02-09,17.613214,14.750529
2012-02-10,17.622143,14.758011
2012-02-13,17.950001,15.032580
2012-02-14,18.195000,15.237764
2012-02-15,17.773930,14.885124
2012-02-16,17.936071,15.020918
2012-02-17,17.932858,15.018218
2012-02-21,18.387501,15.398975
2012-02-22,18.322857,15.344840
2012-02-23,18.442499,15.445027
2012-02-24,18.657499,15.625088
2012-02-27,18.777143,15.725286
2012-02-28,19.121786,16.013918
2012-02-29,19.372856,16.224176
2012-03-01,19.445356,16.284895
2012-03-02,19.470715,16.306124
2012-03-05,19.041430,15.946626
2012-03-06,18.937857,15.859883
2012-03-07,18.953215,15.872741
2012-03-08,19.356787,16.210720
2012-03-09,19.470358,16.305836
2012-03-12,19.714287,16.510117
2012-03-13,20.289286,16.991667
2012-03-14,21.056429,17.634119
2012-03-15,20.912857,17.513884
2012-03-16,20.913214,17.514177
2012-03-19,21.467857,17.978680
2012-03-20,21.641430,18.124043
2012-03-21,21.517857,18.020546
2012-03-22,21.405001,17.926041
2012-03-23,21.287500,17.827635
2012-03-26,21.677856,18.154549
2012-03-27,21.945715,18.378874
2012-03-28,22.057858,18.472786
2012-03-29,21.780714,18.240686
2012-03-30,21.412500,17.932320
2012-04-02,22.093929,18.502995
2012-04-03,22.475714,18.822727
2012-04-04,22.296785,18.672882
2012-04-05,22.631430,18.953135
2012-04-09,22.722500,19.029398
2012-04-10,22.444286,18.796406
2012-04-11,22.364286,18.729416
2012-04-12,22.241785,18.626823
2012-04-13,21.615356,18.102205
2012-04-16,20.718929,17.351480
2012-04-17,21.775000,18.235903
2012-04-18,21.726429,18.195229
2012-04-19,20.980000,17.570114
2012-04-20,20.463572,17.137625
2012-04-23,20.417856,17.099335
2012-04-24,20.010000,16.757769
2012-04-25,21.785713,18.244865
2012-04-26,21.703571,18.176083
2012-04-27,21.535713,18.035509
2012-04-30,20.856428,17.466627
2012-05-01,20.790358,17.411289
2012-05-02,20.927856,17.526438
2012-05-03,20.779285,17.402029
2012-05-04,20.187500,16.906416
2012-05-07,20.338572,17.032942
2012-05-08,20.292143,16.994055
2012-05-09,20.327856,17.023956
2012-05-10,20.375713,17.064047
2012-05-11,20.239643,16.950090
2012-05-14,19.936428,16.696152
2012-05-15,19.756071,16.545107
2012-05-16,19.502857,16.333050
2012-05-17,18.932858,15.855692
2012-05-18,18.942142,15.863467
2012-05-21,20.045713,16.787682
2012-05-22,19.891787,16.658760
2012-05-23,20.377144,17.065237
2012-05-24,20.190001,16.908512
2012-05-25,20.081785,16.817884
2012-05-29,20.438213,17.116385
2012-05-30,20.684643,17.322756
2012-05-31,20.633215,17.279692
2012-06-01,20.035357,16.779003
2012-06-04,20.153214,16.877712
2012-06-05,20.101070,16.834038
2012-06-06,20.409286,17.092161
2012-06-07,20.418571,17.099934
2012-06-08,20.725714,17.357161
2012-06-11,20.398930,17.083488
2012-06-12,20.577143,17.232737
2012-06-13,20.434286,17.113092
2012-06-14,20.411785,17.094248
2012-06-15,20.504642,17.172014
2012-06-18,20.920713,17.520464
2012-06-19,20.978930,17.569216
2012-06-20,20.919287,17.519262
2012-06-21,20.631071,17.277899
2012-06-22,20.789286,17.410395
2012-06-25,20.384644,17.071524
2012-06-26,20.429644,17.109209
2012-06-27,20.517857,17.183081
2012-06-28,20.323214,17.020077
2012-06-29,20.857143,17.467228
2012-07-02,21.161428,17.722059
2012-07-03,21.407499,17.928125
2012-07-05,21.783571,18.243082
2012-07-06,21.638571,18.121643
2012-07-09,21.924643,18.361225
2012-07-10,21.721786,18.191336
2012-07-11,21.586786,18.078281
2012-07-12,21.389286,17.912874
2012-07-13,21.606071,18.094431
2012-07-16,21.675358,18.152452
2012-07-17,21.676430,18.153362
2012-07-18,21.652143,18.133017
2012-07-19,21.940001,18.374086
2012-07-20,21.582144,18.074385
2012-07-23,21.565357,18.060326
2012-07-24,21.461430,17.973299
2012-07-25,20.534643,17.197145
2012-07-26,20.531429,17.194448
2012-07-27,20.898571,17.501921
2012-07-30,21.251072,17.797132
2012-07-31,21.812857,18.267611
2012-08-01,21.671785,18.149454
2012-08-02,21.706785,18.178762
2012-08-03,21.989286,18.415358
2012-08-06,22.233929,18.620237
2012-08-07,22.175358,18.571190
2012-08-08,22.137857,18.539783
2012-08-09,22.168928,18.645514
2012-08-10,22.203571,18.674656
2012-08-13,22.500000,18.923965
2012-08-14,22.560356,18.974745
2012-08-15,22.529642,18.948902
2012-08-16,22.726429,19.114407
2012-08-17,23.146786,19.467960
2012-08-20,23.755358,19.979807
2012-08-21,23.430714,19.706764
2012-08-22,23.888214,20.091549
2012-08-23,23.665358,19.904112
2012-08-24,23.686428,19.921831
2012-08-27,24.131430,20.296110
2012-08-28,24.100000,20.269669
2012-08-29,24.052500,20.229727
2012-08-30,23.709642,19.941360
2012-08-31,23.758572,19.982512
2012-09-04,24.106071,20.274782
2012-09-05,23.936787,20.132401
2012-09-06,24.152500,20.313833
2012-09-07,24.301430,20.439093
2012-09-10,23.669287,19.907425
2012-09-11,23.592501,19.842827
2012-09-12,23.921070,20.119181
2012-09-13,24.392143,20.515383
2012-09-14,24.688572,20.764702
2012-09-17,24.992144,21.020029
2012-09-18,25.068214,21.084013
2012-09-19,25.075001,21.089716
2012-09-20,24.953571,20.987589
2012-09-21,25.003214,21.029335
2012-09-24,24.671070,20.749981
2012-09-25,24.055000,20.231827
2012-09-26,23.756430,19.980709
2012-09-27,24.332857,20.465527
2012-09-28,23.825001,20.038380
2012-10-01,23.549643,19.806787
2012-10-02,23.618214,19.864458
2012-10-03,23.980356,20.169044
2012-10-04,23.814285,20.029369
2012-10-05,23.306786,19.602528
2012-10-08,22.791786,19.169380
2012-10-09,22.708929,19.099695
2012-10-10,22.889643,19.251682
2012-10-11,22.432142,18.866888
2012-10-12,22.489643,18.915260
2012-10-15,22.670000,19.066946
2012-10-16,23.206785,19.518425
2012-10-17,23.021786,19.362825
2012-10-18,22.594286,19.003265
2012-10-19,21.780001,18.318405
2012-10-22,22.643929,19.045025
2012-10-23,21.905714,18.424141
2012-10-24,22.029642,18.528378
2012-10-25,21.769285,18.309387
2012-10-26,21.571428,18.142981
2012-10-31,21.261429,17.882246
2012-11-01,21.305000,17.918896
2012-11-02,20.600000,17.325945
2012-11-05,20.879286,17.560844
2012-11-06,20.816071,17.507683
2012-11-07,19.928572,16.837784
2012-11-08,19.205357,16.226744
2012-11-09,19.537857,16.507668
2012-11-12,19.386786,16.380024
2012-11-13,19.389286,16.382139
2012-11-14,19.174286,16.200487
2012-11-15,18.772142,15.860703
2012-11-16,18.845715,15.922873
2012-11-19,20.204643,17.071047
2012-11-20,20.032499,16.925598
2012-11-21,20.060715,16.949430
2012-11-23,20.410713,17.245155
2012-11-26,21.054644,17.789215
2012-11-27,20.885000,17.645878
2012-11-28,20.819286,17.590361
2012-11-29,21.048571,17.784086
2012-11-30,20.902857,17.660961
2012-12-03,20.935356,17.688421
2012-12-04,20.566071,17.376411
2012-12-05,19.242500,16.258120
2012-12-06,19.544287,16.513098
2012-12-07,19.044643,16.090952
2012-12-10,18.922144,15.987443
2012-12-11,19.335358,16.336576
2012-12-12,19.250000,16.264450
2012-12-13,18.917500,15.983524
2012-12-14,18.206785,15.383034
2012-12-17,18.529642,15.655827
2012-12-18,19.067858,16.110558
2012-12-19,18.796785,15.881532
2012-12-20,18.633215,15.743329
2012-12-21,18.547501,15.670911
2012-12-24,18.577499,15.696258
2012-12-26,18.321428,15.479898
2012-12-27,18.395000,15.542059
2012-12-28,18.199642,15.377005
2012-12-31,19.006071,16.058355
2013-01-02,19.608213,16.567112
2013-01-03,19.360714,16.357992
2013-01-04,18.821428,15.902352
2013-01-07,18.710714,15.808806
2013-01-08,18.761070,15.851364
2013-01-09,18.467857,15.603623
2013-01-10,18.696787,15.797047
2013-01-11,18.582144,15.700180
2013-01-14,17.919643,15.140430
2013-01-15,17.354286,14.662755
2013-01-16,18.074642,15.271388
2013-01-17,17.952856,15.168494
2013-01-18,17.857143,15.087626
2013-01-22,18.027500,15.231558
2013-01-23,18.357500,15.510375
2013-01-24,16.089287,13.593945
2013-01-25,15.710000,13.273484
2013-01-28,16.065357,13.573730
2013-01-29,16.366785,13.828409
2013-01-30,16.315357,13.784956
2013-01-31,16.267500,13.744522
2013-02-01,16.200714,13.688094
2013-02-04,15.797143,13.347116
2013-02-05,16.351429,13.815437
2013-02-06,16.333929,13.800649
2013-02-07,16.722143,14.210999
2013-02-08,16.963572,14.416169
2013-02-11,17.140356,14.566408
2013-02-12,16.710714,14.201287
2013-02-13,16.678928,14.174268
2013-02-14,16.663929,14.161523
2013-02-15,16.434286,13.966366
2013-02-19,16.428213,13.961202
2013-02-20,16.030357,13.623094
2013-02-21,15.930714,13.538413
2013-02-22,16.100357,13.682583
2013-02-25,15.814286,13.439470
2013-02-26,16.034643,13.626736
2013-02-27,15.877500,13.493192
2013-02-28,15.764286,13.396980
2013-03-01,15.373929,13.065242
2013-03-04,15.001786,12.748981
2013-03-05,15.397857,13.085575
2013-03-06,15.202143,12.919252
2013-03-07,15.377857,13.068579
2013-03-08,15.418571,13.103178
2013-03-11,15.638214,13.289838
2013-03-12,15.301071,13.003325
2013-03-13,15.298214,13.000896
2013-03-14,15.446429,13.126854
2013-03-15,15.845000,13.465571
2013-03-18,16.275715,13.831605
2013-03-19,16.231787,13.794275
2013-03-20,16.145714,13.721128
2013-03-21,16.168928,13.740855
2013-03-22,16.496786,14.019481
2013-03-25,16.556429,14.070168
2013-03-26,16.469286,13.996110
2013-03-27,16.145714,13.721128
2013-03-28,15.809286,13.435221
2013-04-01,15.318214,13.017894
2013-04-02,15.349643,13.044601
2013-04-03,15.428214,13.111376
2013-04-04,15.275714,12.981776
2013-04-05,15.114286,12.844587
2013-04-08,15.221786,12.935947
2013-04-09,15.249286,12.959314
2013-04-10,15.560357,13.223675
2013-04-11,15.511786,13.182397
2013-04-12,15.350000,13.044905
2013-04-15,14.994643,12.742911
2013-04-16,15.222857,12.936857
2013-04-17,14.385714,12.225427
2013-04-18,14.001786,11.899149
2013-04-19,13.947500,11.853023
2013-04-22,14.238214,12.100076
2013-04-23,14.504643,12.326496
2013-04-24,14.480714,12.306159
2013-04-25,14.585000,12.394786
2013-04-26,14.900000,12.662482
2013-04-29,15.361429,13.054620
2013-04-30,15.813571,13.438866
2013-05-01,15.688929,13.332937
2013-05-02,15.911429,13.522026
2013-05-03,16.070715,13.657391
2013-05-06,16.453930,13.983061
2013-05-07,16.380714,13.920841
2013-05-08,16.565714,14.078058
2013-05-09,16.313213,13.955235
2013-05-10,16.177500,13.839142
2013-05-13,16.240713,13.893219
2013-05-14,15.852143,13.560813
2013-05-15,15.316071,13.102227
2013-05-16,15.520714,13.277288
2013-05-17,15.473571,13.236958
2013-05-20,15.818929,13.532402
2013-05-21,15.702143,13.432497
2013-05-22,15.762500,13.484128
2013-05-23,15.790714,13.508265
2013-05-24,15.898214,13.600225
2013-05-28,15.765714,13.486873
2013-05-29,15.891071,13.594112
2013-05-30,16.127857,13.796679
2013-05-31,16.061787,13.740152
2013-06-03,16.097143,13.770400
2013-06-04,16.046785,13.727325
2013-06-05,15.896786,13.599002
2013-06-06,15.659286,13.395829
2013-06-07,15.778929,13.498181
2013-06-10,15.674643,13.408967
2013-06-11,15.628571,13.369559
2013-06-12,15.435357,13.204268
2013-06-13,15.570000,13.319449
2013-06-14,15.358929,13.138889
2013-06-17,15.428571,13.198465
2013-06-18,15.420357,13.191437
2013-06-19,15.107143,12.923500
2013-06-20,14.887143,12.735298
2013-06-21,14.767857,12.633255
2013-06-24,14.376429,12.298403
2013-06-25,14.379643,12.301154
2013-06-26,14.216786,12.161838
2013-06-27,14.063571,12.030766
2013-06-28,14.161786,12.114786
2013-07-01,14.615000,12.502491
2013-07-02,14.946071,12.785707
2013-07-03,15.028571,12.856282
2013-07-05,14.907857,12.753016
2013-07-08,14.823214,12.680610
2013-07-09,15.083929,12.903636
2013-07-10,15.026071,12.854142
2013-07-11,15.260357,13.054567
2013-07-12,15.232500,13.030732
2013-07-15,15.265714,13.059148
2013-07-16,15.364286,13.143474
2013-07-17,15.368214,13.146832
2013-07-18,15.420000,13.191134
2013-07-19,15.176786,12.983076
2013-07-22,15.225357,13.024626
2013-07-23,14.963929,12.800984
2013-07-24,15.732500,13.458467
2013-07-25,15.660714,13.397055
2013-07-26,15.749643,13.473127
2013-07-29,15.992500,13.680881
2013-07-30,16.190001,13.849837
2013-07-31,16.161785,13.825700
2013-08-01,16.309999,13.952491
2013-08-02,16.519285,14.131525
2013-08-05,16.766071,14.342637
2013-08-06,16.616072,14.214320
2013-08-07,16.606428,14.206075
2013-08-08,16.464643,14.177779
2013-08-09,16.230356,13.976031
2013-08-12,16.691429,14.373067
2013-08-13,17.484644,15.056101
2013-08-14,17.803572,15.330732
2013-08-15,17.782499,15.312586
2013-08-16,17.940357,15.448519
2013-08-19,18.133572,15.614900
2013-08-20,17.895357,15.409781
2013-08-21,17.941429,15.449448
2013-08-22,17.962856,15.467896
2013-08-23,17.893572,15.408237
2013-08-26,17.963215,15.468200
2013-08-27,17.449642,15.025966
2013-08-28,17.532143,15.097007
2013-08-29,17.560715,15.121610
2013-08-30,17.400715,14.983832
2013-09-03,17.449286,15.025653
2013-09-04,17.810356,15.336576
2013-09-05,17.688213,15.231400
2013-09-06,17.793571,15.322122
2013-09-09,18.077499,15.566615
2013-09-10,17.665714,15.212025
2013-09-11,16.703930,14.383828
2013-09-12,16.881786,14.536980
2013-09-13,16.603571,14.297409
2013-09-16,16.075714,13.842872
2013-09-17,16.261429,14.002791
2013-09-18,16.595715,14.290646
2013-09-19,16.867857,14.524985
2013-09-20,16.693214,14.374603
2013-09-23,17.522858,15.089008
2013-09-24,17.467857,15.041648
2013-09-25,17.197500,14.808841
2013-09-26,17.365000,14.953080
2013-09-27,17.241072,14.846363
2013-09-30,17.026787,14.661840
2013-10-01,17.427143,15.006595
2013-10-02,17.484285,15.055796
2013-10-03,17.264643,14.866661
2013-10-04,17.251072,14.854975
2013-10-07,17.419643,15.000136
2013-10-08,17.176430,14.790703
2013-10-09,17.378214,14.964450
2013-10-10,17.487143,15.058258
2013-10-11,17.600357,15.155746
2013-10-14,17.715714,15.255076
2013-10-15,17.809999,15.336274
2013-10-16,17.896786,15.410999
2013-10-17,18.017857,15.515258
2013-10-18,18.174643,15.650259
2013-10-21,18.620001,16.033764
2013-10-22,18.566786,15.987948
2013-10-23,18.748571,16.144478
2013-10-24,18.996786,16.358221
2013-10-25,18.784286,16.175232
2013-10-28,18.924286,16.295788
2013-10-29,18.452856,15.889835
2013-10-30,18.746429,16.142639
2013-10-31,18.667856,16.074974
2013-11-01,18.572500,15.992868
2013-11-04,18.812500,16.199522
2013-11-05,18.766071,16.159548
2013-11-06,18.604286,16.113768
2013-11-07,18.303213,15.853000
2013-11-08,18.591429,16.102633
2013-11-11,18.537500,16.055918
2013-11-12,18.571787,16.085621
2013-11-13,18.593929,16.104803
2013-11-14,18.862858,16.337721
2013-11-15,18.749643,16.239668
2013-11-18,18.522499,16.042933
2013-11-19,18.555357,16.071390
2013-11-20,18.392857,15.930637
2013-11-21,18.612143,16.120577
2013-11-22,18.564285,16.079123
2013-11-25,18.705000,16.200993
2013-11-26,19.049999,16.499811
2013-11-27,19.498571,16.888338
2013-11-29,19.859644,17.201077
2013-12-02,19.686787,17.051355
2013-12-03,20.225714,17.518139
2013-12-04,20.178572,17.477308
2013-12-05,20.282143,17.567013
2013-12-06,20.000713,17.323259
2013-12-09,20.229643,17.521542
2013-12-10,20.198214,17.494318
2013-12-11,20.048571,17.364704
2013-12-12,20.019285,17.339344
2013-12-13,19.801071,17.150349
2013-12-16,19.910713,17.245308
2013-12-17,19.821072,17.167675
2013-12-18,19.670357,17.037130
2013-12-19,19.445000,16.841934
2013-12-20,19.607857,16.982996
2013-12-23,20.360357,17.634756
2013-12-24,20.273930,17.559902
2013-12-26,20.139286,17.443275
2013-12-27,20.003214,17.325418
2013-12-30,19.804285,17.153124
2013-12-31,20.036428,17.354183
2014-01-02,19.754642,17.110126
2014-01-03,19.320715,16.734295
2014-01-06,19.426071,16.825544
2014-01-07,19.287144,16.705214
2014-01-08,19.409286,16.811003
2014-01-09,19.161428,16.596329
2014-01-10,19.033571,16.485590
2014-01-13,19.133215,16.571888
2014-01-14,19.513929,16.901638
2014-01-15,19.905714,17.240978
2014-01-16,19.794643,17.144772
2014-01-17,19.309643,16.724707
2014-01-21,19.609644,16.984539
2014-01-22,19.696787,17.060017
2014-01-23,19.863571,17.204473
2014-01-24,19.502501,16.891737
2014-01-27,19.660713,17.028772
2014-01-28,18.089287,15.667711
2014-01-29,17.883928,15.489839
2014-01-30,17.849285,15.459835
2014-01-31,17.878571,15.485206
2014-02-03,17.911785,15.513971
2014-02-04,18.171070,15.738549
2014-02-05,18.306786,15.856093
2014-02-06,18.303928,15.948514
2014-02-07,18.559999,16.171637
2014-02-10,18.892500,16.461348
2014-02-11,19.141430,16.678249
2014-02-12,19.139999,16.676998
2014-02-13,19.443930,16.941818
2014-02-14,19.428213,16.928125
2014-02-18,19.499643,16.990366
2014-02-19,19.191786,16.722113
2014-02-20,18.969643,16.528570
2014-02-21,18.758928,16.344963
2014-02-24,18.841070,16.416533
2014-02-25,18.645000,16.245693
2014-02-26,18.476786,16.099131
2014-02-27,18.845358,16.420273
2014-02-28,18.794287,16.375774
2014-03-03,18.848572,16.423075
2014-03-04,18.972857,16.531361
2014-03-05,19.012857,16.566210
2014-03-06,18.955357,16.516123
2014-03-07,18.944286,16.506475
2014-03-10,18.961430,16.521406
2014-03-11,19.146070,16.682285
2014-03-12,19.164642,16.698471
2014-03-13,18.951786,16.513004
2014-03-14,18.738930,16.327536
2014-03-17,18.812143,16.391327
2014-03-18,18.978571,16.536345
2014-03-19,18.973572,16.531990
2014-03-20,18.882143,16.452328
2014-03-21,19.031071,16.582081
2014-03-24,19.256786,16.778757
2014-03-25,19.463928,16.959242
2014-03-26,19.277857,16.797112
2014-03-27,19.195000,16.724922
2014-03-28,19.173571,16.706247
2014-03-31,19.169287,16.702524
2014-04-01,19.344643,16.855303
2014-04-02,19.376785,16.883310
2014-04-03,19.242500,16.766312
2014-04-04,18.993570,16.549416
2014-04-07,18.695356,16.289574
2014-04-08,18.694286,16.288641
2014-04-09,18.940001,16.502731
2014-04-10,18.695715,16.289888
2014-04-11,18.557501,16.169460
2014-04-14,18.631430,16.233875
2014-04-15,18.498571,16.118107
2014-04-16,18.536072,16.150785
2014-04-17,18.747856,16.335316
2014-04-21,18.970358,16.529182
2014-04-22,18.989286,16.545681
2014-04-23,18.741072,16.329401
2014-04-24,20.277500,17.668112
2014-04-25,20.426430,17.797888
2014-04-28,21.217501,18.487162
2014-04-29,21.154642,18.432392
2014-04-30,21.074642,18.362688
2014-05-01,21.124287,18.405945
2014-05-02,21.163570,18.440180
2014-05-05,21.462856,18.700945
2014-05-06,21.228930,18.497118
2014-05-07,21.154642,18.432392
2014-05-08,20.999643,18.399525
2014-05-09,20.912144,18.322866
2014-05-12,21.172501,18.550989
2014-05-13,21.205713,18.580088
2014-05-14,21.209642,18.583527
2014-05-15,21.029285,18.425508
2014-05-16,21.339643,18.697441
2014-05-19,21.592501,18.918980
2014-05-20,21.596786,18.922735
2014-05-21,21.653929,18.972805
2014-05-22,21.688213,19.002850
2014-05-23,21.933214,19.217512
2014-05-27,22.343929,19.577366
2014-05-28,22.286072,19.526690
2014-05-29,22.692142,19.882477
2014-05-30,22.607143,19.808002
2014-06-02,22.451786,19.671875
2014-06-03,22.769285,19.950060
2014-06-04,23.029285,20.177870
2014-06-05,23.119642,20.257042
2014-06-06,23.056070,20.201344
2014-06-09,23.424999,20.524590
2014-06-10,23.562500,20.645065
2014-06-11,23.465000,20.559631
2014-06-12,23.072500,20.215744
2014-06-13,22.820000,19.994493
2014-06-16,23.049999,20.196020
2014-06-17,23.020000,20.169739
2014-06-18,23.045000,20.191643
2014-06-19,22.965000,20.121550
2014-06-20,22.727501,19.913452
2014-06-23,22.707500,19.895933
2014-06-24,22.570000,19.775455
2014-06-25,22.590000,19.792974
2014-06-26,22.725000,19.911264
2014-06-27,22.995001,20.147831
2014-06-30,23.232500,20.355921
2014-07-01,23.379999,20.485159
2014-07-02,23.370001,20.476397
2014-07-03,23.507500,20.596874
2014-07-07,23.992500,21.021826
2014-07-08,23.837500,20.886013
2014-07-09,23.847500,20.894775
2014-07-10,23.760000,20.818110
2014-07-11,23.805000,20.857534
2014-07-14,24.112499,21.126966
2014-07-15,23.830000,20.879442
2014-07-16,23.695000,20.761154
2014-07-17,23.272499,20.390966
2014-07-18,23.607500,20.684496
2014-07-21,23.485001,20.577164
2014-07-22,23.680000,20.748013
2014-07-23,24.297501,21.289057
2014-07-24,24.257500,21.254013
2014-07-25,24.417500,21.394203
2014-07-28,24.754999,21.689913
2014-07-29,24.594999,21.549730
2014-07-30,24.537500,21.499348
2014-07-31,23.900000,20.940771
2014-08-01,24.032499,21.056871
2014-08-04,23.897499,20.938589
2014-08-05,23.780001,20.835632
2014-08-06,23.740000,20.800581
2014-08-07,23.620001,20.798389
2014-08-08,23.684999,20.855619
2014-08-11,23.997499,21.130789
2014-08-12,23.992500,21.126387
2014-08-13,24.309999,21.405964
2014-08-14,24.375000,21.463192
2014-08-15,24.495001,21.568859
2014-08-18,24.790001,21.828617
2014-08-19,25.132500,22.130207
2014-08-20,25.142500,22.139009
2014-08-21,25.145000,22.141212
2014-08-22,25.330000,22.304113
2014-08-25,25.385000,22.352543
2014-08-26,25.222500,22.209461
2014-08-27,25.532499,22.482418
2014-08-28,25.562500,22.508833
2014-08-29,25.625000,22.563875
2014-09-02,25.825001,22.739983
2014-09-03,24.735001,21.780188
2014-09-04,24.530001,21.599680
2014-09-05,24.742500,21.786802
2014-09-08,24.590000,21.652514
2014-09-09,24.497499,21.571056
2014-09-10,25.250000,22.233673
2014-09-11,25.357500,22.328327
2014-09-12,25.415001,22.378956
2014-09-15,25.407499,22.372356
2014-09-16,25.215000,22.202852
2014-09-17,25.395000,22.361355
2014-09-18,25.447500,22.407579
2014-09-19,25.240000,22.224859
2014-09-22,25.264999,22.246878
2014-09-23,25.660000,22.594685
2014-09-24,25.437500,22.398766
2014-09-25,24.467501,21.544643
2014-09-26,25.187500,22.178627
2014-09-29,25.027500,22.037756
2014-09-30,25.187500,22.178627
2014-10-01,24.795000,21.833025
2014-10-02,24.975000,21.991518
2014-10-03,24.905001,21.929888
2014-10-06,24.905001,21.929888
2014-10-07,24.687500,21.738359
2014-10-08,25.200001,22.189642
2014-10-09,25.254999,22.238073
2014-10-10,25.182501,22.174238
2014-10-13,24.952499,21.971708
2014-10-14,24.687500,21.738359
2014-10-15,24.385000,21.472000
2014-10-16,24.065001,21.190226
2014-10-17,24.417500,21.500622
2014-10-20,24.940001,21.960703
2014-10-21,25.617500,22.557268
2014-10-22,25.747499,22.671738
2014-10-23,26.207500,23.076786
2014-10-24,26.305000,23.162640
2014-10-27,26.277500,23.138424
2014-10-28,26.684999,23.497244
2014-10-29,26.834999,23.629324
2014-10-30,26.745001,23.550076
2014-10-31,27.000000,23.774614
2014-11-03,27.350000,24.082809
2014-11-04,27.150000,23.906693
2014-11-05,27.215000,23.963934
2014-11-06,27.174999,24.032471
2014-11-07,27.252501,24.101013
2014-11-10,27.207500,24.061213
2014-11-11,27.424999,24.253565
2014-11-12,27.812500,24.596251
2014-11-13,28.205000,24.943359
2014-11-14,28.545000,25.244041
2014-11-17,28.497499,25.202038
2014-11-18,28.867500,25.529247
2014-11-19,28.667500,25.352369
2014-11-20,29.077499,25.714964
2014-11-21,29.117500,25.750341
2014-11-24,29.657499,26.227900
2014-11-25,29.400000,26.000170
2014-11-26,29.750000,26.309696
2014-11-28,29.732500,26.294222
2014-12-01,28.767500,25.440813
2014-12-02,28.657499,25.343533
2014-12-03,28.982500,25.630955
2014-12-04,28.872499,25.533672
2014-12-05,28.750000,25.425341
2014-12-08,28.100000,24.850492
2014-12-09,28.530001,25.230778
2014-12-10,27.987499,24.751017
2014-12-11,27.905001,24.678055
2014-12-12,27.432501,24.260193
2014-12-15,27.057501,23.928562
2014-12-16,26.687500,23.601345
2014-12-17,27.352501,24.189440
2014-12-18,28.162500,24.905777
2014-12-19,27.945000,24.713427
2014-12-22,28.235001,24.969889
2014-12-23,28.135000,24.881454
2014-12-24,28.002501,24.764275
2014-12-26,28.497499,25.202038
2014-12-29,28.477501,25.184347
2014-12-30,28.129999,24.877033
2014-12-31,27.594999,24.403902
2015-01-02,27.332500,24.171755
2015-01-05,26.562500,23.490795
2015-01-06,26.565001,23.493013
2015-01-07,26.937500,23.822422
2015-01-08,27.972500,24.737745
2015-01-09,28.002501,24.764275
2015-01-12,27.312500,24.154072
2015-01-13,27.555000,24.368525
2015-01-14,27.450001,24.275667
2015-01-15,26.705000,23.616819
2015-01-16,26.497499,23.433317
2015-01-20,27.180000,24.036888
2015-01-21,27.387501,24.220396
2015-01-22,28.100000,24.850492
2015-01-23,28.245001,24.978733
2015-01-26,28.275000,25.005264
2015-01-27,27.285000,24.129753
2015-01-28,28.827499,25.493870
2015-01-29,29.725000,26.287596
2015-01-30,29.290001,25.902889
2015-02-02,29.657499,26.227900
2015-02-03,29.662500,26.232311
2015-02-04,29.889999,26.433504
2015-02-05,29.985001,26.622175
2015-02-06,29.732500,26.397995
2015-02-09,29.930000,26.573345
2015-02-10,30.504999,27.083855
2015-02-11,31.219999,27.718662
2015-02-12,31.615000,28.069372
2015-02-13,31.770000,28.206984
2015-02-17,31.957500,28.373455
2015-02-18,32.180000,28.571007
2015-02-19,32.112499,28.511072
2015-02-20,32.375000,28.744137
2015-02-23,33.250000,29.521006
2015-02-24,33.042500,29.336773
2015-02-25,32.197498,28.586548
2015-02-26,32.605000,28.948334
2015-02-27,32.115002,28.513294
2015-03-02,32.272499,28.653128
2015-03-03,32.340000,28.713060
2015-03-04,32.134998,28.531050
2015-03-05,31.602501,28.058268
2015-03-06,31.650000,28.100445
2015-03-09,31.785000,28.220308
2015-03-10,31.127501,27.636545
2015-03-11,30.559999,27.132687
2015-03-12,31.112499,27.623228
2015-03-13,30.897499,27.432333
2015-03-16,31.237499,27.734207
2015-03-17,31.760000,28.198107
2015-03-18,32.117500,28.515518
2015-03-19,31.875000,28.300213
2015-03-20,31.475000,27.945082
2015-03-23,31.802500,28.235836
2015-03-24,31.672501,28.120419
2015-03-25,30.844999,27.385725
2015-03-26,31.059999,27.576611
2015-03-27,30.812500,27.356867
2015-03-30,31.592501,28.049397
2015-03-31,31.107500,27.618780
2015-04-01,31.062500,27.578831
2015-04-02,31.330000,27.816336
2015-04-06,31.837500,28.266920
2015-04-07,31.502501,27.969492
2015-04-08,31.400000,27.878477
2015-04-09,31.639999,28.091564
2015-04-10,31.775000,28.211433
2015-04-13,31.712500,28.155935
2015-04-14,31.575001,28.033854
2015-04-15,31.695000,28.140392
2015-04-16,31.542500,28.005001
2015-04-17,31.187500,27.689821
2015-04-20,31.900000,28.322407
2015-04-21,31.727501,28.169252
2015-04-22,32.154999,28.548807
2015-04-23,32.417500,28.781866
2015-04-24,32.570000,28.917271
2015-04-27,33.162498,29.443312
2015-04-28,32.639999,28.979420
2015-04-29,32.160000,28.553249
2015-04-30,31.287500,27.778595
2015-05-01,32.237499,28.622057
2015-05-04,32.174999,28.566561
2015-05-05,31.450001,27.922878
2015-05-06,31.252501,27.747528
2015-05-07,31.315001,27.919149
2015-05-08,31.905001,28.445173
2015-05-11,31.580000,28.155413
2015-05-12,31.467501,28.055119
2015-05-13,31.502501,28.086321
2015-05-14,32.237499,28.741610
2015-05-15,32.192501,28.701488
2015-05-18,32.547501,29.018000
2015-05-19,32.517502,28.991247
2015-05-20,32.514999,28.989016
2015-05-21,32.847500,29.285469
2015-05-22,33.134998,29.541786
2015-05-26,32.404999,28.890951
2015-05-27,33.009998,29.430346
2015-05-28,32.945000,29.372395
2015-05-29,32.570000,29.038059
2015-06-01,32.634998,29.096004
2015-06-02,32.490002,28.966743
2015-06-03,32.529999,29.002398
2015-06-04,32.340000,28.832996
2015-06-05,32.162498,28.674742
2015-06-08,31.950001,28.485296
2015-06-09,31.855000,28.400593
2015-06-10,32.220001,28.726009
2015-06-11,32.147499,28.661371
2015-06-12,31.792500,28.344864
2015-06-15,31.730000,28.289146
2015-06-16,31.900000,28.440718
2015-06-17,31.825001,28.373846
2015-06-18,31.969999,28.503120
2015-06-19,31.650000,28.217815
2015-06-22,31.902500,28.442942
2015-06-23,31.757500,28.313663
2015-06-24,32.027500,28.554388
2015-06-25,31.875000,28.418425
2015-06-26,31.687500,28.251253
2015-06-29,31.132500,27.756441
2015-06-30,31.357500,27.957045
2015-07-01,31.650000,28.217815
2015-07-02,31.610001,28.182156
2015-07-06,31.500000,28.084087
2015-07-07,31.422501,28.014992
2015-07-08,30.642500,27.319580
2015-07-09,30.017500,26.762358
2015-07-10,30.820000,27.477831
2015-07-13,31.415001,28.008310
2015-07-14,31.402500,27.997156
2015-07-15,31.705000,28.266855
2015-07-16,32.127499,28.643539
2015-07-17,32.404999,28.890951
2015-07-20,33.017502,29.437023
2015-07-21,32.687500,29.142813
2015-07-22,31.305000,27.910234
2015-07-23,31.290001,27.896858
2015-07-24,31.125000,27.749750
2015-07-27,30.692499,27.364153
2015-07-28,30.844999,27.500118
2015-07-29,30.747499,27.413197
2015-07-30,30.592501,27.275000
2015-07-31,30.325001,27.036509
2015-08-03,29.610001,26.399042
2015-08-04,28.660000,25.552059
2015-08-05,28.850000,25.721460
2015-08-06,28.782499,25.777433
2015-08-07,28.879999,25.864756
2015-08-10,29.930000,26.805122
2015-08-11,28.372499,25.410236
2015-08-12,28.809999,25.802063
2015-08-13,28.787500,25.781908
2015-08-14,28.990000,25.963263
2015-08-17,29.290001,26.231945
2015-08-18,29.125000,26.084175
2015-08-19,28.752501,25.750565
2015-08-20,28.162500,25.222166
2015-08-21,26.440001,23.679504
2015-08-24,25.780001,23.088411
2015-08-25,25.934999,23.227230
2015-08-26,27.422501,24.559425
2015-08-27,28.230000,25.282614
2015-08-28,28.322500,25.365458
2015-08-31,28.190001,25.246796
2015-09-01,26.930000,24.118341
2015-09-02,28.084999,25.152760
2015-09-03,27.592501,24.711679
2015-09-04,27.317499,24.465387
2015-09-08,28.077499,25.146042
2015-09-09,27.537500,24.662422
2015-09-10,28.142500,25.204254
2015-09-11,28.552500,25.571445
2015-09-14,28.827499,25.817732
2015-09-15,29.070000,26.034912
2015-09-16,29.102501,26.064026
2015-09-17,28.480000,25.506517
2015-09-18,28.362499,25.401281
2015-09-21,28.802500,25.795340
2015-09-22,28.350000,25.390089
2015-09-23,28.580000,25.596071
2015-09-24,28.750000,25.748323
2015-09-25,28.677500,25.683395
2015-09-28,28.110001,25.175150
2015-09-29,27.264999,24.418373
2015-09-30,27.575001,24.696005
2015-10-01,27.395000,24.534798
2015-10-02,27.594999,24.713917
2015-10-05,27.695000,24.803473
2015-10-06,27.827499,24.922142
2015-10-07,27.695000,24.803473
2015-10-08,27.375000,24.516886
2015-10-09,28.030001,25.103498
2015-10-12,27.900000,24.987072
2015-10-13,27.947500,25.029612
2015-10-14,27.552500,24.675858
2015-10-15,27.965000,25.045280
2015-10-16,27.760000,24.861691
2015-10-19,27.932501,25.016186
2015-10-20,28.442499,25.472933
2015-10-21,28.440001,25.470692
2015-10-22,28.875000,25.860270
2015-10-23,29.770000,26.661835
2015-10-26,28.820000,25.811022
2015-10-27,28.637501,25.647572
2015-10-28,29.817499,26.704374
2015-10-29,30.132500,26.986485
2015-10-30,29.875000,26.755875
2015-11-02,30.295000,27.132019
2015-11-03,30.642500,27.443239
2015-11-04,30.500000,27.315619
2015-11-05,30.230000,27.189697
2015-11-06,30.264999,27.221170
2015-11-09,30.142500,27.110994
2015-11-10,29.192499,26.256540
2015-11-11,29.027500,26.108139
2015-11-12,28.930000,26.020433
2015-11-13,28.084999,25.260429
2015-11-16,28.545000,25.674158
2015-11-17,28.422501,25.563978
2015-11-18,29.322500,26.373461
2015-11-19,29.695000,26.708496
2015-11-20,29.825001,26.825422
2015-11-23,29.437500,26.476894
2015-11-24,29.719999,26.730988
2015-11-25,29.507500,26.539856
2015-11-27,29.452499,26.490387
2015-11-30,29.575001,26.600567
2015-12-01,29.334999,26.384708
2015-12-02,29.070000,26.146357
2015-12-03,28.799999,25.903513
2015-12-04,29.757500,26.764711
2015-12-07,29.570000,26.596069
2015-12-08,29.557501,26.584827
2015-12-09,28.905001,25.997950
2015-12-10,29.042500,26.121628
2015-12-11,28.295000,25.449303
2015-12-14,28.120001,25.291897
2015-12-15,27.622499,24.844442
2015-12-16,27.834999,25.035561
2015-12-17,27.245001,24.504904
2015-12-18,26.507500,23.841579
2015-12-21,26.832500,24.133890
2015-12-22,26.807501,24.111408
2015-12-23,27.152500,24.421707
2015-12-24,27.007500,24.291292
2015-12-28,26.705000,24.019215
2015-12-29,27.184999,24.450937
2015-12-30,26.830000,24.131645
2015-12-31,26.315001,23.668436
2016-01-04,26.337500,23.688673
2016-01-05,25.677500,23.095049
2016-01-06,25.174999,22.643087
2016-01-07,24.112499,21.687443
2016-01-08,24.240000,21.802126
2016-01-11,24.632500,22.155149
2016-01-12,24.990000,22.476690
2016-01-13,24.347500,21.898806
2016-01-14,24.879999,22.377754
2016-01-15,24.282499,21.840343
2016-01-19,24.165001,21.734661
2016-01-20,24.197500,21.763905
2016-01-21,24.075001,21.653717
2016-01-22,25.355000,22.804987
2016-01-25,24.860001,22.359764
2016-01-26,24.997499,22.483442
2016-01-27,23.355000,21.006128
2016-01-28,23.522499,21.156786
2016-01-29,24.334999,21.887568
2016-02-01,24.107500,21.682953
2016-02-02,23.620001,21.244482
2016-02-03,24.087500,21.664965
2016-02-04,24.150000,21.839035
2016-02-05,23.504999,21.255762
2016-02-08,23.752501,21.479578
2016-02-09,23.747499,21.475056
2016-02-10,23.567499,21.312283
2016-02-11,23.424999,21.183418
2016-02-12,23.497499,21.248974
2016-02-16,24.160000,21.848078
2016-02-17,24.530001,22.182678
2016-02-18,24.065001,21.762175
2016-02-19,24.010000,21.712439
2016-02-22,24.219999,21.902338
2016-02-23,23.672501,21.407234
2016-02-24,24.025000,21.726004
2016-02-25,24.190001,21.875216
2016-02-26,24.227501,21.909126
2016-02-29,24.172501,21.859386
2016-03-01,25.132500,22.727520
2016-03-02,25.187500,22.777256
2016-03-03,25.375000,22.946814
2016-03-04,25.752501,23.288197
2016-03-07,25.467501,23.030464
2016-03-08,25.257500,22.840565
2016-03-09,25.280001,22.860909
2016-03-10,25.292500,22.872219
2016-03-11,25.565001,23.118633
2016-03-14,25.629999,23.177416
2016-03-15,26.145000,23.643133
2016-03-16,26.492500,23.957382
2016-03-17,26.450001,23.918953
2016-03-18,26.480000,23.946074
2016-03-21,26.477501,23.943815
2016-03-22,26.680000,24.126942
2016-03-23,26.532499,23.993551
2016-03-24,26.417500,23.889561
2016-03-28,26.297501,23.781036
2016-03-29,26.920000,24.343971
2016-03-30,27.389999,24.769001
2016-03-31,27.247499,24.640131
2016-04-01,27.497499,24.866217
2016-04-04,27.780001,25.121681
2016-04-05,27.452499,24.825518
2016-04-06,27.740000,25.085508
2016-04-07,27.135000,24.538403
2016-04-08,27.165001,24.565529
2016-04-11,27.254999,24.646910
2016-04-12,27.610001,24.967949
2016-04-13,28.010000,25.329666
2016-04-14,28.025000,25.343231
2016-04-15,27.462500,24.834557
2016-04-18,26.870001,24.298758
2016-04-19,26.727501,24.169899
2016-04-20,26.782499,24.219629
2016-04-21,26.492500,23.957382
2016-04-22,26.420000,23.891811
2016-04-25,26.270000,23.756176
2016-04-26,26.087500,23.591135
2016-04-27,24.455000,22.114855
2016-04-28,23.707500,21.438887
2016-04-29,23.434999,21.192461
2016-05-02,23.410000,21.169847
2016-05-03,23.795000,21.518011
2016-05-04,23.547501,21.294197
2016-05-05,23.309999,21.207758
2016-05-06,23.180000,21.089485
2016-05-09,23.197500,21.105415
2016-05-10,23.355000,21.248703
2016-05-11,23.127501,21.041725
2016-05-12,22.584999,20.548145
2016-05-13,22.629999,20.589083
2016-05-16,23.469999,21.353334
2016-05-17,23.372499,21.264624
2016-05-18,23.639999,21.507999
2016-05-19,23.549999,21.426121
2016-05-20,23.805000,21.658121
2016-05-23,24.107500,21.933340
2016-05-24,24.475000,22.267700
2016-05-25,24.905001,22.658915
2016-05-26,25.102501,22.838600
2016-05-27,25.087500,22.824957
2016-05-31,24.965000,22.713503
2016-06-01,24.615000,22.395065
2016-06-02,24.430000,22.226755
2016-06-03,24.480000,22.272249
2016-06-06,24.657499,22.433739
2016-06-07,24.757500,22.524715
2016-06-08,24.735001,22.504240
2016-06-09,24.912500,22.665737
2016-06-10,24.707500,22.479229
2016-06-13,24.334999,22.140322
2016-06-14,24.365000,22.167616
2016-06-15,24.285000,22.094831
2016-06-16,24.387501,22.188080
2016-06-17,23.832500,21.683136
2016-06-20,23.775000,21.630823
2016-06-21,23.977501,21.815063
2016-06-22,23.887501,21.733183
2016-06-23,24.025000,21.858278
2016-06-24,23.350000,21.244152
2016-06-27,23.010000,20.934816
2016-06-28,23.397499,21.287369
2016-06-29,23.600000,21.471607
2016-06-30,23.900000,21.744549
2016-07-01,23.972500,21.810513
2016-07-05,23.747499,21.605804
2016-07-06,23.882500,21.728626
2016-07-07,23.985001,21.821882
2016-07-08,24.170000,21.990202
2016-07-11,24.245001,22.058437
2016-07-12,24.355000,22.158518
2016-07-13,24.217501,22.033419
2016-07-14,24.697500,22.470129
2016-07-15,24.695000,22.467850
2016-07-18,24.957500,22.706682
2016-07-19,24.967501,22.715778
2016-07-20,24.990000,22.736244
2016-07-21,24.857500,22.615700
2016-07-22,24.665001,22.440556
2016-07-25,24.334999,22.140322
2016-07-26,24.167500,21.987925
2016-07-27,25.737499,23.416336
2016-07-28,26.084999,23.732498
2016-07-29,26.052500,23.702932
2016-08-01,26.512501,24.121445
2016-08-02,26.120001,23.764343
2016-08-03,26.447500,24.062302
2016-08-04,26.467501,24.210951
2016-08-05,26.870001,24.579130
2016-08-08,27.092501,24.782667
2016-08-09,27.202499,24.883286
2016-08-10,27.000000,24.698046
2016-08-11,26.982500,24.682039
2016-08-12,27.045000,24.739212
2016-08-15,27.370001,25.036505
2016-08-16,27.344999,25.013632
2016-08-17,27.305000,24.977041
2016-08-18,27.270000,24.945034
2016-08-19,27.340000,25.009062
2016-08-22,27.127501,24.814674
2016-08-23,27.212500,24.892433
2016-08-24,27.007500,24.704908
2016-08-25,26.892500,24.599710
2016-08-26,26.735001,24.455639
2016-08-29,26.705000,24.428202
2016-08-30,26.500000,24.240677
2016-08-31,26.525000,24.263542
2016-09-01,26.682501,24.407623
2016-09-02,26.932501,24.636305
2016-09-06,26.924999,24.629438
2016-09-07,27.090000,24.780375
2016-09-08,26.379999,24.130909
2016-09-09,25.782499,23.584351
2016-09-12,26.360001,24.112612
2016-09-13,26.987499,24.686615
2016-09-14,27.942499,25.560194
2016-09-15,28.892500,26.429197
2016-09-16,28.730000,26.280554
2016-09-19,28.395000,25.974117
2016-09-20,28.392500,25.971830
2016-09-21,28.387501,25.967251
2016-09-22,28.655001,26.211948
2016-09-23,28.177500,25.775154
2016-09-26,28.219999,25.814032
2016-09-27,28.272499,25.862059
2016-09-28,28.487499,26.058733
2016-09-29,28.045000,25.653955
2016-09-30,28.262501,25.852917
2016-10-03,28.129999,25.731707
2016-10-04,28.250000,25.841475
2016-10-05,28.262501,25.852917
2016-10-06,28.472500,26.045010
2016-10-07,28.514999,26.083885
2016-10-10,29.012501,26.538979
2016-10-11,29.075001,26.596138
2016-10-12,29.334999,26.833979
2016-10-13,29.245001,26.751650
2016-10-14,29.407499,26.900295
2016-10-17,29.387501,26.881996
2016-10-18,29.367500,26.863701
2016-10-19,29.280001,26.783663
2016-10-20,29.264999,26.769945
2016-10-21,29.150000,26.664747
2016-10-24,29.412500,26.904863
2016-10-25,29.562500,27.042070
2016-10-26,28.897499,26.433775
2016-10-27,28.620001,26.179928
2016-10-28,28.430000,26.006138
2016-10-31,28.385000,25.964970
2016-11-01,27.872499,25.496161
2016-11-02,27.897499,25.519028
2016-11-03,27.457500,25.245499
2016-11-04,27.209999,25.017941
2016-11-07,27.602501,25.378815
2016-11-08,27.764999,25.528225
2016-11-09,27.719999,25.486853
2016-11-10,26.947500,24.776587
2016-11-11,27.107500,24.923695
2016-11-14,26.427500,24.298470
2016-11-15,26.777500,24.620283
2016-11-16,27.497499,25.282278
2016-11-17,27.487499,25.273081
2016-11-18,27.514999,25.298359
2016-11-21,27.932501,25.682240
2016-11-22,27.950001,25.698322
2016-11-23,27.807501,25.567307
2016-11-25,27.947500,25.696022
2016-11-28,27.892500,25.645447
2016-11-29,27.865000,25.620169
2016-11-30,27.629999,25.404104
2016-12-01,27.372499,25.167341
2016-12-02,27.475000,25.261589
2016-12-05,27.277500,25.080004
2016-12-06,27.487499,25.273081
2016-12-07,27.757500,25.521328
2016-12-08,28.030001,25.771875
2016-12-09,28.487499,26.192524
2016-12-12,28.325001,26.043114
2016-12-13,28.797501,26.477543
2016-12-14,28.797501,26.477543
2016-12-15,28.955000,26.622355
2016-12-16,28.992500,26.656837
2016-12-19,29.160000,26.810841
2016-12-20,29.237499,26.882095
2016-12-21,29.264999,26.907385
2016-12-22,29.072500,26.730392
2016-12-23,29.129999,26.783253
2016-12-27,29.315001,26.953354
2016-12-28,29.190001,26.838425
2016-12-29,29.182501,26.831530
2016-12-30,28.955000,26.622355
2017-01-03,29.037500,26.698208
2017-01-04,29.004999,26.668327
2017-01-05,29.152500,26.803955
2017-01-06,29.477501,27.102764
2017-01-09,29.747499,27.351011
2017-01-10,29.777500,27.378603
2017-01-11,29.937500,27.525705
2017-01-12,29.812500,27.410774
2017-01-13,29.760000,27.362507
2017-01-17,30.000000,27.583172
2017-01-18,29.997499,27.580881
2017-01-19,29.945000,27.532602
2017-01-20,30.000000,27.583172
2017-01-23,30.020000,27.601566
2017-01-24,29.992500,27.576273
2017-01-25,30.469999,28.015308
2017-01-26,30.485001,28.029100
2017-01-27,30.487499,28.031399
2017-01-30,30.407499,27.957846
2017-01-31,30.337500,27.893475
2017-02-01,32.187500,29.594446
2017-02-02,32.132500,29.543873
2017-02-03,32.270000,29.670303
2017-02-06,32.572498,29.948421
2017-02-07,32.882500,30.233456
2017-02-08,33.009998,30.350687
2017-02-09,33.105000,30.569996
2017-02-10,33.029999,30.500738
2017-02-13,33.322498,30.770828
2017-02-14,33.755001,31.170233
2017-02-15,33.877499,31.283337
2017-02-16,33.837502,31.246403
2017-02-17,33.930000,31.331820
2017-02-21,34.174999,31.558062
2017-02-22,34.277500,31.652712
2017-02-23,34.132500,31.518820
2017-02-24,34.165001,31.548832
2017-02-27,34.232498,31.611147
2017-02-28,34.247501,31.625013
2017-03-01,34.947498,32.271408
2017-03-02,34.740002,32.079803
2017-03-03,34.945000,32.269093
2017-03-06,34.834999,32.167534
2017-03-07,34.880001,32.209072
2017-03-08,34.750000,32.089031
2017-03-09,34.669998,32.015148
2017-03-10,34.785000,32.121342
2017-03-13,34.799999,32.135193
2017-03-14,34.747501,32.086716
2017-03-15,35.115002,32.426094
2017-03-16,35.172501,32.479179
2017-03-17,34.997501,32.317585
2017-03-20,35.365002,32.656937
2017-03-21,34.959999,32.282951
2017-03-22,35.355000,32.647701
2017-03-23,35.230000,32.532269
2017-03-24,35.160000,32.467636
2017-03-27,35.220001,32.523045
2017-03-28,35.950001,33.197147
2017-03-29,36.029999,33.271019
2017-03-30,35.982498,33.227154
2017-03-31,35.915001,33.164825
2017-04-03,35.924999,33.174065
2017-04-04,36.192501,33.421078
2017-04-05,36.005001,33.247929
2017-04-06,35.915001,33.164825
2017-04-07,35.834999,33.090950
2017-04-10,35.792500,33.051693
2017-04-11,35.407501,32.696186
2017-04-12,35.450001,32.735435
2017-04-13,35.262501,32.562294
2017-04-17,35.457500,32.742355
2017-04-18,35.299999,32.596916
2017-04-19,35.169998,32.476868
2017-04-20,35.610001,32.883186
2017-04-21,35.567501,32.843933
2017-04-24,35.910000,33.160210
2017-04-25,36.132500,33.365665
2017-04-26,35.919998,33.169437
2017-04-27,35.947498,33.194832
2017-04-28,35.912498,33.162506
2017-05-01,36.645000,33.838917
2017-05-02,36.877499,34.053619
2017-05-03,36.764999,33.949741
2017-05-04,36.632500,33.827381
2017-05-05,37.240002,34.388367
2017-05-08,38.252499,35.323341
2017-05-09,38.497501,35.549568
2017-05-10,38.314999,35.381042
2017-05-11,38.487499,35.687038
2017-05-12,39.025002,36.185413
2017-05-15,38.924999,36.092690
2017-05-16,38.867500,36.039375
2017-05-17,37.562500,34.829346
2017-05-18,38.134998,35.360172
2017-05-19,38.264999,35.480721
2017-05-22,38.497501,35.696293
2017-05-23,38.450001,35.652267
2017-05-24,38.334999,35.545635
2017-05-25,38.467499,35.668480
2017-05-26,38.402500,35.608219
2017-05-30,38.417500,35.622116
2017-05-31,38.189999,35.411163
2017-06-01,38.294998,35.508533
2017-06-02,38.862499,36.034744
2017-06-05,38.482498,35.682392
2017-06-06,38.612499,35.802933
2017-06-07,38.842499,36.016205
2017-06-08,38.747501,35.928104
2017-06-09,37.244999,34.534931
2017-06-12,36.355000,33.709690
2017-06-13,36.647499,33.980900
2017-06-14,36.290001,33.649426
2017-06-15,36.072498,33.447754
2017-06-16,35.567501,32.979504
2017-06-19,36.584999,33.922966
2017-06-20,36.252499,33.614658
2017-06-21,36.467499,33.814014
2017-06-22,36.407501,33.758373
2017-06-23,36.570000,33.909058
2017-06-26,36.455002,33.802414
2017-06-27,35.932499,33.317947
2017-06-28,36.457500,33.804741
2017-06-29,35.919998,33.306347
2017-06-30,36.005001,33.385162
2017-07-03,35.875000,33.264626
2017-07-05,36.022499,33.401386
2017-07-06,35.682499,33.086132
2017-07-07,36.044998,33.422253
2017-07-10,36.264999,33.626247
2017-07-11,36.382500,33.735184
2017-07-12,36.435001,33.783867
2017-07-13,36.942501,34.254444
2017-07-14,37.259998,34.548836
2017-07-17,37.389999,34.669392
2017-07-18,37.520000,34.789921
2017-07-19,37.755001,35.007828
2017-07-20,37.584999,34.850193
2017-07-21,37.567501,34.833969
2017-07-24,38.022499,35.255863
2017-07-25,38.185001,35.406536
2017-07-26,38.365002,35.573444
2017-07-27,37.639999,34.901196
2017-07-28,37.375000,34.655476
2017-07-31,37.182499,34.476982
2017-08-01,37.512501,34.782970
2017-08-02,39.285000,36.426502
2017-08-03,38.892502,36.062561
2017-08-04,39.097500,36.252644
2017-08-07,39.702499,36.813625
2017-08-08,40.020000,37.108025
2017-08-09,40.264999,37.335194
2017-08-10,38.830002,36.145992
2017-08-11,39.369999,36.648666
2017-08-14,39.962502,37.200226
2017-08-15,40.400002,37.607468
2017-08-16,40.237499,37.456203
2017-08-17,39.465000,36.737106
2017-08-18,39.375000,36.653336
2017-08-21,39.302502,36.585835
2017-08-22,39.945000,37.183937
2017-08-23,39.994999,37.230465
2017-08-24,39.817501,37.065247
2017-08-25,39.965000,37.202541
2017-08-28,40.367500,37.577232
2017-08-29,40.727501,37.912334
2017-08-30,40.837502,38.014729
2017-08-31,41.000000,38.166000
2017-09-01,41.012501,38.177631
2017-09-05,40.520000,37.719170
2017-09-06,40.477501,37.679619
2017-09-07,40.314999,37.528355
2017-09-08,39.657501,36.916294
2017-09-11,40.375000,37.584209
2017-09-12,40.215000,37.435268
2017-09-13,39.912498,37.153656
2017-09-14,39.570000,36.834839
2017-09-15,39.970001,37.207207
2017-09-18,39.667500,36.925606
2017-09-19,39.682499,36.939560
2017-09-20,39.017502,36.320538
2017-09-21,38.347500,35.696846
2017-09-22,37.972500,35.347778
2017-09-25,37.637501,35.035931
2017-09-26,38.285000,35.638664
2017-09-27,38.557499,35.892334
2017-09-28,38.320000,35.671249
2017-09-29,38.529999,35.866730
2017-10-02,38.452499,35.794586
2017-10-03,38.619999,35.950512
2017-10-04,38.369999,35.717804
2017-10-05,38.847500,36.162277
2017-10-06,38.825001,36.141342
2017-10-09,38.959999,36.267014
2017-10-10,38.974998,36.280979
2017-10-11,39.137501,36.432228
2017-10-12,39.000000,36.304245
2017-10-13,39.247501,36.534634
2017-10-16,39.970001,37.207207
2017-10-17,40.117500,37.344501
2017-10-18,39.939999,37.179256
2017-10-19,38.994999,36.299595
2017-10-20,39.062500,36.362419
2017-10-23,39.042500,36.343796
2017-10-24,39.275002,36.560242
2017-10-25,39.102501,36.399658
2017-10-26,39.352501,36.632381
2017-10-27,40.762501,37.944920
2017-10-30,41.680000,38.799007
2017-10-31,42.259998,39.338902
2017-11-01,41.722500,38.838570
2017-11-02,42.027500,39.122482
2017-11-03,43.125000,40.144123
2017-11-06,43.562500,40.551380
2017-11-07,43.702499,40.681698
2017-11-08,44.060001,41.014488
2017-11-09,43.970001,40.930706
2017-11-10,43.667500,40.795250
2017-11-13,43.492500,40.631756
2017-11-14,42.834999,40.017513
2017-11-15,42.270000,39.489674
2017-11-16,42.775002,39.961445
2017-11-17,42.537498,39.739578
2017-11-20,42.494999,39.699863
2017-11-21,43.285000,40.437912
2017-11-22,43.740002,40.862988
2017-11-24,43.742500,40.865311
2017-11-27,43.522499,40.659786
2017-11-28,43.267502,40.421562
2017-11-29,42.369999,39.583092
2017-11-30,42.962502,40.136623
2017-12-01,42.762501,39.949768
2017-12-04,42.450001,39.657833
2017-12-05,42.410000,39.620457
2017-12-06,42.252499,39.473328
2017-12-07,42.330002,39.545727
2017-12-08,42.342499,39.557388
2017-12-11,43.167500,40.328136
2017-12-12,42.924999,40.101574
2017-12-13,43.067501,40.234711
2017-12-14,43.055000,40.223034
2017-12-15,43.492500,40.631756
2017-12-18,44.105000,41.203964
2017-12-19,43.634998,40.764889
2017-12-20,43.587502,40.720512
2017-12-21,43.752499,40.874649
2017-12-22,43.752499,40.874649
2017-12-26,42.642502,39.837677
2017-12-27,42.650002,39.844673
2017-12-28,42.770000,39.956776
2017-12-29,42.307499,39.524689
2018-01-02,43.064999,40.232365
2018-01-03,43.057499,40.225372
2018-01-04,43.257500,40.412220
2018-01-05,43.750000,40.872314
2018-01-08,43.587502,40.720512
2018-01-09,43.582500,40.715839
2018-01-10,43.572498,40.706501
2018-01-11,43.820000,40.937714
2018-01-12,44.272499,41.360455
2018-01-16,44.047501,41.150253
2018-01-17,44.775002,41.829910
2018-01-18,44.814999,41.867275
2018-01-19,44.615002,41.680420
2018-01-22,44.250000,41.339439
2018-01-23,44.259998,41.348770
2018-01-24,43.555000,40.690147
2018-01-25,42.777500,39.963795
2018-01-26,42.877499,40.057201
2018-01-29,41.990002,39.228085
2018-01-30,41.742500,38.996864
2018-01-31,41.857498,39.104313
2018-02-01,41.945000,39.186047
2018-02-02,40.125000,37.485756
2018-02-05,39.122501,36.549202
2018-02-06,40.757500,38.076645
2018-02-07,39.884998,37.261547
2018-02-08,38.787498,36.236240
2018-02-09,39.102501,36.679443
2018-02-12,40.677502,38.156857
2018-02-13,41.084999,38.539097
2018-02-14,41.842499,39.249660
2018-02-15,43.247501,40.567608
2018-02-16,43.107498,40.436283
2018-02-20,42.962502,40.300266
2018-02-21,42.767502,40.117348
2018-02-22,43.125000,40.452698
2018-02-23,43.875000,41.156212
2018-02-26,44.742500,41.969963
2018-02-27,44.597500,41.833961
2018-02-28,44.529999,41.770630
2018-03-01,43.750000,41.038956
2018-03-02,44.052502,41.322731
2018-03-05,44.205002,41.465775
2018-03-06,44.167500,41.430588
2018-03-07,43.757500,41.045998
2018-03-08,44.235001,41.493916
2018-03-09,44.994999,42.206810
2018-03-12,45.430000,42.614857
2018-03-13,44.992500,42.204475
2018-03-14,44.610001,41.845669
2018-03-15,44.662498,41.894924
2018-03-16,44.505001,41.747181
2018-03-19,43.825001,41.109318
2018-03-20,43.810001,41.095249
2018-03-21,42.817501,40.164265
2018-03-22,42.212502,39.596733
2018-03-23,41.235001,38.679821
2018-03-26,43.192501,40.516022
2018-03-27,42.084999,39.477146
2018-03-28,41.619999,39.040955
2018-03-29,41.945000,39.345814
2018-04-02,41.669998,39.087860
2018-04-03,42.097500,39.488869
2018-04-04,42.902500,40.243980
2018-04-05,43.200001,40.523052
2018-04-06,42.095001,39.486530
2018-04-09,42.512501,39.878151
2018-04-10,43.312500,40.628563
2018-04-11,43.110001,40.438625
2018-04-12,43.535000,40.837292
2018-04-13,43.682499,40.975639
2018-04-16,43.955002,41.231258
2018-04-17,44.560001,41.798775
2018-04-18,44.459999,41.704956
2018-04-19,43.200001,40.523052
2018-04-20,41.430000,38.862728
2018-04-23,41.310001,38.750172
2018-04-24,40.735001,38.210793
2018-04-25,40.912498,38.377289
2018-04-26,41.055000,38.510952
2018-04-27,40.580002,38.065411
2018-04-30,41.314999,38.754845
2018-05-01,42.275002,39.655373
2018-05-02,44.142502,41.407143
2018-05-03,44.222500,41.482189
2018-05-04,45.957500,43.109680
2018-05-07,46.290001,43.421574
2018-05-08,46.512501,43.630283
2018-05-09,46.840000,43.937492
2018-05-10,47.509998,44.565968
2018-05-11,47.147499,44.396477
2018-05-14,47.037498,44.292896
2018-05-15,46.610001,43.890335
2018-05-16,47.044998,44.299950
2018-05-17,46.747501,44.019829
2018-05-18,46.577499,43.859730
2018-05-21,46.907501,44.170471
2018-05-22,46.790001,44.059826
2018-05-23,47.090000,44.342327
2018-05-24,47.037498,44.292896
2018-05-25,47.145000,44.394112
2018-05-29,46.974998,44.234035
2018-05-30,46.875000,44.139874
2018-05-31,46.717499,43.991547
2018-06-01,47.560001,44.784908
2018-06-04,47.957500,45.159206
2018-06-05,48.327499,45.507622
2018-06-06,48.494999,45.665340
2018-06-07,48.365002,45.542934
2018-06-08,47.924999,45.128613
2018-06-11,47.807499,45.017960
2018-06-12,48.070000,45.265144
2018-06-13,47.674999,44.893204
2018-06-14,47.700001,44.916721
2018-06-15,47.209999,44.455326
2018-06-18,47.185001,44.431793
2018-06-19,46.422501,43.713776
2018-06-20,46.625000,43.904465
2018-06-21,46.365002,43.659626
2018-06-22,46.230000,43.532501
2018-06-25,45.542500,42.885113
2018-06-26,46.107498,43.417145
2018-06-27,46.040001,43.353588
2018-06-28,46.375000,43.669044
2018-06-29,46.277500,43.577229
2018-07-02,46.794998,44.064533
2018-07-03,45.980000,43.297085
2018-07-05,46.349998,43.645504
2018-07-06,46.992500,44.250526
2018-07-09,47.645000,44.864948
2018-07-10,47.587502,44.810806
2018-07-11,46.970001,44.229332
2018-07-12,47.757500,44.970871
2018-07-13,47.832500,45.041504
2018-07-16,47.727501,44.942635
2018-07-17,47.862499,45.069740
2018-07-18,47.599998,44.822563
2018-07-19,47.970001,45.170982
2018-07-20,47.860001,45.067402
2018-07-23,47.902500,45.107418
2018-07-24,48.250000,45.434635
2018-07-25,48.705002,45.863087
2018-07-26,48.552502,45.719494
2018-07-27,47.744999,44.959106
2018-07-30,47.477501,44.707214
2018-07-31,47.572498,44.796673
2018-08-01,50.375000,47.435650
2018-08-02,51.847500,48.822227
2018-08-03,51.997501,48.963482
2018-08-06,52.267502,49.217724
2018-08-07,51.777500,48.756317
2018-08-08,51.812500,48.789276
2018-08-09,52.220001,49.172989
2018-08-10,51.882500,49.026520
2018-08-13,52.217499,49.343090
2018-08-14,52.437500,49.550976
2018-08-15,52.560001,49.666740
2018-08-16,53.330002,50.394348
2018-08-17,54.395000,51.400715
2018-08-20,53.865002,50.899895
2018-08-21,53.759998,50.800694
2018-08-22,53.762501,50.803043
2018-08-23,53.872501,50.906986
2018-08-24,54.040001,51.065258
2018-08-27,54.485001,51.485771
2018-08-28,54.924999,51.901546
2018-08-29,55.744999,52.676414
2018-08-30,56.257500,53.160694
2018-08-31,56.907501,53.774921
2018-09-04,57.090000,53.947365
2018-09-05,56.717499,53.595375
2018-09-06,55.775002,52.704769
2018-09-07,55.325001,52.279533
2018-09-10,54.582500,51.577904
2018-09-11,55.962502,52.881935
2018-09-12,55.267502,52.225185
2018-09-13,56.602501,53.486706
2018-09-14,55.959999,52.879570
2018-09-17,54.470001,51.471596
2018-09-18,54.560001,51.556641
2018-09-19,54.592499,51.587349
2018-09-20,55.007500,51.979507
2018-09-21,54.415001,51.419632
2018-09-24,55.197498,52.159042
2018-09-25,55.547501,52.489777
2018-09-26,55.105000,52.071632
2018-09-27,56.237499,53.141804
2018-09-28,56.435001,53.328426
2018-10-01,56.814999,53.687504
2018-10-02,57.320000,54.164711
2018-10-03,58.017502,54.823822
2018-10-04,56.997501,53.859974
2018-10-05,56.072498,52.985886
2018-10-08,55.942501,52.863037
2018-10-09,56.717499,53.595375
2018-10-10,54.090000,51.112518
2018-10-11,53.612499,50.661304
2018-10-12,55.527500,52.470882
2018-10-15,54.340000,51.348747
2018-10-16,55.537498,52.480328
2018-10-17,55.297501,52.253544
2018-10-18,54.005001,51.032188
2018-10-19,54.827499,51.809399
2018-10-22,55.162498,52.125969
2018-10-23,55.682499,52.617348
2018-10-24,53.772499,50.812489
2018-10-25,54.950001,51.925171
2018-10-26,54.075001,51.098335
2018-10-29,53.060001,50.139214
2018-10-30,53.325001,50.389626
2018-10-31,54.715000,51.703114
2018-11-01,55.555000,52.496864
2018-11-02,51.869999,49.014721
2018-11-05,50.397499,47.623272
2018-11-06,50.942501,48.138275
2018-11-07,52.487499,49.598228
2018-11-08,52.122501,49.425167
2018-11-09,51.117500,48.472183
2018-11-12,48.542500,46.030441
2018-11-13,48.057499,45.570530
2018-11-14,46.700001,44.283279
2018-11-15,47.852501,45.376156
2018-11-16,48.382500,45.878719
2018-11-19,46.465000,44.060444
2018-11-20,44.244999,41.955322
2018-11-21,44.195000,41.907921
2018-11-23,43.072498,40.843498
2018-11-26,43.654999,41.395859
2018-11-27,43.560001,41.305779
2018-11-28,45.235001,42.894108
2018-11-29,44.887501,42.564583
2018-11-30,44.645000,42.334637
2018-12-03,46.205002,43.813908
2018-12-04,44.172501,41.886578
2018-12-06,43.680000,41.419579
2018-12-07,42.122501,39.942673
2018-12-10,42.400002,40.205803
2018-12-11,42.157501,39.975857
2018-12-12,42.275002,40.087280
2018-12-13,42.737499,40.525841
2018-12-14,41.369999,39.229115
2018-12-17,40.985001,38.864025
2018-12-18,41.517502,39.368977
2018-12-19,40.222500,38.140995
2018-12-20,39.207500,37.178528
2018-12-21,37.682499,35.732430
2018-12-24,36.707500,34.807896
2018-12-26,39.292500,37.259129
2018-12-27,39.037498,37.017319
2018-12-28,39.057499,37.036282
2018-12-31,39.435001,37.394245
2019-01-02,39.480000,37.436924
2019-01-03,35.547501,33.707928
2019-01-04,37.064999,35.146904
2019-01-07,36.982498,35.068661
2019-01-08,37.687500,35.737175
2019-01-09,38.327499,36.344055
2019-01-10,38.450001,36.460224
2019-01-11,38.072498,36.102261
2019-01-14,37.500000,35.559376
2019-01-15,38.267502,36.287167
2019-01-16,38.735001,36.730473
2019-01-17,38.965000,36.948566
2019-01-18,39.205002,37.176159
2019-01-22,38.325001,36.341686
2019-01-23,38.480000,36.488663
2019-01-24,38.174999,36.199440
2019-01-25,39.439999,37.398987
2019-01-28,39.075001,37.052879
2019-01-29,38.669998,36.668842
2019-01-30,41.312500,39.174595
2019-01-31,41.610001,39.456688
2019-02-01,41.630001,39.475647
2019-02-04,42.812500,40.596962
2019-02-05,43.544998,41.291553
2019-02-06,43.560001,41.305779
2019-02-07,42.735001,40.523479
2019-02-08,42.602501,40.571079
2019-02-11,42.357498,40.337772
2019-02-12,42.722500,40.685364
2019-02-13,42.544998,40.516327
2019-02-14,42.700001,40.663933
2019-02-15,42.605000,40.573471
2019-02-19,42.732498,40.694881
2019-02-20,43.007500,40.956768
2019-02-21,42.764999,40.725830
2019-02-22,43.242500,41.180573
2019-02-25,43.557499,41.480545
2019-02-26,43.582500,41.504356
2019-02-27,43.717499,41.632915
2019-02-28,43.287498,41.223427
2019-03-01,43.742500,41.656731
2019-03-04,43.962502,41.866241
2019-03-05,43.882500,41.790054
2019-03-06,43.630001,41.549591
2019-03-07,43.125000,41.068672
2019-03-08,43.227501,41.166290
2019-03-11,44.724998,42.592377
2019-03-12,45.227501,43.070923
2019-03-13,45.427502,43.261402
2019-03-14,45.932499,43.742298
2019-03-15,46.529999,44.311306
2019-03-18,47.005001,44.763672
2019-03-19,46.632500,44.408920
2019-03-20,47.040001,44.796993
2019-03-21,48.772499,46.446880
2019-03-22,47.762501,45.485050
2019-03-25,47.185001,44.935078
2019-03-26,46.697498,44.470833
2019-03-27,47.117500,44.870800
2019-03-28,47.180000,44.930325
2019-03-29,47.487499,45.223152
2019-04-01,47.810001,45.530273
2019-04-02,48.505001,46.192135
2019-04-03,48.837502,46.508778
2019-04-04,48.922501,46.589737
2019-04-05,49.250000,46.901615
2019-04-08,50.025002,47.639664
2019-04-09,49.875000,47.496807
2019-04-10,50.154999,47.763454
2019-04-11,49.737499,47.365868
2019-04-12,49.717499,47.346821
2019-04-15,49.807499,47.432529
2019-04-16,49.812500,47.437294
2019-04-17,50.782501,48.361034
2019-04-18,50.965000,48.534836
2019-04-22,51.132500,48.694363
2019-04-23,51.869999,49.396683
2019-04-24,51.790001,49.320499
2019-04-25,51.320000,48.872910
2019-04-26,51.075001,48.639584
2019-04-29,51.152500,48.713398
2019-04-30,50.167500,47.775364
2019-05-01,52.630001,50.120453
2019-05-02,52.287498,49.794281
2019-05-03,52.937500,50.413284
2019-05-06,52.119999,49.634769
2019-05-07,50.715000,48.296764
2019-05-08,50.724998,48.306278
2019-05-09,50.180000,47.787273
2019-05-10,49.294998,47.125259
2019-05-13,46.430000,44.386360
2019-05-14,47.165001,45.089008
2019-05-15,47.730000,45.629131
2019-05-16,47.520000,45.428387
2019-05-17,47.250000,45.170273
2019-05-20,45.772499,43.757790
2019-05-21,46.650002,44.596672
2019-05-22,45.695000,43.683716
2019-05-23,44.915001,42.938034
2019-05-24,44.742500,42.773129
2019-05-28,44.557499,42.596275
2019-05-29,44.345001,42.393120
2019-05-30,44.575001,42.613010
2019-05-31,43.767502,41.841049
2019-06-03,43.325001,41.418026
2019-06-04,44.910000,42.933258
2019-06-05,45.634998,43.626331
2019-06-06,46.305000,44.266861
2019-06-07,47.537498,45.445107
2019-06-10,48.145000,46.025867
2019-06-11,48.702499,46.558838
2019-06-12,48.547501,46.410660
2019-06-13,48.537498,46.401093
2019-06-14,48.185001,46.064106
2019-06-17,48.472500,46.338959
2019-06-18,49.612499,47.428768
2019-06-19,49.467499,47.290169
2019-06-20,49.865002,47.670177
2019-06-21,49.695000,47.507645
2019-06-24,49.645000,47.459850
2019-06-25,48.892502,46.740467
2019-06-26,49.950001,47.751423
2019-06-27,49.935001,47.737080
2019-06-28,49.480000,47.302120
2019-07-01,50.387501,48.169655
2019-07-02,50.682499,48.451679
2019-07-03,51.102501,48.853184
2019-07-05,51.057499,48.810165
2019-07-08,50.005001,47.803993
2019-07-09,50.310001,48.095577
2019-07-10,50.807499,48.571175
2019-07-11,50.437500,48.217468
2019-07-12,50.825001,48.587902
2019-07-15,51.302502,49.044395
2019-07-16,51.125000,48.874702
2019-07-17,50.837502,48.599854
2019-07-18,51.415001,49.151939
2019-07-19,50.647499,48.418224
2019-07-22,51.805000,49.524776
2019-07-23,52.209999,49.911934
2019-07-24,52.167500,49.871326
2019-07-25,51.755001,49.476978
2019-07-26,51.935001,49.649052
2019-07-29,52.419998,50.112698
2019-07-30,52.195000,49.897606
2019-07-31,53.259998,50.915730
2019-08-01,52.107498,49.813942
2019-08-02,51.005001,48.759975
2019-08-05,48.334999,46.207508
2019-08-06,49.250000,47.082233
2019-08-07,49.759998,47.569778
2019-08-08,50.857498,48.618969
2019-08-09,50.247501,48.218338
2019-08-12,50.119999,48.095989
2019-08-13,52.242500,50.132774
2019-08-14,50.687500,48.640564
2019-08-15,50.435001,48.398277
2019-08-16,51.625000,49.540211
2019-08-19,52.587502,50.463833
2019-08-20,52.590000,50.466236
2019-08-21,53.160000,51.013218
2019-08-22,53.115002,50.970036
2019-08-23,50.660000,48.614185
2019-08-26,51.622501,49.537807
2019-08-27,51.040001,48.978832
2019-08-28,51.382500,49.307495
2019-08-29,52.252499,50.142365
2019-08-30,52.185001,50.077606
2019-09-03,51.424999,49.348289
2019-09-04,52.297501,50.185551
2019-09-05,53.320000,51.166744
2019-09-06,53.314999,51.161957
2019-09-09,53.542500,51.380276
2019-09-10,54.174999,51.987225
2019-09-11,55.897499,53.640171
2019-09-12,55.772499,53.520229
2019-09-13,54.687500,52.479031
2019-09-16,54.974998,52.754921
2019-09-17,55.174999,52.946838
2019-09-18,55.692501,53.443455
2019-09-19,55.240002,53.009228
2019-09-20,54.432499,52.234325
2019-09-23,54.680000,52.471840
2019-09-24,54.419998,52.222336
2019-09-25,55.257500,53.026016
2019-09-26,54.972500,52.752522
2019-09-27,54.705002,52.495819
2019-09-30,55.992500,53.731327
2019-10-01,56.147499,53.880077
2019-10-02,54.740002,52.529415
2019-10-03,55.205002,52.975632
2019-10-04,56.752499,54.460644
2019-10-07,56.764999,54.472630
2019-10-08,56.099998,53.834499
2019-10-09,56.757500,54.465435
2019-10-10,57.522499,55.199543
2019-10-11,59.052502,56.667770
2019-10-14,58.967499,56.586201
2019-10-15,58.830002,56.454250
2019-10-16,58.592499,56.226337
2019-10-17,58.820000,56.444645
2019-10-18,59.102501,56.715748
2019-10-21,60.127499,57.699341
2019-10-22,59.990002,57.567398
2019-10-23,60.794998,58.339890
2019-10-24,60.895000,58.435852
2019-10-25,61.645000,59.155567
2019-10-28,62.262501,59.748127
2019-10-29,60.822498,58.366280
2019-10-30,60.814999,58.359081
2019-10-31,62.189999,59.678551
2019-11-01,63.955002,61.372288
2019-11-04,64.375000,61.775322
2019-11-05,64.282501,61.686562
2019-11-06,64.309998,61.712933
2019-11-07,64.857498,62.425198
2019-11-08,65.035004,62.596027
2019-11-11,65.550003,63.091724
2019-11-12,65.489998,63.033966
2019-11-13,66.117500,63.637936
2019-11-14,65.660004,63.197617
2019-11-15,66.440002,63.948360
2019-11-18,66.775002,64.270790
2019-11-19,66.572502,64.075882
2019-11-20,65.797501,63.329948
2019-11-21,65.502502,63.046001
2019-11-22,65.445000,62.990662
2019-11-25,66.592499,64.095100
2019-11-26,66.072502,63.594624
2019-11-27,66.959999,64.448853
2019-11-29,66.812500,64.306870
2019-12-02,66.040001,63.563328
2019-12-03,64.862503,62.429993
2019-12-04,65.434998,62.981037
2019-12-05,66.394997,63.905037
2019-12-06,67.677498,65.139427
2019-12-09,66.730003,64.227486
2019-12-10,67.120003,64.602859
2019-12-11,67.692497,65.153885
2019-12-12,67.864998,65.319923
2019-12-13,68.787498,66.207794
2019-12-16,69.964996,67.341148
2019-12-17,70.102501,67.473480
2019-12-18,69.934998,67.312271
2019-12-19,70.004997,67.379639
2019-12-20,69.860001,67.240097
2019-12-23,71.000000,68.337318
2019-12-24,71.067497,68.402298
2019-12-26,72.477501,69.759445
2019-12-27,72.449997,69.732948
2019-12-30,72.879997,70.146835
2019-12-31,73.412498,70.659355
2020-01-02,75.087502,72.271545
2020-01-03,74.357498,71.568924
2020-01-06,74.949997,72.139191
2020-01-07,74.597504,71.799904
2020-01-08,75.797501,72.954903
2020-01-09,77.407501,74.504539
2020-01-10,77.582497,74.672974
2020-01-13,79.239998,76.268303
2020-01-14,78.169998,75.238441
2020-01-15,77.834999,74.916008
2020-01-16,78.809998,75.854424
2020-01-17,79.682503,76.694206
2020-01-21,79.142502,76.174469
2020-01-22,79.425003,76.446381
2020-01-23,79.807503,76.814552
2020-01-24,79.577499,76.593170
2020-01-27,77.237503,74.340912
2020-01-28,79.422501,76.443962
2020-01-29,81.084999,78.044121
2020-01-30,80.967499,77.931046
2020-01-31,77.377502,74.475662
2020-02-03,77.165001,74.271141
2020-02-04,79.712502,76.723091
2020-02-05,80.362503,77.348724
2020-02-06,81.302498,78.253479
2020-02-07,80.007500,77.189789
2020-02-10,80.387497,77.556412
2020-02-11,79.902496,77.088478
2020-02-12,81.800003,78.919174
2020-02-13,81.217499,78.357170
2020-02-14,81.237503,78.376495
2020-02-18,79.750000,76.941368
2020-02-19,80.904999,78.055656
2020-02-20,80.074997,77.254913
2020-02-21,78.262497,75.506241
2020-02-24,74.544998,71.919670
2020-02-25,72.019997,69.483597
2020-02-26,73.162498,70.585838
2020-02-27,68.379997,65.971771
2020-02-28,68.339996,65.933197
2020-03-02,74.702499,72.071632
2020-03-03,72.330002,69.782692
2020-03-04,75.684998,73.019531
2020-03-05,73.230003,70.650993
2020-03-06,72.257500,69.712753
2020-03-09,66.542503,64.198997
2020-03-10,71.334999,68.822701
2020-03-11,68.857498,66.432465
2020-03-12,62.057499,59.871952
2020-03-13,69.492500,67.045105
2020-03-16,60.552502,58.419960
2020-03-17,63.215000,60.988701
2020-03-18,61.667500,59.495686
2020-03-19,61.195000,59.039825
2020-03-20,57.310001,55.291649
2020-03-23,56.092499,54.117035
2020-03-24,61.720001,59.546337
2020-03-25,61.380001,59.218323
2020-03-26,64.610001,62.334564
2020-03-27,61.935001,59.753780
2020-03-30,63.702499,61.459026
2020-03-31,63.572498,61.333595
2020-04-01,60.227501,58.106403
2020-04-02,61.232498,59.076000
2020-04-03,60.352501,58.227009
2020-04-06,65.617500,63.306583
2020-04-07,64.857498,62.573341
2020-04-08,66.517502,64.174881
2020-04-09,66.997498,64.637962
2020-04-13,68.312500,65.906654
2020-04-14,71.762497,69.235168
2020-04-15,71.107498,68.603233
2020-04-16,71.672501,69.148331
2020-04-17,70.699997,68.210083
2020-04-20,69.232498,66.794266
2020-04-21,67.092499,64.729645
2020-04-22,69.025002,66.594070
2020-04-23,68.757500,66.335991
2020-04-24,70.742500,68.251076
2020-04-27,70.792503,68.299355
2020-04-28,69.644997,67.192230
2020-04-29,71.932503,69.399170
2020-04-30,73.449997,70.863228
2020-05-01,72.267502,69.722382
2020-05-04,73.290001,70.708847
2020-05-05,74.389999,71.770126
2020-05-06,75.157501,72.510605
2020-05-07,75.934998,73.260719
2020-05-08,77.532501,75.004448
2020-05-11,78.752502,76.184669
2020-05-12,77.852501,75.314026
2020-05-13,76.912498,74.404648
2020-05-14,77.385002,74.861740
2020-05-15,76.927498,74.419174
2020-05-18,78.739998,76.172554
2020-05-19,78.285004,75.732391
2020-05-20,79.807503,77.205261
2020-05-21,79.212502,76.629669
2020-05-22,79.722504,77.123039
2020-05-26,79.182503,76.600655
2020-05-27,79.527496,76.934402
2020-05-28,79.562500,76.968269
2020-05-29,79.485001,76.893288
2020-06-01,80.462502,77.838913
2020-06-02,80.834999,78.199287
2020-06-03,81.279999,78.629745
2020-06-04,80.580002,77.952583
2020-06-05,82.875000,80.172760
2020-06-08,83.364998,80.646759
2020-06-09,85.997498,83.193420
2020-06-10,88.209999,85.333801
2020-06-11,83.974998,81.236870
2020-06-12,84.699997,81.938225
2020-06-15,85.747498,82.951569
2020-06-16,88.019997,85.149994
2020-06-17,87.897499,85.031471
2020-06-18,87.932503,85.065353
2020-06-19,87.430000,84.579231
2020-06-22,89.717499,86.792145
2020-06-23,91.632500,88.644691
2020-06-24,90.014999,87.079926
2020-06-25,91.209999,88.235962
2020-06-26,88.407501,85.524841
2020-06-29,90.445000,87.495941
2020-06-30,91.199997,88.226318
2020-07-01,91.027496,88.059395
2020-07-02,91.027496,88.059395
2020-07-06,93.462502,90.415031
2020-07-07,93.172501,90.134476
2020-07-08,95.342499,92.233719
2020-07-09,95.752502,92.630348
2020-07-10,95.919998,92.792397
2020-07-13,95.477501,92.364319
2020-07-14,97.057503,93.892792
2020-07-15,97.724998,94.538544
2020-07-16,96.522499,93.375259
2020-07-17,96.327499,93.186623
2020-07-20,98.357498,95.150391
2020-07-21,97.000000,93.837189
2020-07-22,97.272499,94.100800
2020-07-23,92.845001,89.817665
2020-07-24,92.614998,89.595154
2020-07-27,94.809998,91.718590
2020-07-28,93.252502,90.211876
2020-07-29,95.040001,91.941071
2020-07-30,96.190002,93.053596
2020-07-31,106.260002,102.795250
2020-08-03,108.937500,105.385445
2020-08-04,109.665001,106.089218
2020-08-05,110.062500,106.473755
2020-08-06,113.902496,110.188522
2020-08-07,111.112503,107.683311
2020-08-10,112.727501,109.248474
2020-08-11,109.375000,105.999443
2020-08-12,113.010002,109.522285
2020-08-13,115.010002,111.460541
2020-08-14,114.907501,111.361221
2020-08-17,114.607498,111.070442
2020-08-18,115.562500,111.995987
2020-08-19,115.707497,112.136497
2020-08-20,118.275002,114.624794
2020-08-21,124.370003,120.531654
2020-08-24,125.857498,121.973259
2020-08-25,124.824997,120.972626
2020-08-26,126.522499,122.617737
2020-08-27,125.010002,121.151939
2020-08-28,124.807503,120.955688
2020-08-31,129.039993,125.057564
2020-09-01,134.179993,130.038895
2020-09-02,131.399994,127.344727
2020-09-03,120.879997,117.149391
2020-09-04,120.959999,117.226929
2020-09-08,112.820000,109.338127
2020-09-09,117.320000,113.699242
2020-09-10,113.489998,109.987473
2020-09-11,112.000000,108.543427
2020-09-14,115.360001,111.799728
2020-09-15,115.540001,111.974190
2020-09-16,112.129997,108.669426
2020-09-17,110.339996,106.934647
2020-09-18,106.839996,103.542679
2020-09-21,110.080002,106.682701
2020-09-22,111.809998,108.359299
2020-09-23,107.120003,103.814049
2020-09-24,108.220001,104.880089
2020-09-25,112.279999,108.814781
2020-09-28,114.959999,111.412056
2020-09-29,114.089996,110.568924
2020-09-30,115.809998,112.235847
2020-10-01,116.790001,113.185616
2020-10-02,113.019997,109.531952
2020-10-05,116.500000,112.904572
2020-10-06,113.160004,109.667641
2020-10-07,115.080002,111.528366
2020-10-08,114.970001,111.421783
2020-10-09,116.970001,113.360062
2020-10-12,124.400002,120.560738
2020-10-13,121.099998,117.362587
2020-10-14,121.190002,117.449814
2020-10-15,120.709999,116.984619
2020-10-16,119.019997,115.346779
2020-10-19,115.980003,112.400604
2020-10-20,117.510002,113.883385
2020-10-21,116.870003,113.263145
2020-10-22,115.750000,112.177704
2020-10-23,115.040001,111.489616
2020-10-26,115.050003,111.499275
2020-10-27,116.599998,113.001480
2020-10-28,111.199997,107.768150
2020-10-29,115.320000,111.760963
2020-10-30,108.860001,105.500343
2020-11-02,108.769997,105.413132
2020-11-03,110.440002,107.031586
2020-11-04,114.949997,111.402397
2020-11-05,119.029999,115.356468
2020-11-06,118.690002,115.225418
2020-11-09,116.320000,112.924591
2020-11-10,115.970001,112.584816
2020-11-11,119.489998,116.002045
2020-11-12,119.209999,115.730232
2020-11-13,119.260002,115.778786
2020-11-16,120.300003,116.788445
2020-11-17,119.389999,115.904999
2020-11-18,118.029999,114.584671
2020-11-19,118.639999,115.176895
2020-11-20,117.339996,113.914833
2020-11-23,113.849998,110.526703
2020-11-24,115.169998,111.808151
2020-11-25,116.029999,112.643059
2020-11-27,116.589996,113.186722
2020-11-30,119.050003,115.574913
2020-12-01,122.720001,119.137779
2020-12-02,123.080002,119.487259
2020-12-03,122.940002,119.351372
2020-12-04,122.250000,118.681488
2020-12-07,123.750000,120.137718
2020-12-08,124.379997,120.749298
2020-12-09,121.779999,118.225212
2020-12-10,123.239998,119.642586
2020-12-11,122.410004,118.836823
2020-12-14,121.779999,118.225212
2020-12-15,127.879997,124.147163
2020-12-16,127.809998,124.079185
2020-12-17,128.699997,124.943214
2020-12-18,126.660004,122.962776
2020-12-21,128.229996,124.486938
2020-12-22,131.880005,128.030396
2020-12-23,130.960007,127.137253
2020-12-24,131.970001,128.117783
2020-12-28,136.690002,132.699997
2020-12-29,134.869995,130.933090
2020-12-30,133.720001,129.816635
2020-12-31,132.690002,128.816727
2021-01-04,129.410004,125.632500
2021-01-05,131.009995,127.185776
2021-01-06,126.599998,122.904518
2021-01-07,130.919998,127.098442
2021-01-08,132.050003,128.195450
2021-01-11,128.979996,125.215027
2021-01-12,128.800003,125.040314
2021-01-13,130.889999,127.069290
2021-01-14,128.910004,125.147087
2021-01-15,127.139999,123.428757
2021-01-19,127.830002,124.098625
2021-01-20,132.029999,128.176041
2021-01-21,136.869995,132.874756
2021-01-22,139.070007,135.010544
2021-01-25,142.919998,138.748154
2021-01-26,143.160004,138.981155
2021-01-27,142.059998,137.913223
2021-01-28,137.089996,133.088348
2021-01-29,131.960007,128.108063
2021-02-01,134.139999,130.224411
2021-02-02,134.990005,131.049606
2021-02-03,133.940002,130.030289
2021-02-04,137.389999,133.379562
2021-02-05,136.759995,132.966324
2021-02-08,136.910004,133.112228
2021-02-09,136.009995,132.237167
2021-02-10,135.389999,131.634338
2021-02-11,135.130005,131.381592
2021-02-12,135.369995,131.614914
2021-02-16,133.190002,129.495392
2021-02-17,130.839996,127.210526
2021-02-18,129.710007,126.111923
2021-02-19,129.869995,126.267471
2021-02-22,126.000000,122.504829
2021-02-23,125.860001,122.368706
2021-02-24,125.349998,121.872849
2021-02-25,120.989998,117.633797
2021-02-26,121.260002,117.896309
2021-03-01,127.790001,124.245178
2021-03-02,125.120003,121.649208
2021-03-03,122.059998,118.674118
2021-03-04,120.129997,116.797646
2021-03-05,121.419998,118.051888
2021-03-08,116.360001,113.132225
2021-03-09,121.089996,117.731033
2021-03-10,119.980003,116.651817
2021-03-11,121.959999,118.576866
2021-03-12,121.029999,117.672691
2021-03-15,123.989998,120.550598
2021-03-16,125.570000,122.086739
2021-03-17,124.760002,121.299225
2021-03-18,120.529999,117.186562
2021-03-19,119.989998,116.661522
2021-03-22,123.389999,119.967216
2021-03-23,122.540001,119.140800
2021-03-24,120.089996,116.758759
2021-03-25,120.589996,117.244881
2021-03-26,121.209999,117.847702
2021-03-29,121.389999,118.022720
2021-03-30,119.900002,116.574036
2021-03-31,122.150002,118.761612
2021-04-01,123.000000,119.588043
2021-04-05,125.900002,122.407585
2021-04-06,126.209999,122.708992
2021-04-07,127.900002,124.352112
2021-04-08,130.360001,126.743881
2021-04-09,133.000000,129.310638
2021-04-12,131.240005,127.599480
2021-04-13,134.429993,130.701004
2021-04-14,132.029999,128.367584
2021-04-15,134.500000,130.769058
2021-04-16,134.160004,130.438477
2021-04-19,134.839996,131.099625
2021-04-20,133.110001,129.417587
2021-04-21,133.500000,129.796799
2021-04-22,131.940002,128.280045
2021-04-23,134.320007,130.594009
2021-04-26,134.720001,130.982895
2021-04-27,134.389999,130.662094
2021-04-28,133.580002,129.874573
2021-04-29,133.479996,129.777344
2021-04-30,131.460007,127.813385
2021-05-03,132.539993,128.863403
2021-05-04,127.849998,124.303513
2021-05-05,128.100006,124.546570
2021-05-06,129.740005,126.141060
2021-05-07,130.210007,126.813087
2021-05-10,126.849998,123.540726
2021-05-11,125.910004,122.625244
2021-05-12,122.769997,119.567169
2021-05-13,124.970001,121.709755
2021-05-14,127.449997,124.125069
2021-05-17,126.269997,122.975853
2021-05-18,124.849998,121.592911
2021-05-19,124.690002,121.437088
2021-05-20,127.309998,123.988731
2021-05-21,125.430000,122.157791
2021-05-24,127.099998,123.784218
2021-05-25,126.900002,123.589439
2021-05-26,126.849998,123.540726
2021-05-27,125.279999,122.011696
2021-05-28,124.610001,121.359169
2021-06-01,124.279999,121.037796
2021-06-02,125.059998,121.797409
2021-06-03,123.540001,120.317085
2021-06-04,125.889999,122.605789
2021-06-07,125.900002,122.615501
2021-06-08,126.739998,123.433617
2021-06-09,127.129997,123.813431
2021-06-10,126.110001,122.820023
2021-06-11,127.349998,124.027695
2021-06-14,130.479996,127.076019
2021-06-15,129.639999,126.257942
2021-06-16,130.149994,126.754646
2021-06-17,131.789993,128.351837
2021-06-18,130.460007,127.056549
2021-06-21,132.300003,128.848572
2021-06-22,133.979996,130.484741
2021-06-23,133.699997,130.212051
2021-06-24,133.410004,129.929596
2021-06-25,133.110001,129.637421
2021-06-28,134.779999,131.263855
2021-06-29,136.330002,132.773422
2021-06-30,136.960007,133.386948
2021-07-01,137.270004,133.688904
2021-07-02,139.960007,136.308746
2021-07-06,142.020004,138.314987
2021-07-07,144.570007,140.798447
2021-07-08,143.240005,139.503128
2021-07-09,145.110001,141.324371
2021-07-12,144.500000,140.730301
2021-07-13,145.639999,141.840515
2021-07-14,149.149994,145.258926
2021-07-15,148.479996,144.606461
2021-07-16,146.389999,142.570999
2021-07-19,142.449997,138.733749
2021-07-20,146.149994,142.337250
2021-07-21,145.399994,141.606796
2021-07-22,146.800003,142.970261
2021-07-23,148.559998,144.684387
2021-07-26,148.990005,145.103149
2021-07-27,146.770004,142.941055
2021-07-28,144.979996,141.197754
2021-07-29,145.639999,141.840515
2021-07-30,145.860001,142.054794
2021-08-02,145.520004,141.723679
2021-08-03,147.360001,143.515671
2021-08-04,146.949997,143.116348
2021-08-05,147.059998,143.223495
2021-08-06,146.139999,142.540726
2021-08-09,146.089996,142.491974
2021-08-10,145.600006,142.014053
2021-08-11,145.860001,142.267654
2021-08-12,148.889999,145.223022
2021-08-13,149.100006,145.427841
2021-08-16,151.119995,147.398087
2021-08-17,150.190002,146.491043
2021-08-18,146.360001,142.755325
2021-08-19,146.699997,143.086914
2021-08-20,148.190002,144.540253
2021-08-23,149.710007,146.022812
2021-08-24,149.619995,145.935028
2021-08-25,148.360001,144.706085
2021-08-26,147.539993,143.906250
2021-08-27,148.600006,144.940186
2021-08-30,153.119995,149.348816
2021-08-31,151.830002,148.090652
2021-09-01,152.509995,148.753845
2021-09-02,153.649994,149.865784
2021-09-03,154.300003,150.499771
2021-09-07,156.690002,152.830933
2021-09-08,155.110001,151.289825
2021-09-09,154.070007,150.275452
2021-09-10,148.970001,145.301041
2021-09-13,149.550003,145.866791
2021-09-14,148.119995,144.471954
2021-09-15,149.029999,145.359528
2021-09-16,148.789993,145.125458
2021-09-17,146.059998,142.462708
2021-09-20,142.940002,139.419556
2021-09-21,143.429993,139.897491
2021-09-22,145.850006,142.257874
2021-09-23,146.830002,143.213730
2021-09-24,146.919998,143.301514
2021-09-27,145.369995,141.789719
2021-09-28,141.910004,138.414948
2021-09-29,142.830002,139.312271
2021-09-30,141.500000,138.014999
2021-10-01,142.649994,139.136703
2021-10-04,139.139999,135.713150
2021-10-05,141.110001,137.634644
2021-10-06,142.000000,138.502701
2021-10-07,143.289993,139.760925
2021-10-08,142.899994,139.380539
2021-10-11,142.809998,139.292725
2021-10-12,141.509995,138.024719
2021-10-13,140.910004,137.439529
2021-10-14,143.759995,140.219330
2021-10-15,144.839996,141.272751
2021-10-18,146.550003,142.940628
2021-10-19,148.759995,145.096207
2021-10-20,149.259995,145.583878
2021-10-21,149.479996,145.798492
2021-10-22,148.690002,145.027908
2021-10-25,148.639999,144.979141
2021-10-26,149.320007,145.642441
2021-10-27,148.850006,145.184021
2021-10-28,152.570007,148.812347
2021-10-29,149.800003,146.110611
2021-11-01,148.960007,145.291306
2021-11-02,150.020004,146.325180
2021-11-03,151.490005,147.758972
2021-11-04,150.960007,147.242035
2021-11-05,151.279999,147.769470
2021-11-08,150.440002,146.948990
2021-11-09,150.809998,147.310364
2021-11-10,147.919998,144.487457
2021-11-11,147.869995,144.438644
2021-11-12,149.990005,146.509415
2021-11-15,150.000000,146.519196
2021-11-16,151.000000,147.496002
2021-11-17,153.490005,149.928207
2021-11-18,157.869995,154.206543
2021-11-19,160.550003,156.824417
2021-11-22,161.020004,157.283478
2021-11-23,161.410004,157.664413
2021-11-24,161.940002,158.182159
2021-11-26,156.809998,153.171173
2021-11-29,160.240005,156.521606
2021-11-30,165.300003,161.464142
2021-12-01,164.770004,160.946472
2021-12-02,163.759995,159.959885
2021-12-03,161.839996,158.084427
2021-12-06,165.320007,161.483719
2021-12-07,171.179993,167.207672
2021-12-08,175.080002,171.017212
2021-12-09,174.559998,170.509308
2021-12-10,179.449997,175.285782
2021-12-13,175.740005,171.661880
2021-12-14,174.330002,170.284592
2021-12-15,179.300003,175.139282
2021-12-16,172.259995,168.262619
2021-12-17,171.139999,167.168640
2021-12-20,169.750000,165.810867
2021-12-21,172.990005,168.975708
2021-12-22,175.639999,171.564224
2021-12-23,176.279999,172.189377
2021-12-27,180.330002,176.145370
2021-12-28,179.289993,175.129501
2021-12-29,179.380005,175.217484
2021-12-30,178.199997,174.064774
2021-12-31,177.570007,173.449432
2022-01-03,182.009995,177.786377
2022-01-04,179.699997,175.529999
2022-01-05,174.919998,170.860916
2022-01-06,172.000000,168.008682
2022-01-07,172.169998,168.174713
2022-01-10,172.190002,168.194275
2022-01-11,175.080002,171.017212
2022-01-12,175.529999,171.456772
2022-01-13,172.190002,168.194275
2022-01-14,173.070007,169.053848
2022-01-18,169.800003,165.859726
2022-01-19,166.229996,162.372559
2022-01-20,164.509995,160.692474
2022-01-21,162.410004,158.641220
2022-01-24,161.619995,157.869553
2022-01-25,159.779999,156.072235
2022-01-26,159.690002,155.984329
2022-01-27,159.220001,155.525238
2022-01-28,170.330002,166.377426
2022-01-31,174.779999,170.724152
2022-02-01,174.610001,170.558105
2022-02-02,175.839996,171.759552
2022-02-03,172.899994,168.887802
2022-02-04,172.389999,168.604172
2022-02-07,171.660004,167.890167
2022-02-08,174.830002,170.990570
2022-02-09,176.279999,172.408707
2022-02-10,172.119995,168.340088
2022-02-11,168.639999,164.936523
2022-02-14,168.880005,165.171265
2022-02-15,172.789993,168.995361
2022-02-16,172.550003,168.760681
2022-02-17,168.880005,165.171265
2022-02-18,167.300003,163.625992
2022-02-22,164.320007,160.711395
2022-02-23,160.070007,156.554764
2022-02-24,162.740005,159.166092
2022-02-25,164.850006,161.229767
2022-02-28,165.119995,161.493851
2022-03-01,163.199997,159.615997
2022-03-02,166.559998,162.902161
2022-03-03,166.229996,162.579437
2022-03-04,163.169998,159.586639
2022-03-07,159.300003,155.801620
2022-03-08,157.440002,153.982468
2022-03-09,162.949997,159.371475
2022-03-10,158.520004,155.038773
2022-03-11,154.729996,151.331985
2022-03-14,150.619995,147.312271
2022-03-15,155.089996,151.684143
2022-03-16,159.589996,156.085266
2022-03-17,160.619995,157.092667
2022-03-18,163.979996,160.378860
2022-03-21,165.380005,161.748108
2022-03-22,168.820007,165.112564
2022-03-23,170.210007,166.472092
2022-03-24,174.070007,170.247253
2022-03-25,174.720001,170.882980
2022-03-28,175.600006,171.743668
2022-03-29,178.960007,175.029892
2022-03-30,177.770004,173.866043
2022-03-31,174.610001,170.775436
2022-04-01,174.309998,170.482010
2022-04-04,178.440002,174.521286
2022-04-05,175.059998,171.215530
2022-04-06,171.830002,168.056473
2022-04-07,172.139999,168.359665
2022-04-08,170.089996,166.354660
2022-04-11,165.750000,162.109985
2022-04-12,167.660004,163.978027
2022-04-13,170.399994,166.657867
2022-04-14,165.289993,161.660080
2022-04-18,165.070007,161.444916
2022-04-19,167.399994,163.723724
2022-04-20,167.229996,163.557495
2022-04-21,166.419998,162.765305
2022-04-22,161.789993,158.236969
2022-04-25,162.880005,159.303024
2022-04-26,156.800003,153.356552
2022-04-27,156.570007,153.131622
2022-04-28,163.639999,160.046341
2022-04-29,157.649994,154.187836
2022-05-02,157.960007,154.491104
2022-05-03,159.479996,155.977661
2022-05-04,166.020004,162.374054
2022-05-05,156.770004,153.327209
2022-05-06,157.279999,154.052017
2022-05-09,152.059998,148.939102
2022-05-10,154.509995,151.338852
2022-05-11,146.500000,143.493256
2022-05-12,142.559998,139.634125
2022-05-13,147.110001,144.090744
2022-05-16,145.539993,142.552979
2022-05-17,149.240005,146.177032
2022-05-18,140.820007,137.929855
2022-05-19,137.350006,134.531036
2022-05-20,137.589996,134.766129
2022-05-23,143.110001,140.172821
2022-05-24,140.360001,137.479294
2022-05-25,140.520004,137.636017
2022-05-26,143.779999,140.829086
2022-05-27,149.639999,146.568802
2022-05-31,148.839996,145.785248
2022-06-01,148.710007,145.657913
2022-06-02,151.210007,148.106598
2022-06-03,145.380005,142.396240
2022-06-06,146.139999,143.140625
2022-06-07,148.710007,145.657913
2022-06-08,147.960007,144.923279
2022-06-09,142.639999,139.712479
2022-06-10,137.130005,134.315582
2022-06-13,131.880005,129.173325
2022-06-14,132.759995,130.035248
2022-06-15,135.429993,132.650436
2022-06-16,130.059998,127.390663
2022-06-17,131.559998,128.859909
2022-06-21,135.869995,133.081406
2022-06-22,135.350006,132.572098
2022-06-23,138.270004,135.432175
2022-06-24,141.660004,138.752625
2022-06-27,141.660004,138.752625
2022-06-28,137.440002,134.619202
2022-06-29,139.229996,136.372452
2022-06-30,136.720001,133.914001
2022-07-01,138.929993,136.078613
2022-07-05,141.559998,138.654633
2022-07-06,142.919998,139.986710
2022-07-07,146.350006,143.346344
2022-07-08,147.039993,144.022171
2022-07-11,144.869995,141.896713
2022-07-12,145.860001,142.866348
2022-07-13,145.490005,142.503983
2022-07-14,148.470001,145.422852
2022-07-15,150.169998,147.087936
2022-07-18,147.070007,144.051544
2022-07-19,151.000000,147.900894
2022-07-20,153.039993,149.899033
2022-07-21,155.350006,152.161606
2022-07-22,154.089996,150.927475
2022-07-25,152.949997,149.810867
2022-07-26,151.600006,148.488586
2022-07-27,156.789993,153.572052
2022-07-28,157.350006,154.120575
2022-07-29,162.509995,159.174652
2022-08-01,161.509995,158.195206
2022-08-02,160.009995,156.725937
2022-08-03,166.130005,162.720398
2022-08-04,165.809998,162.406967
2022-08-05,165.350006,162.181366
2022-08-08,164.869995,161.710526
2022-08-09,164.919998,161.759598
2022-08-10,169.240005,165.996841
2022-08-11,168.490005,165.261185
2022-08-12,172.100006,168.802002
2022-08-15,173.190002,169.871078
2022-08-16,173.029999,169.714172
2022-08-17,174.550003,171.205048
2022-08-18,174.149994,170.812683
2022-08-19,171.520004,168.233109
2022-08-22,167.570007,164.358826
2022-08-23,167.229996,164.025299
2022-08-24,167.529999,164.319595
2022-08-25,170.029999,166.771652
2022-08-26,163.619995,160.484482
2022-08-29,161.380005,158.287415
2022-08-30,158.910004,155.864731
2022-08-31,157.220001,154.207138
2022-09-01,157.960007,154.932999
2022-09-02,155.809998,152.824127
2022-09-06,154.529999,151.568710
2022-09-07,155.960007,152.971298
2022-09-08,154.460007,151.500031
2022-09-09,157.369995,154.354263
2022-09-12,163.429993,160.298141
2022-09-13,153.839996,150.891922
2022-09-14,155.309998,152.333740
2022-09-15,152.369995,149.450089
2022-09-16,150.699997,147.812103
2022-09-19,154.479996,151.519638
2022-09-20,156.899994,153.893295
2022-09-21,153.720001,150.774231
2022-09-22,152.740005,149.813004
2022-09-23,150.429993,147.547272
2022-09-26,150.770004,147.880768
2022-09-27,151.759995,148.851791
2022-09-28,149.839996,146.968552
2022-09-29,142.479996,139.749603
2022-09-30,138.199997,135.551605
2022-10-03,142.449997,139.720184
2022-10-04,146.100006,143.300232
2022-10-05,146.399994,143.594482
2022-10-06,145.429993,142.643066
2022-10-07,140.089996,137.405380
2022-10-10,140.419998,137.729080
2022-10-11,138.979996,136.316696
2022-10-12,138.339996,135.688980
2022-10-13,142.990005,140.249863
2022-10-14,138.380005,135.728165
2022-10-17,142.410004,139.680954
2022-10-18,143.750000,140.995255
2022-10-19,143.860001,141.103180
2022-10-20,143.389999,140.642166
2022-10-21,147.270004,144.447815
2022-10-24,149.449997,146.586029
2022-10-25,152.339996,149.420670
2022-10-26,149.350006,146.487976
2022-10-27,144.800003,142.025146
2022-10-28,155.740005,152.755508
2022-10-31,153.339996,150.401459
2022-11-01,150.649994,147.763062
2022-11-02,145.029999,142.250732
2022-11-03,138.880005,136.218582
2022-11-04,138.380005,135.953323
2022-11-07,138.919998,136.483871
2022-11-08,139.500000,137.053696
2022-11-09,134.869995,132.504883
2022-11-10,146.869995,144.294449
2022-11-11,149.699997,147.074829
2022-11-14,148.279999,145.679688
2022-11-15,150.039993,147.408875
2022-11-16,148.789993,146.180786
2022-11-17,150.720001,148.076935
2022-11-18,151.289993,148.636917
2022-11-21,148.009995,145.414474
2022-11-22,150.179993,147.546402
2022-11-23,151.070007,148.420807
2022-11-25,148.110001,145.512711
2022-11-28,144.220001,141.690918
2022-11-29,141.169998,138.694412
2022-11-30,148.029999,145.434082
2022-12-01,148.309998,145.709198
2022-12-02,147.809998,145.217972
2022-12-05,146.630005,144.058655
2022-12-06,142.910004,140.403900
2022-12-07,140.940002,138.468475
2022-12-08,142.649994,140.148468
2022-12-09,142.160004,139.667068
2022-12-12,144.490005,141.956207
2022-12-13,145.470001,142.919006
2022-12-14,143.210007,140.698654
2022-12-15,136.500000,134.106293
2022-12-16,134.509995,132.151199
2022-12-19,132.369995,130.048721
2022-12-20,132.300003,129.979950
2022-12-21,135.449997,133.074738
2022-12-22,132.229996,129.911179
2022-12-23,131.860001,129.547699
2022-12-27,130.029999,127.749771
2022-12-28,126.040001,123.829735
2022-12-29,129.610001,127.337135
2022-12-30,129.929993,127.651512
2023-01-03,125.070000,122.876732
2023-01-04,126.360001,124.144119
2023-01-05,125.019997,122.827621
2023-01-06,129.619995,127.346909
2023-01-09,130.149994,127.867661
2023-01-10,130.729996,128.437454
2023-01-11,133.490005,131.149078
2023-01-12,133.410004,131.070480
2023-01-13,134.759995,132.396774
2023-01-17,135.940002,133.556122
2023-01-18,135.210007,132.838928
2023-01-19,135.270004,132.897888
2023-01-20,137.869995,135.452286
2023-01-23,141.110001,138.635468
2023-01-24,142.529999,140.030533
2023-01-25,141.860001,139.372314
2023-01-26,143.960007,141.435471
2023-01-27,145.929993,143.370911
2023-01-30,143.000000,140.492340
2023-01-31,144.289993,141.759674
2023-02-01,145.429993,142.879669
2023-02-02,150.820007,148.175156
2023-02-03,154.500000,151.790634
2023-02-06,151.729996,149.069229
2023-02-07,154.649994,151.938049
2023-02-08,151.919998,149.255875
2023-02-09,150.869995,148.224304
2023-02-10,151.009995,148.588394
2023-02-13,153.850006,151.382843
2023-02-14,153.199997,150.743240
2023-02-15,155.330002,152.839096
2023-02-16,153.710007,151.245087
2023-02-17,152.550003,150.103683
2023-02-21,148.479996,146.098938
2023-02-22,148.910004,146.522034
2023-02-23,149.399994,147.004196
2023-02-24,146.710007,144.357315
2023-02-27,147.919998,145.547897
2023-02-28,147.410004,145.046097
2023-03-01,145.309998,142.979782
2023-03-02,145.910004,143.570190
2023-03-03,151.029999,148.608047
2023-03-06,153.830002,151.363129
2023-03-07,151.600006,149.168900
2023-03-08,152.869995,150.418549
2023-03-09,150.589996,148.175110
2023-03-10,148.500000,146.118637
2023-03-13,150.470001,148.057068
2023-03-14,152.589996,150.143021
2023-03-15,152.990005,150.536621
2023-03-16,155.850006,153.350754
2023-03-17,155.000000,152.514404
2023-03-20,157.399994,154.875870
2023-03-21,159.279999,156.725769
2023-03-22,157.830002,155.299011
2023-03-23,158.929993,156.381378
2023-03-24,160.250000,157.680222
2023-03-27,158.279999,155.741806
2023-03-28,157.649994,155.121872
2023-03-29,160.770004,158.191864
2023-03-30,162.360001,159.756378
2023-03-31,164.899994,162.255615
2023-04-03,166.169998,163.505264
2023-04-04,165.630005,162.973938
2023-04-05,163.759995,161.133896
2023-04-06,164.660004,162.019516
2023-04-10,162.029999,159.431656
2023-04-11,160.800003,158.221390
2023-04-12,160.100006,157.532639
2023-04-13,165.559998,162.905060
2023-04-14,165.210007,162.560669
2023-04-17,165.229996,162.580307
2023-04-18,166.470001,163.800476
2023-04-19,167.630005,164.941833
2023-04-20,166.649994,163.977570
2023-04-21,165.020004,162.373718
2023-04-24,165.330002,162.678741
2023-04-25,163.770004,161.143784
2023-04-26,163.759995,161.133896
2023-04-27,168.410004,165.709366
2023-04-28,169.679993,166.958954
2023-05-01,169.589996,166.870392
2023-05-02,168.539993,165.837265
2023-05-03,167.449997,164.764725
2023-05-04,165.789993,163.131363
2023-05-05,173.570007,170.786575
2023-05-08,173.500000,170.717728
2023-05-09,171.770004,169.015472
2023-05-10,173.559998,170.776764
2023-05-11,173.750000,170.963715
2023-05-12,172.570007,170.037521
2023-05-15,172.070007,169.544861
2023-05-16,172.070007,169.544861
2023-05-17,172.690002,170.155716
2023-05-18,175.050003,172.481140
2023-05-19,175.160004,172.589539
2023-05-22,174.199997,171.643555
2023-05-23,171.559998,169.042328
2023-05-24,171.839996,169.318222
2023-05-25,172.990005,170.451340
2023-05-26,175.429993,172.855515
2023-05-30,177.300003,174.698090
2023-05-31,177.250000,174.648819
2023-06-01,180.089996,177.447144
2023-06-02,180.949997,178.294525
2023-06-05,179.580002,176.944611
2023-06-06,179.210007,176.580078
2023-06-07,177.820007,175.210480
2023-06-08,180.570007,177.920105
2023-06-09,180.960007,178.304413
2023-06-12,183.789993,181.092819
2023-06-13,183.309998,180.619873
2023-06-14,183.949997,181.250504
2023-06-15,186.009995,183.280289
2023-06-16,184.919998,182.206238
2023-06-20,185.009995,182.294952
2023-06-21,183.960007,181.260345
2023-06-22,187.000000,184.255737
2023-06-23,186.679993,183.940414
2023-06-26,185.270004,182.551117
2023-06-27,188.059998,185.300186
2023-06-28,189.250000,186.472687
2023-06-29,189.589996,186.807724
2023-06-30,193.970001,191.123459
2023-07-03,192.460007,189.635605
2023-07-05,191.330002,188.522202
2023-07-06,191.809998,188.995163
2023-07-07,190.679993,187.881744
2023-07-10,188.610001,185.842117
2023-07-11,188.080002,185.319901
2023-07-12,189.770004,186.985107
2023-07-13,190.539993,187.743774
2023-07-14,190.690002,187.891617
2023-07-17,193.990005,191.143158
2023-07-18,193.729996,190.887009
2023-07-19,195.100006,192.236877
2023-07-20,193.130005,190.295776
2023-07-21,191.940002,189.123245
2023-07-24,192.750000,189.921387
2023-07-25,193.619995,190.778595
2023-07-26,194.500000,191.645691
2023-07-27,193.220001,190.384445
2023-07-28,195.830002,192.956146
2023-07-31,196.449997,193.567062
2023-08-01,195.610001,192.739410
2023-08-02,192.580002,189.753830
2023-08-03,191.169998,188.364532
2023-08-04,181.990005,179.319275
2023-08-07,178.850006,176.225357
2023-08-08,179.800003,177.161407
2023-08-09,178.190002,175.574997
2023-08-10,177.970001,175.358276
2023-08-11,177.789993,175.417450
2023-08-14,179.460007,177.065186
2023-08-15,177.449997,175.081985
2023-08-16,176.570007,174.213760
2023-08-17,174.000000,171.678040
2023-08-18,174.490005,172.161499
2023-08-21,175.839996,173.493484
2023-08-22,177.229996,174.864929
2023-08-23,181.119995,178.703018
2023-08-24,176.380005,174.026291
2023-08-25,178.610001,176.226486
2023-08-28,180.190002,177.785446
2023-08-29,184.119995,181.662994
2023-08-30,187.649994,185.145859
2023-08-31,187.869995,185.362946
2023-09-01,189.460007,186.931732
2023-09-05,189.699997,187.168533
2023-09-06,182.910004,180.469131
2023-09-07,177.559998,175.190536
2023-09-08,178.179993,175.802246
2023-09-11,179.360001,176.966492
2023-09-12,176.300003,173.947357
2023-09-13,174.210007,171.885239
2023-09-14,175.740005,173.394791
2023-09-15,175.009995,172.674545
2023-09-18,177.970001,175.595062
2023-09-19,179.070007,176.680389
2023-09-20,175.490005,173.148163
2023-09-21,173.929993,171.608932
2023-09-22,174.789993,172.457489
2023-09-25,176.080002,173.730286
2023-09-26,171.960007,169.665268
2023-09-27,170.429993,168.155655
2023-09-28,170.690002,168.412231
2023-09-29,171.210007,168.925262
2023-10-02,173.750000,171.431351
2023-10-03,172.399994,170.099396
2023-10-04,173.660004,171.342590
2023-10-05,174.910004,172.575912
2023-10-06,177.490005,175.121460
2023-10-09,178.990005,176.601440
2023-10-10,178.389999,176.009445
2023-10-11,179.800003,177.400620
2023-10-12,180.710007,178.298492
2023-10-13,178.850006,176.463318
2023-10-16,178.720001,176.335037
2023-10-17,177.149994,174.785995
2023-10-18,175.839996,173.493484
2023-10-19,175.460007,173.118561
2023-10-20,172.880005,170.572998
2023-10-23,173.000000,170.691391
2023-10-24,173.440002,171.125504
2023-10-25,171.100006,168.816757
2023-10-26,166.889999,164.662933
2023-10-27,168.220001,165.975174
2023-10-30,170.289993,168.017548
2023-10-31,170.770004,168.491165
2023-11-01,173.970001,171.648438
2023-11-02,177.570007,175.200409
2023-11-03,176.649994,174.292664
2023-11-06,179.229996,176.838242
2023-11-07,181.820007,179.393692
2023-11-08,182.889999,180.449387
2023-11-09,182.410004,179.975815
2023-11-10,186.399994,184.154861
2023-11-13,184.800003,182.574158
2023-11-14,187.440002,185.182327
2023-11-15,188.009995,185.745468
2023-11-16,189.710007,187.424988
2023-11-17,189.690002,187.405258
2023-11-20,191.449997,189.144028
2023-11-21,190.639999,188.343796
2023-11-22,191.309998,189.005707
2023-11-24,189.970001,187.681870
2023-11-27,189.789993,187.504028
2023-11-28,190.399994,188.106674
2023-11-29,189.369995,187.089081
2023-11-30,189.949997,187.662094
2023-12-01,191.240005,188.936569
2023-12-04,189.429993,187.148315
2023-12-05,193.419998,191.090286
2023-12-06,192.320007,190.003555
2023-12-07,194.270004,191.930054
2023-12-08,195.710007,193.352707
2023-12-11,193.179993,190.853195
2023-12-12,194.710007,192.364761
2023-12-13,197.960007,195.575623
2023-12-14,198.110001,195.723816
2023-12-15,197.570007,195.190338
2023-12-18,195.889999,193.530579
2023-12-19,196.940002,194.567902
2023-12-20,194.830002,192.483337
2023-12-21,194.679993,192.335129
2023-12-22,193.600006,191.268127
2023-12-26,193.050003,190.724777
2023-12-27,193.149994,190.823532
2023-12-28,193.580002,191.248352
2023-12-29,192.529999,190.211029
2024-01-02,185.639999,183.404022
2024-01-03,184.250000,182.030746
2024-01-04,181.910004,179.718948
2024-01-05,181.179993,178.997726
2024-01-08,185.559998,183.324966
2024-01-09,185.139999,182.910034
2024-01-10,186.190002,183.947403
2024-01-11,185.589996,183.354614
2024-01-12,185.919998,183.680618
2024-01-16,183.630005,181.418213
2024-01-17,182.679993,180.479660
2024-01-18,188.630005,186.358017
2024-01-19,191.559998,189.252701
2024-01-22,193.889999,191.554642
2024-01-23,195.179993,192.829102
2024-01-24,194.500000,192.157303
2024-01-25,194.169998,191.831268
2024-01-26,192.419998,190.102356
2024-01-29,191.729996,189.420639
2024-01-30,188.039993,185.775101
2024-01-31,184.399994,182.178955
2024-02-01,186.860001,184.609329
2024-02-02,185.850006,183.611481
2024-02-05,187.679993,185.419434
2024-02-06,189.300003,187.019943
2024-02-07,189.410004,187.128616
2024-02-08,188.320007,186.051712
2024-02-09,188.850006,186.813431
2024-02-12,187.149994,185.131744
2024-02-13,185.039993,183.044510
2024-02-14,184.149994,182.164124
2024-02-15,183.860001,181.877213
2024-02-16,182.309998,180.343948
2024-02-20,181.559998,179.602051
2024-02-21,182.320007,180.353836
2024-02-22,184.369995,182.381744
2024-02-23,182.520004,180.551697
2024-02-26,181.160004,179.206360
2024-02-27,182.630005,180.660507
2024-02-28,181.419998,179.463547
2024-02-29,180.750000,178.800751
2024-03-01,179.660004,177.722549
2024-03-04,175.100006,173.211716
2024-03-05,170.119995,168.285400
2024-03-06,169.119995,167.296173
2024-03-07,169.000000,167.177475
2024-03-08,170.729996,168.888809
2024-03-11,172.750000,170.887039
2024-03-12,173.229996,171.361877
2024-03-13,171.130005,169.284531
2024-03-14,173.000000,171.134338
2024-03-15,172.619995,170.758423
2024-03-18,173.720001,171.846588
2024-03-19,176.080002,174.181137
2024-03-20,178.669998,176.743210
2024-03-21,171.369995,169.521912
2024-03-22,172.279999,170.422119
2024-03-25,170.850006,169.007538
2024-03-26,169.710007,167.879837
2024-03-27,173.309998,171.441010
2024-03-28,171.479996,169.630737
2024-04-01,170.029999,168.196365
2024-04-02,168.839996,167.019180
2024-04-03,169.649994,167.820480
2024-04-04,168.820007,166.999435
2024-04-05,169.580002,167.751236
2024-04-08,168.449997,166.633438
2024-04-09,169.669998,167.840256
2024-04-10,167.779999,165.970642
2024-04-11,175.039993,173.152328
2024-04-12,176.550003,174.646057
2024-04-15,172.690002,170.827682
2024-04-16,169.380005,167.553406
2024-04-17,168.000000,166.188278
2024-04-18,167.039993,165.238617
2024-04-19,165.000000,163.220627
2024-04-22,165.839996,164.051590
2024-04-23,166.899994,165.100128
2024-04-24,169.020004,167.197266
2024-04-25,169.889999,168.057892
2024-04-26,169.300003,167.474243
2024-04-29,173.500000,171.628937
2024-04-30,170.330002,168.493164
2024-05-01,169.300003,167.474243
2024-05-02,173.029999,171.164062
2024-05-03,183.380005,181.402420
2024-05-06,181.710007,179.750427
2024-05-07,182.399994,180.432968
2024-05-08,182.740005,180.769333
2024-05-09,184.570007,182.579559
2024-05-10,183.050003,181.321579
2024-05-13,186.279999,184.521088
2024-05-14,187.429993,185.660217
2024-05-15,189.720001,187.928604
2024-05-16,189.839996,188.047455
2024-05-17,189.869995,188.077194
2024-05-20,191.039993,189.236115
2024-05-21,192.350006,190.533752
2024-05-22,190.899994,189.097458
2024-05-23,186.880005,185.115402
2024-05-24,189.979996,188.186127
2024-05-28,189.990005,188.196060
2024-05-29,190.289993,188.493225
2024-05-30,191.289993,189.483765
2024-05-31,192.250000,190.434692
2024-06-03,194.029999,192.197891
2024-06-04,194.350006,192.514877
2024-06-05,195.869995,194.020508
2024-06-06,194.479996,192.643661
2024-06-07,196.889999,195.030914
2024-06-10,193.119995,191.296478
2024-06-11,207.149994,205.193985
2024-06-12,213.070007,211.058136
2024-06-13,214.240005,212.217072
2024-06-14,212.490005,210.483612
2024-06-17,216.669998,214.624115
2024-06-18,214.289993,212.266571
2024-06-20,209.679993,207.700119
2024-06-21,207.490005,205.530823
2024-06-24,208.139999,206.174683
2024-06-25,209.070007,207.095901
2024-06-26,213.250000,211.236404
2024-06-27,214.100006,212.078384
2024-06-28,210.619995,208.631226
2024-07-01,216.750000,214.703369
2024-07-02,220.270004,218.190125
2024-07-03,221.550003,219.458054
2024-07-05,226.339996,224.202805
2024-07-08,227.820007,225.668839
2024-07-09,228.679993,226.520721
2024-07-10,232.979996,230.780121
2024-07-11,227.570007,225.421219
2024-07-12,230.539993,228.363159
2024-07-15,234.399994,232.186722
2024-07-16,234.820007,232.602753
2024-07-17,228.880005,226.718857
2024-07-18,224.179993,222.063187
2024-07-19,224.309998,222.191986
2024-07-22,223.960007,221.845291
2024-07-23,225.009995,222.885361
2024-07-24,218.539993,216.476456
2024-07-25,217.490005,215.436356
2024-07-26,217.960007,215.901932
2024-07-29,218.240005,216.179276
2024-07-30,218.800003,216.734024
2024-07-31,222.080002,219.983032
2024-08-01,218.360001,216.298172
2024-08-02,219.860001,217.784012
2024-08-05,209.270004,207.293976
2024-08-06,207.229996,205.273254
2024-08-07,209.820007,207.838821
2024-08-08,213.309998,211.295853
2024-08-09,216.240005,214.198196
2024-08-12,217.529999,215.725403
2024-08-13,221.270004,219.434402
2024-08-14,221.720001,219.880646
2024-08-15,224.720001,222.855774
2024-08-16,226.050003,224.174744
2024-08-19,225.889999,224.016037
2024-08-20,226.509995,224.630920
2024-08-21,226.399994,224.521851
2024-08-22,224.529999,222.667343
2024-08-23,226.839996,224.958176
2024-08-26,227.179993,225.295349
2024-08-27,228.029999,226.138321
2024-08-28,226.490005,224.611084
2024-08-29,229.789993,227.883682
2024-08-30,229.000000,227.100266
2024-09-03,222.770004,220.921951
2024-09-04,220.850006,219.017883
2024-09-05,222.380005,220.535187
2024-09-06,220.820007,218.988113
2024-09-09,220.910004,219.077362
2024-09-10,220.110001,218.284012
2024-09-11,222.660004,220.812851
2024-09-12,222.770004,220.921951
2024-09-13,222.500000,220.654175
2024-09-16,216.320007,214.525452
2024-09-17,216.789993,214.991547
2024-09-18,220.690002,218.859192
2024-09-19,228.869995,226.971344
2024-09-20,228.199997,226.306885
2024-09-23,226.470001,224.591248
2024-09-24,227.369995,225.483780
2024-09-25,226.369995,224.492081
2024-09-26,227.520004,225.632553
2024-09-27,227.789993,225.900299
2024-09-30,233.000000,231.067078
2024-10-01,226.210007,224.333405
2024-10-02,226.779999,224.898666
2024-10-03,225.669998,223.797897
2024-10-04,226.800003,224.918503
2024-10-07,221.690002,219.850891
2024-10-08,225.770004,223.897064
2024-10-09,229.539993,227.635788
2024-10-10,229.039993,227.139923
2024-10-11,227.550003,225.662292
2024-10-14,231.300003,229.381195
2024-10-15,233.850006,231.910034
2024-10-16,231.779999,229.857178
2024-10-17,232.149994,230.224121
2024-10-18,235.000000,233.050491
2024-10-21,236.479996,234.518204
2024-10-22,235.860001,233.903366
2024-10-23,230.759995,228.845642
2024-10-24,230.570007,228.657242
2024-10-25,231.410004,229.490280
2024-10-28,233.399994,231.463760
2024-10-29,233.669998,231.731506
2024-10-30,230.100006,228.191147
2024-10-31,225.910004,224.035919
2024-11-01,222.910004,221.060791
2024-11-04,222.009995,220.168243
2024-11-05,223.449997,221.596298
2024-11-06,222.720001,220.872345
2024-11-07,227.479996,225.592865
2024-11-08,226.960007,225.324814
2024-11-11,224.229996,222.614487
2024-11-12,224.229996,222.614487
2024-11-13,225.119995,223.498093
2024-11-14,228.220001,226.575760
2024-11-15,225.000000,223.378937
2024-11-18,228.020004,226.377182
2024-11-19,228.279999,226.635300
2024-11-20,229.000000,227.350098
2024-11-21,228.520004,226.873581
2024-11-22,229.869995,228.213852
2024-11-25,232.869995,231.192230
2024-11-26,235.059998,233.366455
2024-11-27,234.929993,233.237396
2024-11-29,237.330002,235.620102
2024-12-02,239.589996,237.863815
2024-12-03,242.649994,240.901749
2024-12-04,243.009995,241.259186
2024-12-05,243.039993,241.288956
2024-12-06,242.839996,241.090393
2024-12-09,246.750000,244.972229
2024-12-10,247.770004,245.984894
2024-12-11,246.490005,244.714081
2024-12-12,247.960007,246.173523
2024-12-13,248.130005,246.342285
2024-12-16,251.039993,249.231308
2024-12-17,253.479996,251.653748
2024-12-18,248.050003,246.262863
2024-12-19,249.789993,247.990311
2024-12-20,254.490005,252.656479
2024-12-23,255.270004,253.430847
2024-12-24,258.200012,256.339752
2024-12-26,259.019989,257.153809
2024-12-27,255.589996,253.748550
2024-12-30,252.199997,250.382980
2024-12-31,250.419998,248.615784
2025-01-02,243.850006,242.093140
2025-01-03,243.360001,241.606674
2025-01-06,245.000000,243.234848
2025-01-07,242.210007,240.464966
2025-01-08,242.699997,240.951385
2025-01-10,236.850006,235.143555
2025-01-13,234.399994,232.711227
2025-01-14,233.279999,231.599274
2025-01-15,237.869995,236.156204
2025-01-16,228.259995,226.615433
2025-01-17,229.979996,228.323044
2025-01-21,222.639999,221.035950
2025-01-22,223.830002,222.217361
2025-01-23,223.660004,222.048615
2025-01-24,222.779999,221.174927
2025-01-27,229.860001,228.203918
2025-01-28,238.259995,236.543411
2025-01-29,239.360001,237.635498
2025-01-30,237.589996,235.878220
2025-01-31,236.000000,234.299698
2025-02-03,228.009995,226.367264
2025-02-04,232.800003,231.122742
2025-02-05,232.470001,230.795135
2025-02-06,233.220001,231.539719
2025-02-07,227.630005,225.989990
2025-02-10,227.649994,226.258331
2025-02-11,232.619995,231.197937
2025-02-12,236.869995,235.421967
2025-02-13,241.529999,240.053513
2025-02-14,244.600006,243.104721
2025-02-18,244.470001,242.975525
2025-02-19,244.869995,243.373062
2025-02-20,245.830002,244.327194
2025-02-21,245.550003,244.048904
2025-02-24,247.100006,245.589447
2025-02-25,247.039993,245.529800
2025-02-26,240.360001,238.890640
2025-02-27,237.300003,235.849350
2025-02-28,241.839996,240.361588
2025-03-03,238.029999,236.574875
2025-03-04,235.929993,234.487717
2025-03-05,235.740005,234.298889
2025-03-06,235.330002,233.891403
2025-03-07,239.070007,237.608536
2025-03-10,227.479996,226.089371
2025-03-11,220.839996,219.489960
2025-03-12,216.979996,215.653564
2025-03-13,209.679993,208.398178
2025-03-14,213.490005,212.184906
2025-03-17,214.000000,212.691788
2025-03-18,212.690002,211.389801
2025-03-19,215.240005,213.924210
2025-03-20,214.100006,212.791199
2025-03-21,218.270004,216.935684
2025-03-24,220.729996,219.380615
2025-03-25,223.750000,222.382172
2025-03-26,221.529999,220.175751
2025-03-27,223.850006,222.481567
2025-03-28,217.899994,216.567932
2025-03-31,222.130005,220.772095
2025-04-01,223.190002,221.825592
2025-04-02,223.889999,222.521332
2025-04-03,203.190002,201.947861
2025-04-04,188.380005,187.228424
2025-04-07,181.460007,180.350723
2025-04-08,172.419998,171.365952
2025-04-09,198.850006,197.634399
2025-04-10,190.419998,189.255920
2025-04-11,198.149994,196.938675
2025-04-14,202.520004,201.281967
2025-04-15,202.139999,200.904282
2025-04-16,194.270004,193.082397
2025-04-17,196.979996,195.775818
2025-04-21,193.160004,191.979187
2025-04-22,199.740005,198.518951
2025-04-23,204.600006,203.349258
2025-04-24,208.369995,207.096191
2025-04-25,209.279999,208.000641
2025-04-28,210.139999,208.855362
2025-04-29,211.210007,209.918839
2025-04-30,212.500000,211.200958
2025-05-01,213.320007,212.015945
2025-05-02,205.350006,204.094650
2025-05-05,198.889999,197.674149
2025-05-06,198.509995,197.296494
2025-05-07,196.250000,195.050278
2025-05-08,197.490005,196.282715
2025-05-09,198.529999,197.316345
2025-05-12,210.789993,209.776123
2025-05-13,212.929993,211.905823
2025-05-14,212.330002,211.308731
2025-05-15,211.449997,210.432953
2025-05-16,211.259995,210.243866
2025-05-19,208.779999,207.775803
2025-05-20,206.860001,205.865036
2025-05-21,202.089996,201.117981
2025-05-22,201.360001,200.391495
2025-05-23,195.270004,194.330780
2025-05-27,200.210007,199.247009
2025-05-28,200.419998,199.456009
2025-05-29,199.949997,198.988266
2025-05-30,200.850006,199.883942
2025-06-02,201.699997,200.729858
2025-06-03,203.270004,202.292297
2025-06-04,202.820007,201.844482
2025-06-05,200.630005,199.664993
2025-06-06,203.919998,202.939178
2025-06-09,201.449997,200.481049
2025-06-10,202.669998,201.695190
2025-06-11,198.779999,197.823914
2025-06-12,199.199997,198.241867
2025-06-13,196.449997,195.505112
2025-06-16,198.419998,197.465607
2025-06-17,195.639999,194.698990
2025-06-18,196.580002,195.634476
2025-06-20,201.000000,200.033234
2025-06-23,201.500000,200.530823
2025-06-24,200.300003,199.336594
2025-06-25,201.559998,200.590530
2025-06-26,201.000000,200.033234
2025-06-27,201.080002,200.112839
2025-06-30,205.169998,204.183151
2025-07-01,207.820007,206.820419
2025-07-02,212.440002,211.418198
2025-07-03,213.550003,212.522858
2025-07-07,209.949997,208.940170
2025-07-08,210.009995,208.999863
2025-07-09,211.139999,210.124435
2025-07-10,212.410004,211.388351
2025-07-11,211.160004,210.144348
2025-07-14,208.619995,207.616547
2025-07-15,209.110001,208.104218
2025-07-16,210.160004,209.149170
2025-07-17,210.020004,209.009842
2025-07-18,211.179993,210.164246
2025-07-21,212.479996,211.458008
2025-07-22,214.399994,213.368744
2025-07-23,214.149994,213.119980
2025-07-24,213.759995,212.731842
2025-07-25,213.880005,212.851273
2025-07-28,214.050003,213.020462
2025-07-29,211.270004,210.253815
2025-07-30,209.050003,208.044495
2025-07-31,207.570007,206.571625
2025-08-01,202.380005,201.406601
2025-08-04,203.350006,202.371918
2025-08-05,202.919998,201.943985
2025-08-06,213.250000,212.224319
2025-08-07,220.029999,218.971680
2025-08-08,229.350006,228.246872
2025-08-11,227.179993,226.343887
2025-08-12,229.649994,228.804810
2025-08-13,233.330002,232.471252
2025-08-14,232.779999,231.923279
2025-08-15,231.589996,230.737656
2025-08-18,230.889999,230.040237
2025-08-19,230.559998,229.711441
2025-08-20,226.009995,225.178192
2025-08-21,224.899994,224.072266
2025-08-22,227.759995,226.921753
2025-08-25,227.160004,226.323975
2025-08-26,229.309998,228.466049
2025-08-27,230.490005,229.641724
2025-08-28,232.559998,231.704086
2025-08-29,232.139999,231.285629
2025-09-02,229.720001,228.874542
2025-09-03,238.470001,237.592346
2025-09-04,239.779999,238.897491
2025-09-05,239.690002,238.807846
2025-09-08,237.880005,237.004517
2025-09-09,234.350006,233.487518
2025-09-10,226.789993,225.955322
2025-09-11,230.029999,229.183411
2025-09-12,234.070007,233.208557
2025-09-15,236.699997,235.828857
2025-09-16,238.149994,237.273514
2025-09-17,238.990005,238.110443
2025-09-18,237.880005,237.004517
2025-09-19,245.500000,244.596466
2025-09-22,256.079987,255.137512
2025-09-23,254.429993,253.493607
2025-09-24,252.309998,251.381409
2025-09-25,256.869995,255.924606
2025-09-26,255.460007,254.519821
2025-09-29,254.429993,253.493607
2025-09-30,254.630005,253.692871
2025-10-01,255.449997,254.509842
2025-10-02,257.130005,256.183655
2025-10-03,258.019989,257.070374
2025-10-06,256.690002,255.745300
2025-10-07,256.480011,255.536072
2025-10-08,258.059998,257.110229
2025-10-09,254.039993,253.105011
2025-10-10,245.270004,244.367310
2025-10-13,247.660004,246.748520
2025-10-14,247.770004,246.858109
2025-10-15,249.339996,248.422333
2025-10-16,247.449997,246.539276
2025-10-17,252.289993,251.361465
2025-10-20,262.239990,261.274841
2025-10-21,262.769989,261.802887
2025-10-22,258.450012,257.498840
2025-10-23,259.579987,258.624634
2025-10-24,262.820007,261.852722
2025-10-27,268.809998,267.820648
2025-10-28,269.000000,268.009949
2025-10-29,269.700012,268.707397
2025-10-30,271.399994,270.401123
2025-10-31,270.369995,269.374908
2025-11-03,269.049988,268.059784
2025-11-04,270.040009,269.046173
2025-11-05,270.140015,269.145782
2025-11-06,269.769989,268.777130
2025-11-07,268.470001,267.481934
2025-11-10,269.429993,268.698578
2025-11-11,275.250000,274.502808
2025-11-12,273.470001,272.727692
2025-11-13,272.950012,272.209045
2025-11-14,272.410004,271.670532
2025-11-17,267.459991,266.733948
2025-11-18,267.440002,266.713989
2025-11-19,268.559998,267.830994
2025-11-20,266.250000,265.527252
2025-11-21,271.489990,270.752991
2025-11-24,275.920013,275.171021
2025-11-25,276.970001,276.218140
2025-11-26,277.549988,276.796600
2025-11-28,278.850006,278.093048
2025-12-01,283.100006,282.331512
2025-12-02,286.190002,285.413116
2025-12-03,284.149994,283.378662
2025-12-04,280.700012,279.938019
2025-12-05,278.779999,278.023224
2025-12-08,277.890015,277.135651
2025-12-09,277.179993,276.427582
2025-12-10,278.779999,278.023224
2025-12-11,278.029999,277.275269
2025-12-12,278.279999,277.524567
2025-12-15,274.109985,273.365875
2025-12-16,274.609985,273.864532
2025-12-17,271.839996,271.102051
2025-12-18,272.190002,271.451141
2025-12-19,273.670013,272.927124
2025-12-22,270.970001,270.234436
2025-12-23,272.359985,271.620667
2025-12-24,273.809998,273.066711
2025-12-26,273.399994,272.657867
2025-12-29,273.760010,273.016876
2025-12-30,273.079987,272.338684
2025-12-31,271.859985,271.122009
2026-01-02,271.010010,270.274353
2026-01-05,267.260010,266.534546
2026-01-06,262.359985,261.647827
2026-01-07,260.329987,259.623322
2026-01-08,259.040009,258.336823
2026-01-09,259.369995,258.665924
2026-01-12,260.250000,259.543518
2026-01-13,261.049988,260.341370
2026-01-14,259.959991,259.254303
2026-01-15,258.209991,257.509094
2026-01-16,255.529999,254.836334
2026-01-20,246.699997,246.030319
2026-01-21,247.649994,246.977737
2026-01-22,248.350006,247.675842
2026-01-23,248.039993,247.366669
2026-01-26,255.410004,254.716690
2026-01-27,258.269989,257.568909
2026-01-28,256.440002,255.743881
2026-01-29,258.279999,257.578888
2026-01-30,259.480011,258.775665
2026-02-02,270.010010,269.277039
2026-02-03,269.480011,268.748505
2026-02-04,276.489990,275.739410
2026-02-05,275.910004,275.161041
2026-02-06,278.119995,277.364990
2026-02-09,274.619995,274.130798
2026-02-10,273.679993,273.192444
2026-02-11,275.500000,275.009216
2026-02-12,261.730011,261.263794
2026-02-13,255.779999,255.324356
2026-02-17,263.880005,263.409943
2026-02-18,264.350006,263.879120
2026-02-19,260.579987,260.115784
2026-02-20,264.579987,264.108673
2026-02-23,266.179993,265.705811
2026-02-24,272.140015,271.655243
2026-02-25,274.230011,273.741516
2026-02-26,272.950012,272.463776
2026-02-27,264.179993,263.709381
2026-03-02,264.720001,264.248413
2026-03-03,263.750000,263.280182
2026-03-04,262.519989,262.052338
2026-03-05,260.290009,259.826324
2026-03-06,257.459991,257.001343
2026-03-09,259.880005,259.417053
2026-03-10,260.829987,260.365356
2026-03-11,260.809998,260.345367
2026-03-12,255.759995,255.304382
2026-03-13,250.119995,249.674438
2026-03-16,252.820007,252.369644
2026-03-17,254.229996,253.777115
2026-03-18,249.940002,249.494766
2026-03-19,248.960007,248.516525
2026-03-20,247.990005,247.548233
2026-03-23,251.490005,251.042007
2026-03-24,251.639999,251.191727
2026-03-25,252.619995,252.169983
2026-03-26,252.889999,252.439514
2026-03-27,248.800003,248.356796
2026-03-30,246.630005,246.190659
2026-03-31,253.789993,253.337891
2026-04-01,255.630005,255.174622
2026-04-02,255.919998,255.464111
2026-04-06,258.859985,258.398834
2026-04-07,253.500000,253.048416
2026-04-08,258.899994,258.438782
2026-04-09,260.489990,260.025940
2026-04-10,260.480011,260.015991
2026-04-13,259.200012,258.738281
2026-04-14,258.829987,258.368896
2026-04-15,266.429993,265.955383
2026-04-16,263.399994,262.930756
2026-04-17,270.230011,269.748627
2026-04-20,273.049988,272.563568
2026-04-21,266.170013,265.695862
2026-04-22,273.170013,272.683411
2026-04-23,273.429993,272.942902
2026-04-24,271.059998,270.577118
2026-04-27,267.609985,267.133270
2026-04-28,270.709991,270.227753
2026-04-29,270.170013,269.688721
2026-04-30,271.350006,270.866638
2026-05-01,280.140015,279.640961
2026-05-04,276.829987,276.336853
2026-05-05,284.179993,283.673767
2026-05-06,287.510010,286.997833
2026-05-07,287.440002,286.927948
2026-05-08,293.320007,292.797485
2026-05-11,292.679993,292.427795
2026-05-12,294.799988,294.545959
2026-05-13,298.869995,298.612457
2026-05-14,298.209991,297.953033
2026-05-15,300.230011,299.971313
2026-05-18,297.839996,297.583344
2026-05-19,298.970001,298.712372
2026-05-20,302.250000,301.989563
2026-05-21,304.989990,304.727173
2026-05-22,308.820007,308.553894
2026-05-26,308.329987,308.064301
2026-05-27,310.850006,310.582153
2026-05-28,312.510010,312.240723
2026-05-29,312.059998,311.791107
2026-06-01,306.309998,306.046051
2026-06-02,315.200012,314.928406
2026-06-03,310.260010,309.992645
2026-06-04,311.230011,310.961823
2026-06-05,307.339996,307.075165
2026-06-08,301.540009,301.280182
2026-06-09,290.549988,290.299622
2026-06-10,291.579987,291.328735
2026-06-11,295.630005,295.375244
2026-06-12,291.130005,290.879150
2026-06-15,296.420013,296.164581
2026-06-16,299.239990,298.982147
2026-06-17,295.950012,295.694977
2026-06-18,298.010010,297.753204
2026-06-22,297.010010,296.754089
2026-06-23,294.299988,294.046387
2026-06-24,293.079987,292.827423
2026-06-25,275.149994,274.912903
2026-06-26,283.779999,283.535461
2026-06-29,281.739990,281.497223
2026-06-30,289.359985,289.110657
2026-07-01,294.380005,294.126343
2026-07-02,308.630005,308.364044
2026-07-06,312.660004,312.390594
2026-07-07,310.660004,310.392303
2026-07-08,313.390015,313.119965
2026-07-09,316.220001,315.947510
2026-07-10,315.320007,315.048309
2026-07-13,317.309998,317.036560
2026-07-14,314.859985,314.588684
2026-07-15,327.500000,327.217804
2026-07-16,333.260010,332.972839
2026-07-17,333.739990,333.452393
2026-07-20,326.589996,326.308563
2026-07-21,327.739990,327.457581
2026-07-22,325.890015,325.609192
2026-07-23,321.660004,321.382843
2026-07-24,333.019989,332.733032
2026-07-27,336.910004,336.619690
2026-07-28,340.079987,339.786926
2026-07-29,338.190002,337.898590
2026-07-30,333.429993,333.142670
2026-07-31,308.910004,308.643829
2026-08-03,303.420013,303.158569
2026-08-04,309.380005,309.113403
2026-08-05,311.000000,310.732025
2026-08-06,312.410004,312.140808
2026-08-07,313.329987,313.059998
2026-08-10,308.260010,308.260010
2026-08-11,304.910004,304.910004
2026-08-12,302.250000,302.250000
2026-08-13,305.260010,305.260010
2026-08-14,305.929993,305.929993
2026-08-17,305.589996,305.589996
2026-08-18,310.029999,310.029999
2026-08-19,316.829987,316.829987
2026-08-20,311.299988,311.299988
2026-08-21,309.350006,309.350006
2026-08-24,310.339996,310.339996
2026-08-25,309.899994,309.899994
2026-08-26,313.450012,313.450012
2026-08-27,314.579987,314.579987
2026-08-28,319.700012,319.700012
2026-08-31,316.850006,316.850006
2026-09-01,325.130005,325.130005
2026-09-02,324.959991,324.959991
2026-09-03,328.209991,328.209991
2026-09-04,319.970001,319.970001
2026-09-08,316.220001,316.220001
2026-09-09,315.339996,315.339996
2026-09-10,326.570007,326.570007
2026-09-11,332.269989,332.269989
2026-09-14,333.079987,333.079987
2026-09-15,331.339996,331.339996
2026-09-16,332.410004,332.410004
2026-09-17,337.000000,337.000000
2026-09-18,336.130005,336.130005
2026-09-21,338.980011,338.980011
2026-09-22,339.750000,339.750000
2026-09-23,337.019989,337.019989
2026-09-24,335.920013,335.920013
2026-09-25,341.070007,341.070007
2026-09-28,338.399994,338.399994
