date,close,adjclose
2010-01-04,6.695000,6.695000
2010-01-05,6.734500,6.734500
2010-01-06,6.612500,6.612500
2010-01-07,6.500000,6.500000
2010-01-08,6.676000,6.676000
2010-01-11,6.515500,6.515500
2010-01-12,6.367500,6.367500
2010-01-13,6.455500,6.455500
2010-01-14,6.367500,6.367500
2010-01-15,6.357000,6.357000
2010-01-19,6.380500,6.380500
2010-01-20,6.289000,6.289000
2010-01-21,6.331000,6.331000
2010-01-22,6.071500,6.071500
2010-01-25,6.015500,6.015500
2010-01-26,5.974000,5.974000
2010-01-27,6.137500,6.137500
2010-01-28,6.301500,6.301500
2010-01-29,6.270500,6.270500
2010-02-01,5.943500,5.943500
2010-02-02,5.906000,5.906000
2010-02-03,5.955000,5.955000
2010-02-04,5.797000,5.797000
2010-02-05,5.869500,5.869500
2010-02-08,5.841500,5.841500
2010-02-09,5.901500,5.901500
2010-02-10,5.868000,5.868000
2010-02-11,6.004500,6.004500
2010-02-12,5.983000,5.983000
2010-02-16,5.876500,5.876500
2010-02-17,5.815500,5.815500
2010-02-18,5.904000,5.904000
2010-02-19,5.876000,5.876000
2010-02-22,5.900500,5.900500
2010-02-23,5.862000,5.862000
2010-02-24,5.986000,5.986000
2010-02-25,5.910000,5.910000
2010-02-26,5.920000,5.920000
2010-03-01,6.227000,6.227000
2010-03-02,6.276500,6.276500
2010-03-03,6.294500,6.294500
2010-03-04,6.426500,6.426500
2010-03-05,6.445500,6.445500
2010-03-08,6.505500,6.505500
2010-03-09,6.441000,6.441000
2010-03-10,6.525500,6.525500
2010-03-11,6.679000,6.679000
2010-03-12,6.591000,6.591000
2010-03-15,6.556500,6.556500
2010-03-16,6.589500,6.589500
2010-03-17,6.567000,6.567000
2010-03-18,6.638000,6.638000
2010-03-19,6.517500,6.517500
2010-03-22,6.523500,6.523500
2010-03-23,6.463000,6.463000
2010-03-24,6.402000,6.402000
2010-03-25,6.736500,6.736500
2010-03-26,6.753000,6.753000
2010-03-29,6.756000,6.756000
2010-03-30,6.829000,6.829000
2010-03-31,6.788500,6.788500
2010-04-01,6.590500,6.590500
2010-04-05,6.574500,6.574500
2010-04-06,6.778000,6.778000
2010-04-07,6.743500,6.743500
2010-04-08,7.048000,7.048000
2010-04-09,7.003000,7.003000
2010-04-12,7.060000,7.060000
2010-04-13,7.008000,7.008000
2010-04-14,7.214000,7.214000
2010-04-15,7.291000,7.291000
2010-04-16,7.108500,7.108500
2010-04-19,7.121500,7.121500
2010-04-20,7.210000,7.210000
2010-04-21,7.321500,7.321500
2010-04-22,7.504500,7.504500
2010-04-23,7.181500,7.181500
2010-04-26,7.355500,7.355500
2010-04-27,7.101000,7.101000
2010-04-28,6.967500,6.967500
2010-04-29,7.086500,7.086500
2010-04-30,6.855000,6.855000
2010-05-03,6.874500,6.874500
2010-05-04,6.491500,6.491500
2010-05-05,6.546500,6.546500
2010-05-06,6.435500,6.435500
2010-05-07,6.249000,6.249000
2010-05-10,6.564500,6.564500
2010-05-11,6.523000,6.523000
2010-05-12,6.693500,6.693500
2010-05-13,6.573500,6.573500
2010-05-14,6.426500,6.426500
2010-05-17,6.445500,6.445500
2010-05-18,6.314000,6.314000
2010-05-19,6.229500,6.229500
2010-05-20,5.985500,5.985500
2010-05-21,6.136000,6.136000
2010-05-24,6.106000,6.106000
2010-05-25,6.243000,6.243000
2010-05-26,6.160500,6.160500
2010-05-27,6.335000,6.335000
2010-05-28,6.273000,6.273000
2010-06-01,6.162000,6.162000
2010-06-02,6.315500,6.315500
2010-06-03,6.438000,6.438000
2010-06-04,6.138500,6.138500
2010-06-07,6.100500,6.100500
2010-06-08,5.942000,5.942000
2010-06-09,5.895500,5.895500
2010-06-10,6.160500,6.160500
2010-06-11,6.151500,6.151500
2010-06-14,6.191500,6.191500
2010-06-15,6.342000,6.342000
2010-06-16,6.345000,6.345000
2010-06-17,6.294500,6.294500
2010-06-18,6.291500,6.291500
2010-06-21,6.127500,6.127500
2010-06-22,6.115500,6.115500
2010-06-23,6.072500,6.072500
2010-06-24,5.916500,5.916500
2010-06-25,6.050000,6.050000
2010-06-28,5.890000,5.890000
2010-06-29,5.430500,5.430500
2010-06-30,5.463000,5.463000
2010-07-01,5.548000,5.548000
2010-07-02,5.457000,5.457000
2010-07-06,5.503000,5.503000
2010-07-07,5.671500,5.671500
2010-07-08,5.811000,5.811000
2010-07-09,5.863000,5.863000
2010-07-12,5.975500,5.975500
2010-07-13,6.182500,6.182500
2010-07-14,6.165000,6.165000
2010-07-15,6.103000,6.103000
2010-07-16,5.924500,5.924500
2010-07-19,5.997000,5.997000
2010-07-20,6.005000,6.005000
2010-07-21,5.871500,5.871500
2010-07-22,6.003500,6.003500
2010-07-23,5.943500,5.943500
2010-07-26,5.920000,5.920000
2010-07-27,5.856500,5.856500
2010-07-28,5.856500,5.856500
2010-07-29,5.843000,5.843000
2010-07-30,5.894500,5.894500
2010-08-02,6.003500,6.003500
2010-08-03,6.121000,6.121000
2010-08-04,6.379000,6.379000
2010-08-05,6.391500,6.391500
2010-08-06,6.416000,6.416000
2010-08-09,6.441500,6.441500
2010-08-10,6.500000,6.500000
2010-08-11,6.294500,6.294500
2010-08-12,6.328000,6.328000
2010-08-13,6.234500,6.234500
2010-08-16,6.303500,6.303500
2010-08-17,6.443000,6.443000
2010-08-18,6.482500,6.482500
2010-08-19,6.378500,6.378500
2010-08-20,6.388000,6.388000
2010-08-23,6.330000,6.330000
2010-08-24,6.226500,6.226500
2010-08-25,6.342500,6.342500
2010-08-26,6.243000,6.243000
2010-08-27,6.332000,6.332000
2010-08-30,6.189500,6.189500
2010-08-31,6.241500,6.241500
2010-09-01,6.624500,6.624500
2010-09-02,6.760500,6.760500
2010-09-03,6.939500,6.939500
2010-09-07,6.861000,6.861000
2010-09-08,6.957000,6.957000
2010-09-09,7.019000,7.019000
2010-09-10,7.122000,7.122000
2010-09-13,7.253500,7.253500
2010-09-14,7.287500,7.287500
2010-09-15,7.272500,7.272500
2010-09-16,7.406500,7.406500
2010-09-17,7.416000,7.416000
2010-09-20,7.565000,7.565000
2010-09-21,7.536500,7.536500
2010-09-22,7.591500,7.591500
2010-09-23,7.642500,7.642500
2010-09-24,8.036500,8.036500
2010-09-27,7.968500,7.968500
2010-09-28,7.985000,7.985000
2010-09-29,7.949500,7.949500
2010-09-30,7.853000,7.853000
2010-10-01,7.685500,7.685500
2010-10-04,7.769500,7.769500
2010-10-05,8.043500,8.043500
2010-10-06,7.770000,7.770000
2010-10-07,7.813500,7.813500
2010-10-08,7.777500,7.777500
2010-10-11,7.651500,7.651500
2010-10-12,7.824000,7.824000
2010-10-13,7.758500,7.758500
2010-10-14,7.776500,7.776500
2010-10-15,8.232000,8.232000
2010-10-18,8.178000,8.178000
2010-10-19,7.933500,7.933500
2010-10-20,7.933500,7.933500
2010-10-21,8.248500,8.248500
2010-10-22,8.456500,8.456500
2010-10-25,8.450000,8.450000
2010-10-26,8.497500,8.497500
2010-10-27,8.375500,8.375500
2010-10-28,8.342000,8.342000
2010-10-29,8.261500,8.261500
2010-11-01,8.129000,8.129000
2010-11-02,8.230500,8.230500
2010-11-03,8.423500,8.423500
2010-11-04,8.446500,8.446500
2010-11-05,8.538500,8.538500
2010-11-08,8.599500,8.599500
2010-11-09,8.513500,8.513500
2010-11-10,8.666500,8.666500
2010-11-11,8.518500,8.518500
2010-11-12,8.284000,8.284000
2010-11-15,7.945000,7.945000
2010-11-16,7.889000,7.889000
2010-11-17,7.917500,7.917500
2010-11-18,8.208500,8.208500
2010-11-19,8.241000,8.241000
2010-11-22,8.519500,8.519500
2010-11-23,8.410000,8.410000
2010-11-24,8.862500,8.862500
2010-11-26,8.860000,8.860000
2010-11-29,8.974500,8.974500
2010-11-30,8.770000,8.770000
2010-12-01,8.827500,8.827500
2010-12-02,8.826500,8.826500
2010-12-03,8.784000,8.784000
2010-12-06,8.902500,8.902500
2010-12-07,8.838500,8.838500
2010-12-08,8.814500,8.814500
2010-12-09,8.742500,8.742500
2010-12-10,8.781000,8.781000
2010-12-13,8.712500,8.712500
2010-12-14,8.697000,8.697000
2010-12-15,8.778500,8.778500
2010-12-16,8.902000,8.902000
2010-12-17,8.879000,8.879000
2010-12-20,9.164500,9.164500
2010-12-21,9.237500,9.237500
2010-12-22,9.238000,9.238000
2010-12-23,9.129500,9.129500
2010-12-27,9.107000,9.107000
2010-12-28,9.054500,9.054500
2010-12-29,9.168500,9.168500
2010-12-30,9.137500,9.137500
2010-12-31,9.000000,9.000000
2011-01-03,9.211000,9.211000
2011-01-04,9.250500,9.250500
2011-01-05,9.371000,9.371000
2011-01-06,9.293000,9.293000
2011-01-07,9.274500,9.274500
2011-01-10,9.234000,9.234000
2011-01-11,9.217000,9.217000
2011-01-12,9.204000,9.204000
2011-01-13,9.276500,9.276500
2011-01-14,9.437500,9.437500
2011-01-18,9.562500,9.562500
2011-01-19,9.343500,9.343500
2011-01-20,9.098000,9.098000
2011-01-21,8.871000,8.871000
2011-01-24,8.842500,8.842500
2011-01-25,8.835000,8.835000
2011-01-26,8.769500,8.769500
2011-01-27,9.222500,9.222500
2011-01-28,8.557000,8.557000
2011-01-31,8.482000,8.482000
2011-02-01,8.605500,8.605500
2011-02-02,8.676500,8.676500
2011-02-03,8.685500,8.685500
2011-02-04,8.796500,8.796500
2011-02-07,8.821500,8.821500
2011-02-08,9.153000,9.153000
2011-02-09,9.265000,9.265000
2011-02-10,9.310500,9.310500
2011-02-11,9.462500,9.462500
2011-02-14,9.521000,9.521000
2011-02-15,9.451500,9.451500
2011-02-16,9.331000,9.331000
2011-02-17,9.388000,9.388000
2011-02-18,9.325000,9.325000
2011-02-22,9.021000,9.021000
2011-02-23,8.834000,8.834000
2011-02-24,8.887500,8.887500
2011-02-25,8.862000,8.862000
2011-02-28,8.664500,8.664500
2011-03-01,8.472000,8.472000
2011-03-02,8.601000,8.601000
2011-03-03,8.639500,8.639500
2011-03-04,8.583500,8.583500
2011-03-07,8.454000,8.454000
2011-03-08,8.344500,8.344500
2011-03-09,8.452500,8.452500
2011-03-10,8.307000,8.307000
2011-03-11,8.403500,8.403500
2011-03-14,8.336500,8.336500
2011-03-15,8.254000,8.254000
2011-03-16,8.235000,8.235000
2011-03-17,8.048500,8.048500
2011-03-18,8.091000,8.091000
2011-03-21,8.226000,8.226000
2011-03-22,8.130000,8.130000
2011-03-23,8.266000,8.266000
2011-03-24,8.555000,8.555000
2011-03-25,8.549000,8.549000
2011-03-28,8.467500,8.467500
2011-03-29,8.731000,8.731000
2011-03-30,8.971000,8.971000
2011-03-31,9.006500,9.006500
2011-04-01,9.006500,9.006500
2011-04-04,9.147000,9.147000
2011-04-05,9.264500,9.264500
2011-04-06,9.138000,9.138000
2011-04-07,9.245500,9.245500
2011-04-08,9.235500,9.235500
2011-04-11,9.202000,9.202000
2011-04-12,9.024000,9.024000
2011-04-13,9.114500,9.114500
2011-04-14,9.091000,9.091000
2011-04-15,9.000500,9.000500
2011-04-18,8.917000,8.917000
2011-04-19,8.941000,8.941000
2011-04-20,9.193500,9.193500
2011-04-21,9.294500,9.294500
2011-04-25,9.271000,9.271000
2011-04-26,9.115000,9.115000
2011-04-27,9.831500,9.831500
2011-04-28,9.753500,9.753500
2011-04-29,9.790500,9.790500
2011-05-02,10.059500,10.059500
2011-05-03,9.922500,9.922500
2011-05-04,9.998500,9.998500
2011-05-05,9.855500,9.855500
2011-05-06,9.880000,9.880000
2011-05-09,10.040000,10.040000
2011-05-10,10.197000,10.197000
2011-05-11,10.219000,10.219000
2011-05-12,10.303500,10.303500
2011-05-13,10.128000,10.128000
2011-05-16,9.625500,9.625500
2011-05-17,9.740500,9.740500
2011-05-18,9.854500,9.854500
2011-05-19,9.940000,9.940000
2011-05-20,9.932500,9.932500
2011-05-23,9.811000,9.811000
2011-05-24,9.663500,9.663500
2011-05-25,9.613000,9.613000
2011-05-26,9.750000,9.750000
2011-05-27,9.706500,9.706500
2011-05-31,9.834500,9.834500
2011-06-01,9.620000,9.620000
2011-06-02,9.682500,9.682500
2011-06-03,9.416000,9.416000
2011-06-06,9.284500,9.284500
2011-06-07,9.377500,9.377500
2011-06-08,9.402500,9.402500
2011-06-09,9.484000,9.484000
2011-06-10,9.326500,9.326500
2011-06-13,9.314500,9.314500
2011-06-14,9.498000,9.498000
2011-06-15,9.299000,9.299000
2011-06-16,9.182500,9.182500
2011-06-17,9.318500,9.318500
2011-06-20,9.386000,9.386000
2011-06-21,9.711500,9.711500
2011-06-22,9.581500,9.581500
2011-06-23,9.708000,9.708000
2011-06-24,9.627500,9.627500
2011-06-27,10.062500,10.062500
2011-06-28,10.117500,10.117500
2011-06-29,10.209000,10.209000
2011-06-30,10.224500,10.224500
2011-07-01,10.474500,10.474500
2011-07-05,10.659500,10.659500
2011-07-06,10.709500,10.709500
2011-07-07,10.837000,10.837000
2011-07-08,10.914000,10.914000
2011-07-11,10.627500,10.627500
2011-07-12,10.561500,10.561500
2011-07-13,10.675000,10.675000
2011-07-14,10.519000,10.519000
2011-07-15,10.643500,10.643500
2011-07-18,10.576500,10.576500
2011-07-19,10.903000,10.903000
2011-07-20,10.777500,10.777500
2011-07-21,10.660500,10.660500
2011-07-22,10.826000,10.826000
2011-07-25,10.674500,10.674500
2011-07-26,10.709000,10.709000
2011-07-27,11.126000,11.126000
2011-07-28,11.195000,11.195000
2011-07-29,11.126000,11.126000
2011-08-01,11.066000,11.066000
2011-08-02,10.585000,10.585000
2011-08-03,10.498000,10.498000
2011-08-04,10.074000,10.074000
2011-08-05,10.135000,10.135000
2011-08-08,9.685000,9.685000
2011-08-09,10.254500,10.254500
2011-08-10,9.706500,9.706500
2011-08-11,9.918000,9.918000
2011-08-12,10.115000,10.115000
2011-08-15,10.147500,10.147500
2011-08-16,9.884000,9.884000
2011-08-17,9.796500,9.796500
2011-08-18,9.126000,9.126000
2011-08-19,8.946500,8.946500
2011-08-22,8.877000,8.877000
2011-08-23,9.677500,9.677500
2011-08-24,9.686500,9.686500
2011-08-25,9.601500,9.601500
2011-08-26,9.963500,9.963500
2011-08-29,10.326500,10.326500
2011-08-30,10.546000,10.546000
2011-08-31,10.761500,10.761500
2011-09-01,10.627000,10.627000
2011-09-02,10.500000,10.500000
2011-09-06,10.809000,10.809000
2011-09-07,10.995000,10.995000
2011-09-08,10.863000,10.863000
2011-09-09,10.569500,10.569500
2011-09-12,10.828000,10.828000
2011-09-13,10.976500,10.976500
2011-09-14,11.128500,11.128500
2011-09-15,11.339000,11.339000
2011-09-16,11.965000,11.965000
2011-09-19,12.084500,12.084500
2011-09-20,11.662500,11.662500
2011-09-21,11.593500,11.593500
2011-09-22,11.161500,11.161500
2011-09-23,11.180500,11.180500
2011-09-26,11.492500,11.492500
2011-09-27,11.210500,11.210500
2011-09-28,11.485500,11.485500
2011-09-29,11.122000,11.122000
2011-09-30,10.811500,10.811500
2011-10-03,10.599000,10.599000
2011-10-04,10.625000,10.625000
2011-10-05,10.975000,10.975000
2011-10-06,11.075500,11.075500
2011-10-07,11.237000,11.237000
2011-10-10,11.566000,11.566000
2011-10-11,11.774000,11.774000
2011-10-12,11.840500,11.840500
2011-10-13,11.807500,11.807500
2011-10-14,12.335500,12.335500
2011-10-17,12.116500,12.116500
2011-10-18,12.194000,12.194000
2011-10-19,11.576500,11.576500
2011-10-20,11.680500,11.680500
2011-10-21,11.739000,11.739000
2011-10-24,11.880500,11.880500
2011-10-25,11.357500,11.357500
2011-10-26,9.920000,9.920000
2011-10-27,10.339000,10.339000
2011-10-28,10.866000,10.866000
2011-10-31,10.675500,10.675500
2011-11-01,10.605000,10.605000
2011-11-02,10.781000,10.781000
2011-11-03,10.914500,10.914500
2011-11-04,10.824000,10.824000
2011-11-07,10.850000,10.850000
2011-11-08,10.899500,10.899500
2011-11-09,10.561000,10.561000
2011-11-10,10.539500,10.539500
2011-11-11,10.869500,10.869500
2011-11-14,10.946500,10.946500
2011-11-15,10.891500,10.891500
2011-11-16,10.599500,10.599500
2011-11-17,10.226000,10.226000
2011-11-18,9.857000,9.857000
2011-11-21,9.462500,9.462500
2011-11-22,9.617000,9.617000
2011-11-23,9.449500,9.449500
2011-11-25,9.120000,9.120000
2011-11-28,9.707500,9.707500
2011-11-29,9.419500,9.419500
2011-11-30,9.614500,9.614500
2011-12-01,9.856500,9.856500
2011-12-02,9.801500,9.801500
2011-12-05,9.812000,9.812000
2011-12-06,9.599500,9.599500
2011-12-07,9.766000,9.766000
2011-12-08,9.524000,9.524000
2011-12-09,9.651500,9.651500
2011-12-12,9.476000,9.476000
2011-12-13,9.025500,9.025500
2011-12-14,9.010500,9.010500
2011-12-15,9.063000,9.063000
2011-12-16,9.063000,9.063000
2011-12-19,8.966500,8.966500
2011-12-20,9.126000,9.126000
2011-12-21,8.717500,8.717500
2011-12-22,8.951500,8.951500
2011-12-23,8.864000,8.864000
2011-12-27,8.813500,8.813500
2011-12-28,8.694500,8.694500
2011-12-29,8.693000,8.693000
2011-12-30,8.655000,8.655000
2012-01-03,8.951500,8.951500
2012-01-04,8.875500,8.875500
2012-01-05,8.880500,8.880500
2012-01-06,9.130500,9.130500
2012-01-09,8.928000,8.928000
2012-01-10,8.967000,8.967000
2012-01-11,8.945000,8.945000
2012-01-12,8.796500,8.796500
2012-01-13,8.921000,8.921000
2012-01-17,9.083000,9.083000
2012-01-18,9.472000,9.472000
2012-01-19,9.722500,9.722500
2012-01-20,9.546500,9.546500
2012-01-23,9.304500,9.304500
2012-01-24,9.350000,9.350000
2012-01-25,9.390000,9.390000
2012-01-26,9.666000,9.666000
2012-01-27,9.768500,9.768500
2012-01-30,9.607500,9.607500
2012-01-31,9.722000,9.722000
2012-02-01,8.973000,8.973000
2012-02-02,9.086000,9.086000
2012-02-03,9.384000,9.384000
2012-02-06,9.157000,9.157000
2012-02-07,9.209500,9.209500
2012-02-08,9.274000,9.274000
2012-02-09,9.249000,9.249000
2012-02-10,9.277000,9.277000
2012-02-13,9.579500,9.579500
2012-02-14,9.565000,9.565000
2012-02-15,9.223500,9.223500
2012-02-16,8.996500,8.996500
2012-02-17,9.125000,9.125000
2012-02-21,9.113000,9.113000
2012-02-22,9.029000,9.029000
2012-02-23,8.944500,8.944500
2012-02-24,8.956500,8.956500
2012-02-27,8.926500,8.926500
2012-02-28,9.190000,9.190000
2012-02-29,8.984500,8.984500
2012-03-01,9.002000,9.002000
2012-03-02,8.965000,8.965000
2012-03-05,9.013000,9.013000
2012-03-06,9.054500,9.054500
2012-03-07,9.188500,9.188500
2012-03-08,9.382000,9.382000
2012-03-09,9.216000,9.216000
2012-03-12,9.169500,9.169500
2012-03-13,9.229500,9.229500
2012-03-14,9.113000,9.113000
2012-03-15,9.221500,9.221500
2012-03-16,9.252500,9.252500
2012-03-19,9.276000,9.276000
2012-03-20,9.616500,9.616500
2012-03-21,9.586500,9.586500
2012-03-22,9.620000,9.620000
2012-03-23,9.752000,9.752000
2012-03-26,10.143500,10.143500
2012-03-27,10.272000,10.272000
2012-03-28,10.058000,10.058000
2012-03-29,10.230500,10.230500
2012-03-30,10.125500,10.125500
2012-04-02,9.902500,9.902500
2012-04-03,9.983000,9.983000
2012-04-04,9.699500,9.699500
2012-04-05,9.719500,9.719500
2012-04-09,9.593500,9.593500
2012-04-10,9.349000,9.349000
2012-04-11,9.398500,9.398500
2012-04-12,9.534500,9.534500
2012-04-13,9.423000,9.423000
2012-04-16,9.275000,9.275000
2012-04-17,9.419500,9.419500
2012-04-18,9.553500,9.553500
2012-04-19,9.555000,9.555000
2012-04-20,9.499000,9.499000
2012-04-23,9.412000,9.412000
2012-04-24,9.516500,9.516500
2012-04-25,9.721000,9.721000
2012-04-26,9.799500,9.799500
2012-04-27,11.342500,11.342500
2012-04-30,11.595000,11.595000
2012-05-01,11.502000,11.502000
2012-05-02,11.512500,11.512500
2012-05-03,11.472500,11.472500
2012-05-04,11.199500,11.199500
2012-05-07,11.258000,11.258000
2012-05-08,11.195000,11.195000
2012-05-09,11.149000,11.149000
2012-05-10,11.334500,11.334500
2012-05-11,11.384000,11.384000
2012-05-14,11.146500,11.146500
2012-05-15,11.219500,11.219500
2012-05-16,11.203000,11.203000
2012-05-17,10.918000,10.918000
2012-05-18,10.692500,10.692500
2012-05-21,10.905500,10.905500
2012-05-22,10.766500,10.766500
2012-05-23,10.864000,10.864000
2012-05-24,10.762000,10.762000
2012-05-25,10.644500,10.644500
2012-05-29,10.737500,10.737500
2012-05-30,10.461500,10.461500
2012-05-31,10.645500,10.645500
2012-06-01,10.411000,10.411000
2012-06-04,10.728500,10.728500
2012-06-05,10.660500,10.660500
2012-06-06,10.882000,10.882000
2012-06-07,10.940000,10.940000
2012-06-08,10.924000,10.924000
2012-06-11,10.825000,10.825000
2012-06-12,10.821000,10.821000
2012-06-13,10.736500,10.736500
2012-06-14,10.722500,10.722500
2012-06-15,10.917500,10.917500
2012-06-18,11.133000,11.133000
2012-06-19,11.201500,11.201500
2012-06-20,11.151000,11.151000
2012-06-21,11.028500,11.028500
2012-06-22,11.108000,11.108000
2012-06-25,11.003500,11.003500
2012-06-26,11.280500,11.280500
2012-06-27,11.281000,11.281000
2012-06-28,11.065500,11.065500
2012-06-29,11.417500,11.417500
2012-07-02,11.466000,11.466000
2012-07-03,11.476500,11.476500
2012-07-05,11.353000,11.353000
2012-07-06,11.252500,11.252500
2012-07-09,11.252500,11.252500
2012-07-10,10.975000,10.975000
2012-07-11,10.918500,10.918500
2012-07-12,10.768000,10.768000
2012-07-13,10.919500,10.919500
2012-07-16,10.800500,10.800500
2012-07-17,10.846500,10.846500
2012-07-18,10.873500,10.873500
2012-07-19,11.308500,11.308500
2012-07-20,11.414500,11.414500
2012-07-23,11.300500,11.300500
2012-07-24,11.152000,11.152000
2012-07-25,10.852500,10.852500
2012-07-26,11.000500,11.000500
2012-07-27,11.866000,11.866000
2012-07-30,11.804500,11.804500
2012-07-31,11.665000,11.665000
2012-08-01,11.604500,11.604500
2012-08-02,11.540500,11.540500
2012-08-03,11.748500,11.748500
2012-08-06,11.699500,11.699500
2012-08-07,11.828000,11.828000
2012-08-08,11.719000,11.719000
2012-08-09,11.703000,11.703000
2012-08-10,11.637500,11.637500
2012-08-13,11.622000,11.622000
2012-08-14,11.659500,11.659500
2012-08-15,11.871000,11.871000
2012-08-16,12.077500,12.077500
2012-08-17,12.058500,12.058500
2012-08-20,12.017500,12.017500
2012-08-21,11.972500,11.972500
2012-08-22,12.155000,12.155000
2012-08-23,12.060000,12.060000
2012-08-24,12.287000,12.287000
2012-08-27,12.196000,12.196000
2012-08-28,12.305500,12.305500
2012-08-29,12.356000,12.356000
2012-08-30,12.311000,12.311000
2012-08-31,12.413500,12.413500
2012-09-04,12.394000,12.394000
2012-09-05,12.311000,12.311000
2012-09-06,12.569000,12.569000
2012-09-07,12.957000,12.957000
2012-09-10,12.854500,12.854500
2012-09-11,12.783500,12.783500
2012-09-12,12.781500,12.781500
2012-09-13,13.012000,13.012000
2012-09-14,13.063500,13.063500
2012-09-17,12.900000,12.900000
2012-09-18,12.937500,12.937500
2012-09-19,13.084000,13.084000
2012-09-20,13.040500,13.040500
2012-09-21,12.873500,12.873500
2012-09-24,12.740000,12.740000
2012-09-25,12.623000,12.623000
2012-09-26,12.483500,12.483500
2012-09-27,12.829500,12.829500
2012-09-28,12.716000,12.716000
2012-10-01,12.600500,12.600500
2012-10-02,12.530000,12.530000
2012-10-03,12.796000,12.796000
2012-10-04,13.023500,13.023500
2012-10-05,12.925500,12.925500
2012-10-08,12.953000,12.953000
2012-10-09,12.548000,12.548000
2012-10-10,12.249500,12.249500
2012-10-11,12.211000,12.211000
2012-10-12,12.118000,12.118000
2012-10-15,12.209000,12.209000
2012-10-16,12.197000,12.197000
2012-10-17,12.374500,12.374500
2012-10-18,12.242500,12.242500
2012-10-19,12.000000,12.000000
2012-10-22,11.689000,11.689000
2012-10-23,11.715500,11.715500
2012-10-24,11.424500,11.424500
2012-10-25,11.146000,11.146000
2012-10-26,11.912000,11.912000
2012-10-31,11.644500,11.644500
2012-11-01,11.607000,11.607000
2012-11-02,11.621000,11.621000
2012-11-05,11.716500,11.716500
2012-11-06,11.878000,11.878000
2012-11-07,11.603000,11.603000
2012-11-08,11.367500,11.367500
2012-11-09,11.315500,11.315500
2012-11-12,11.323500,11.323500
2012-11-13,11.330000,11.330000
2012-11-14,11.147500,11.147500
2012-11-15,11.030000,11.030000
2012-11-16,11.261500,11.261500
2012-11-19,11.485500,11.485500
2012-11-20,11.689000,11.689000
2012-11-21,11.901500,11.901500
2012-11-23,11.994000,11.994000
2012-11-26,12.181000,12.181000
2012-11-27,12.170000,12.170000
2012-11-28,12.355500,12.355500
2012-11-29,12.563500,12.563500
2012-11-30,12.602500,12.602500
2012-12-03,12.516500,12.516500
2012-12-04,12.624500,12.624500
2012-12-05,12.698000,12.698000
2012-12-06,12.668500,12.668500
2012-12-07,12.663500,12.663500
2012-12-10,12.388500,12.388500
2012-12-11,12.534500,12.534500
2012-12-12,12.588000,12.588000
2012-12-13,12.562500,12.562500
2012-12-14,12.459500,12.459500
2012-12-17,12.693000,12.693000
2012-12-18,13.020000,13.020000
2012-12-19,12.899500,12.899500
2012-12-20,13.075000,13.075000
2012-12-21,12.846000,12.846000
2012-12-24,12.931000,12.931000
2012-12-26,12.431500,12.431500
2012-12-27,12.415500,12.415500
2012-12-28,12.259000,12.259000
2012-12-31,12.543500,12.543500
2013-01-02,12.865500,12.865500
2013-01-03,12.924000,12.924000
2013-01-04,12.957500,12.957500
2013-01-07,13.423000,13.423000
2013-01-08,13.319000,13.319000
2013-01-09,13.317500,13.317500
2013-01-10,13.267000,13.267000
2013-01-11,13.397000,13.397000
2013-01-14,13.636500,13.636500
2013-01-15,13.595000,13.595000
2013-01-16,13.446500,13.446500
2013-01-17,13.524000,13.524000
2013-01-18,13.606000,13.606000
2013-01-22,13.509500,13.509500
2013-01-23,13.405500,13.405500
2013-01-24,13.673000,13.673000
2013-01-25,14.199500,14.199500
2013-01-28,13.802000,13.802000
2013-01-29,13.017500,13.017500
2013-01-30,13.638000,13.638000
2013-01-31,13.275000,13.275000
2013-02-01,13.250000,13.250000
2013-02-04,12.999000,12.999000
2013-02-05,13.344500,13.344500
2013-02-06,13.111000,13.111000
2013-02-07,13.011500,13.011500
2013-02-08,13.097500,13.097500
2013-02-11,12.860500,12.860500
2013-02-12,12.935000,12.935000
2013-02-13,13.473500,13.473500
2013-02-14,13.462000,13.462000
2013-02-15,13.254500,13.254500
2013-02-19,13.487500,13.487500
2013-02-20,13.320500,13.320500
2013-02-21,13.297000,13.297000
2013-02-22,13.271000,13.271000
2013-02-25,12.993500,12.993500
2013-02-26,12.968000,12.968000
2013-02-27,13.162500,13.162500
2013-02-28,13.213500,13.213500
2013-03-01,13.287000,13.287000
2013-03-04,13.655500,13.655500
2013-03-05,13.779500,13.779500
2013-03-06,13.689500,13.689500
2013-03-07,13.694000,13.694000
2013-03-08,13.709500,13.709500
2013-03-11,13.562000,13.562000
2013-03-12,13.706500,13.706500
2013-03-13,13.755000,13.755000
2013-03-14,13.287000,13.287000
2013-03-15,13.091000,13.091000
2013-03-18,12.894500,12.894500
2013-03-19,12.820500,12.820500
2013-03-20,12.864000,12.864000
2013-03-21,12.669500,12.669500
2013-03-22,12.887500,12.887500
2013-03-25,12.801000,12.801000
2013-03-26,13.015500,13.015500
2013-03-27,13.265000,13.265000
2013-03-28,13.324500,13.324500
2013-04-01,13.080500,13.080500
2013-04-02,13.166000,13.166000
2013-04-03,12.951500,12.951500
2013-04-04,12.954000,12.954000
2013-04-05,12.774000,12.774000
2013-04-08,12.947500,12.947500
2013-04-09,13.057000,13.057000
2013-04-10,13.238500,13.238500
2013-04-11,13.492500,13.492500
2013-04-12,13.643500,13.643500
2013-04-15,13.386000,13.386000
2013-04-16,13.617000,13.617000
2013-04-17,13.370000,13.370000
2013-04-18,12.971000,12.971000
2013-04-19,13.016000,13.016000
2013-04-22,13.177500,13.177500
2013-04-23,13.445000,13.445000
2013-04-24,13.439000,13.439000
2013-04-25,13.735000,13.735000
2013-04-26,12.740500,12.740500
2013-04-29,12.487000,12.487000
2013-04-30,12.690500,12.690500
2013-05-01,12.411500,12.411500
2013-05-02,12.627500,12.627500
2013-05-03,12.902500,12.902500
2013-05-06,12.786000,12.786000
2013-05-07,12.886500,12.886500
2013-05-08,12.934000,12.934000
2013-05-09,13.008000,13.008000
2013-05-10,13.181500,13.181500
2013-05-13,13.225500,13.225500
2013-05-14,13.416500,13.416500
2013-05-15,13.328000,13.328000
2013-05-16,13.206000,13.206000
2013-05-17,13.495000,13.495000
2013-05-20,13.381500,13.381500
2013-05-21,13.443000,13.443000
2013-05-22,13.148000,13.148000
2013-05-23,13.090000,13.090000
2013-05-24,13.087000,13.087000
2013-05-28,13.364500,13.364500
2013-05-29,13.276500,13.276500
2013-05-30,13.341500,13.341500
2013-05-31,13.460000,13.460000
2013-06-03,13.344000,13.344000
2013-06-04,13.285000,13.285000
2013-06-05,13.358500,13.358500
2013-06-06,13.391500,13.391500
2013-06-07,13.843500,13.843500
2013-06-10,14.053500,14.053500
2013-06-11,13.739000,13.739000
2013-06-12,13.583500,13.583500
2013-06-13,13.789500,13.789500
2013-06-14,13.699500,13.699500
2013-06-17,13.903000,13.903000
2013-06-18,14.088000,14.088000
2013-06-19,13.908000,13.908000
2013-06-20,13.672000,13.672000
2013-06-21,13.668000,13.668000
2013-06-24,13.530500,13.530500
2013-06-25,13.604500,13.604500
2013-06-26,13.878500,13.878500
2013-06-27,13.877500,13.877500
2013-06-28,13.884500,13.884500
2013-07-01,14.105000,14.105000
2013-07-02,14.186500,14.186500
2013-07-03,14.201500,14.201500
2013-07-05,14.294000,14.294000
2013-07-08,14.529500,14.529500
2013-07-09,14.576500,14.576500
2013-07-10,14.616500,14.616500
2013-07-11,14.983000,14.983000
2013-07-12,15.377500,15.377500
2013-07-15,15.328500,15.328500
2013-07-16,15.343500,15.343500
2013-07-17,15.434500,15.434500
2013-07-18,15.205500,15.205500
2013-07-19,15.261500,15.261500
2013-07-22,15.174000,15.174000
2013-07-23,15.053000,15.053000
2013-07-24,14.947000,14.947000
2013-07-25,15.170000,15.170000
2013-07-26,15.600500,15.600500
2013-07-29,15.305000,15.305000
2013-07-30,15.120500,15.120500
2013-07-31,15.061000,15.061000
2013-08-01,15.278500,15.278500
2013-08-02,15.210500,15.210500
2013-08-05,15.049500,15.049500
2013-08-06,15.037500,15.037500
2013-08-07,14.845500,14.845500
2013-08-08,14.787000,14.787000
2013-08-09,14.863000,14.863000
2013-08-12,14.834500,14.834500
2013-08-13,14.698500,14.698500
2013-08-14,14.567000,14.567000
2013-08-15,14.323500,14.323500
2013-08-16,14.241000,14.241000
2013-08-19,14.278500,14.278500
2013-08-20,14.354500,14.354500
2013-08-21,14.228500,14.228500
2013-08-22,14.486500,14.486500
2013-08-23,14.500500,14.500500
2013-08-26,14.310500,14.310500
2013-08-27,14.046500,14.046500
2013-08-28,14.079000,14.079000
2013-08-29,14.199000,14.199000
2013-08-30,14.049000,14.049000
2013-09-03,14.440000,14.440000
2013-09-04,14.682000,14.682000
2013-09-05,14.705000,14.705000
2013-09-06,14.793000,14.793000
2013-09-09,14.985500,14.985500
2013-09-10,15.018000,15.018000
2013-09-11,14.982000,14.982000
2013-09-12,14.943000,14.943000
2013-09-13,14.896000,14.896000
2013-09-16,14.803000,14.803000
2013-09-17,15.208500,15.208500
2013-09-18,15.601500,15.601500
2013-09-19,15.603000,15.603000
2013-09-20,15.817000,15.817000
2013-09-23,15.574500,15.574500
2013-09-24,15.706500,15.706500
2013-09-25,15.632500,15.632500
2013-09-26,15.906000,15.906000
2013-09-27,15.800500,15.800500
2013-09-30,15.632000,15.632000
2013-10-01,16.047501,16.047501
2013-10-02,16.025499,16.025499
2013-10-03,15.738000,15.738000
2013-10-04,15.952000,15.952000
2013-10-07,15.501500,15.501500
2013-10-08,15.161500,15.161500
2013-10-09,14.911500,14.911500
2013-10-10,15.258500,15.258500
2013-10-11,15.544500,15.544500
2013-10-14,15.535000,15.535000
2013-10-15,15.320000,15.320000
2013-10-16,15.524500,15.524500
2013-10-17,15.538500,15.538500
2013-10-18,16.446501,16.446501
2013-10-21,16.322001,16.322001
2013-10-22,16.627001,16.627001
2013-10-23,16.337999,16.337999
2013-10-24,16.610500,16.610500
2013-10-25,18.169500,18.169500
2013-10-28,17.908001,17.908001
2013-10-29,18.135000,18.135000
2013-10-30,18.054001,18.054001
2013-10-31,18.201500,18.201500
2013-11-01,17.950001,17.950001
2013-11-04,17.937000,17.937000
2013-11-05,17.944500,17.944500
2013-11-06,17.809000,17.809000
2013-11-07,17.177999,17.177999
2013-11-08,17.515499,17.515499
2013-11-11,17.719000,17.719000
2013-11-12,17.476500,17.476500
2013-11-13,17.811001,17.811001
2013-11-14,18.370001,18.370001
2013-11-15,18.458500,18.458500
2013-11-18,18.309000,18.309000
2013-11-19,18.247000,18.247000
2013-11-20,18.128500,18.128500
2013-11-21,18.445999,18.445999
2013-11-22,18.615499,18.615499
2013-11-25,18.832001,18.832001
2013-11-26,19.068501,19.068501
2013-11-27,19.335501,19.335501
2013-11-29,19.681000,19.681000
2013-12-02,19.615000,19.615000
2013-12-03,19.233000,19.233000
2013-12-04,19.298000,19.298000
2013-12-05,19.224501,19.224501
2013-12-06,19.347500,19.347500
2013-12-09,19.244499,19.244499
2013-12-10,19.389000,19.389000
2013-12-11,19.109501,19.109501
2013-12-12,19.062500,19.062500
2013-12-13,19.212000,19.212000
2013-12-16,19.448500,19.448500
2013-12-17,19.382500,19.382500
2013-12-18,19.798000,19.798000
2013-12-19,19.759501,19.759501
2013-12-20,20.110001,20.110001
2013-12-23,20.146000,20.146000
2013-12-24,19.959999,19.959999
2013-12-26,20.219500,20.219500
2013-12-27,19.903999,19.903999
2013-12-30,19.668501,19.668501
2013-12-31,19.939501,19.939501
2014-01-02,19.898500,19.898500
2014-01-03,19.822001,19.822001
2014-01-06,19.681499,19.681499
2014-01-07,19.901501,19.901501
2014-01-08,20.096001,20.096001
2014-01-09,20.050501,20.050501
2014-01-10,19.882999,19.882999
2014-01-13,19.549000,19.549000
2014-01-14,19.877001,19.877001
2014-01-15,19.793501,19.793501
2014-01-16,19.790001,19.790001
2014-01-17,19.980499,19.980499
2014-01-21,20.352501,20.352501
2014-01-22,20.226999,20.226999
2014-01-23,19.993500,19.993500
2014-01-24,19.379999,19.379999
2014-01-27,19.313999,19.313999
2014-01-28,19.721500,19.721500
2014-01-29,19.209999,19.209999
2014-01-30,20.150499,20.150499
2014-01-31,17.934500,17.934500
2014-02-03,17.307501,17.307501
2014-02-04,17.397499,17.397499
2014-02-05,17.322500,17.322500
2014-02-06,17.729500,17.729500
2014-02-07,18.054001,18.054001
2014-02-10,18.043501,18.043501
2014-02-11,18.089500,18.089500
2014-02-12,17.462500,17.462500
2014-02-13,17.860001,17.860001
2014-02-14,17.867500,17.867500
2014-02-18,17.682501,17.682501
2014-02-19,17.368999,17.368999
2014-02-20,17.490000,17.490000
2014-02-21,17.337999,17.337999
2014-02-24,17.589001,17.589001
2014-02-25,17.916000,17.916000
2014-02-26,17.990000,17.990000
2014-02-27,18.006500,18.006500
2014-02-28,18.105000,18.105000
2014-03-03,17.989000,17.989000
2014-03-04,18.195000,18.195000
2014-03-05,18.618500,18.618500
2014-03-06,18.608000,18.608000
2014-03-07,18.603001,18.603001
2014-03-10,18.526501,18.526501
2014-03-11,18.441000,18.441000
2014-03-12,18.532000,18.532000
2014-03-13,18.575500,18.575500
2014-03-14,18.687000,18.687000
2014-03-17,18.752001,18.752001
2014-03-18,18.938499,18.938499
2014-03-19,18.661501,18.661501
2014-03-20,18.448500,18.448500
2014-03-21,18.031000,18.031000
2014-03-24,17.592501,17.592501
2014-03-25,17.735500,17.735500
2014-03-26,17.170500,17.170500
2014-03-27,16.923500,16.923500
2014-03-28,16.914499,16.914499
2014-03-31,16.818501,16.818501
2014-04-01,17.149500,17.149500
2014-04-02,17.098000,17.098000
2014-04-03,16.681000,16.681000
2014-04-04,16.150000,16.150000
2014-04-07,15.888000,15.888000
2014-04-08,16.353500,16.353500
2014-04-09,16.590500,16.590500
2014-04-10,15.855500,15.855500
2014-04-11,15.586500,15.586500
2014-04-14,15.795500,15.795500
2014-04-15,15.804000,15.804000
2014-04-16,16.184000,16.184000
2014-04-17,16.245501,16.245501
2014-04-21,16.543501,16.543501
2014-04-22,16.466000,16.466000
2014-04-23,16.229000,16.229000
2014-04-24,16.857500,16.857500
2014-04-25,15.191500,15.191500
2014-04-28,14.829000,14.829000
2014-04-29,15.019000,15.019000
2014-04-30,15.206500,15.206500
2014-05-01,15.394500,15.394500
2014-05-02,15.400500,15.400500
2014-05-05,15.502500,15.502500
2014-05-06,14.869000,14.869000
2014-05-07,14.635500,14.635500
2014-05-08,14.416000,14.416000
2014-05-09,14.612000,14.612000
2014-05-12,15.143000,15.143000
2014-05-13,15.232000,15.232000
2014-05-14,14.881000,14.881000
2014-05-15,14.759500,14.759500
2014-05-16,14.885000,14.885000
2014-05-19,14.838000,14.838000
2014-05-20,15.059500,15.059500
2014-05-21,15.250500,15.250500
2014-05-22,15.245500,15.245500
2014-05-23,15.612000,15.612000
2014-05-27,15.541000,15.541000
2014-05-28,15.508000,15.508000
2014-05-29,15.689000,15.689000
2014-05-30,15.627500,15.627500
2014-06-02,15.442000,15.442000
2014-06-03,15.359500,15.359500
2014-06-04,15.339000,15.339000
2014-06-05,16.178499,16.178499
2014-06-06,16.483500,16.483500
2014-06-09,16.375000,16.375000
2014-06-10,16.620501,16.620501
2014-06-11,16.760000,16.760000
2014-06-12,16.295500,16.295500
2014-06-13,16.313499,16.313499
2014-06-16,16.381001,16.381001
2014-06-17,16.281000,16.281000
2014-06-18,16.719000,16.719000
2014-06-19,16.350000,16.350000
2014-06-20,16.209999,16.209999
2014-06-23,16.362000,16.362000
2014-06-24,16.208000,16.208000
2014-06-25,16.372000,16.372000
2014-06-26,16.284500,16.284500
2014-06-27,16.228500,16.228500
2014-06-30,16.239000,16.239000
2014-07-01,16.619499,16.619499
2014-07-02,16.642500,16.642500
2014-07-03,16.874500,16.874500
2014-07-07,16.677500,16.677500
2014-07-08,16.190500,16.190500
2014-07-09,16.498501,16.498501
2014-07-10,16.396000,16.396000
2014-07-11,17.309999,17.309999
2014-07-14,17.766001,17.766001
2014-07-15,17.722000,17.722000
2014-07-16,17.795000,17.795000
2014-07-17,17.622499,17.622499
2014-07-18,17.933001,17.933001
2014-07-21,17.988001,17.988001
2014-07-22,18.042000,18.042000
2014-07-23,17.907000,17.907000
2014-07-24,17.930500,17.930500
2014-07-25,16.200500,16.200500
2014-07-28,16.020500,16.020500
2014-07-29,16.000000,16.000000
2014-07-30,16.125500,16.125500
2014-07-31,15.649500,15.649500
2014-08-01,15.353000,15.353000
2014-08-04,15.682500,15.682500
2014-08-05,15.616000,15.616000
2014-08-06,15.694500,15.694500
2014-08-07,15.572500,15.572500
2014-08-08,15.840000,15.840000
2014-08-11,15.916500,15.916500
2014-08-12,15.966000,15.966000
2014-08-13,16.313999,16.313999
2014-08-14,16.660500,16.660500
2014-08-15,16.681499,16.681499
2014-08-18,16.726500,16.726500
2014-08-19,16.756500,16.756500
2014-08-20,16.789000,16.789000
2014-08-21,16.645500,16.645500
2014-08-22,16.579500,16.579500
2014-08-25,16.701000,16.701000
2014-08-26,17.091499,17.091499
2014-08-27,17.159000,17.159000
2014-08-28,17.000999,17.000999
2014-08-29,16.952000,16.952000
2014-09-02,17.118999,17.118999
2014-09-03,16.950001,16.950001
2014-09-04,17.297501,17.297501
2014-09-05,17.319000,17.319000
2014-09-08,17.117001,17.117001
2014-09-09,16.487499,16.487499
2014-09-10,16.566500,16.566500
2014-09-11,16.525999,16.525999
2014-09-12,16.559500,16.559500
2014-09-15,16.194500,16.194500
2014-09-16,16.388000,16.388000
2014-09-17,16.200001,16.200001
2014-09-18,16.250000,16.250000
2014-09-19,16.566000,16.566000
2014-09-22,16.225000,16.225000
2014-09-23,16.181499,16.181499
2014-09-24,16.410500,16.410500
2014-09-25,16.096500,16.096500
2014-09-26,16.160500,16.160500
2014-09-29,16.091000,16.091000
2014-09-30,16.122000,16.122000
2014-10-01,15.873000,15.873000
2014-10-02,15.920500,15.920500
2014-10-03,16.136999,16.136999
2014-10-06,16.110001,16.110001
2014-10-07,15.849000,15.849000
2014-10-08,16.135000,16.135000
2014-10-09,15.768500,15.768500
2014-10-10,15.569500,15.569500
2014-10-13,15.322500,15.322500
2014-10-14,15.415500,15.415500
2014-10-15,15.298500,15.298500
2014-10-16,15.143000,15.143000
2014-10-17,15.182000,15.182000
2014-10-20,15.310500,15.310500
2014-10-21,15.766500,15.766500
2014-10-22,15.648500,15.648500
2014-10-23,15.659000,15.659000
2014-10-24,14.353000,14.353000
2014-10-27,14.498500,14.498500
2014-10-28,14.779500,14.779500
2014-10-29,14.706000,14.706000
2014-10-30,14.953500,14.953500
2014-10-31,15.273000,15.273000
2014-11-03,15.286000,15.286000
2014-11-04,15.140500,15.140500
2014-11-05,14.826000,14.826000
2014-11-06,14.832000,14.832000
2014-11-07,14.993000,14.993000
2014-11-10,15.255500,15.255500
2014-11-11,15.600500,15.600500
2014-11-12,15.575500,15.575500
2014-11-13,15.824000,15.824000
2014-11-14,16.391001,16.391001
2014-11-17,16.152500,16.152500
2014-11-18,16.246500,16.246500
2014-11-19,16.327000,16.327000
2014-11-20,16.527000,16.527000
2014-11-21,16.631500,16.631500
2014-11-24,16.782000,16.782000
2014-11-25,16.752001,16.752001
2014-11-26,16.678499,16.678499
2014-11-28,16.931999,16.931999
2014-12-01,16.299999,16.299999
2014-12-02,16.315500,16.315500
2014-12-03,15.825000,15.825000
2014-12-04,15.846500,15.846500
2014-12-05,15.631500,15.631500
2014-12-08,15.332000,15.332000
2014-12-09,15.625000,15.625000
2014-12-10,15.292000,15.292000
2014-12-11,15.368000,15.368000
2014-12-12,15.366000,15.366000
2014-12-15,15.303500,15.303500
2014-12-16,14.753000,14.753000
2014-12-17,14.944000,14.944000
2014-12-18,14.886500,14.886500
2014-12-19,14.995000,14.995000
2014-12-22,15.327000,15.327000
2014-12-23,15.314500,15.314500
2014-12-24,15.151500,15.151500
2014-12-26,15.454500,15.454500
2014-12-29,15.602000,15.602000
2014-12-30,15.515000,15.515000
2014-12-31,15.517500,15.517500
2015-01-02,15.426000,15.426000
2015-01-05,15.109500,15.109500
2015-01-06,14.764500,14.764500
2015-01-07,14.921000,14.921000
2015-01-08,15.023000,15.023000
2015-01-09,14.846500,14.846500
2015-01-12,14.570500,14.570500
2015-01-13,14.737000,14.737000
2015-01-14,14.663500,14.663500
2015-01-15,14.347500,14.347500
2015-01-16,14.537000,14.537000
2015-01-20,14.472000,14.472000
2015-01-21,14.862500,14.862500
2015-01-22,15.516000,15.516000
2015-01-23,15.619500,15.619500
2015-01-26,15.483000,15.483000
2015-01-27,15.337500,15.337500
2015-01-28,15.195500,15.195500
2015-01-29,15.589000,15.589000
2015-01-30,17.726500,17.726500
2015-02-02,18.223499,18.223499
2015-02-03,18.177500,18.177500
2015-02-04,18.237499,18.237499
2015-02-05,18.694500,18.694500
2015-02-06,18.714001,18.714001
2015-02-09,18.528000,18.528000
2015-02-10,18.650000,18.650000
2015-02-11,18.757000,18.757000
2015-02-12,18.858500,18.858500
2015-02-13,19.091499,19.091499
2015-02-17,18.771500,18.771500
2015-02-18,18.668501,18.668501
2015-02-19,18.950001,18.950001
2015-02-20,19.183001,19.183001
2015-02-23,19.007000,19.007000
2015-02-24,18.929501,18.929501
2015-02-25,19.268499,19.268499
2015-02-26,19.240000,19.240000
2015-02-27,19.007999,19.007999
2015-03-02,19.283001,19.283001
2015-03-03,19.230499,19.230499
2015-03-04,19.136000,19.136000
2015-03-05,19.391500,19.391500
2015-03-06,19.004499,19.004499
2015-03-09,18.927999,18.927999
2015-03-10,18.475500,18.475500
2015-03-11,18.318501,18.318501
2015-03-12,18.712000,18.712000
2015-03-13,18.528999,18.528999
2015-03-16,18.667500,18.667500
2015-03-17,18.596001,18.596001
2015-03-18,18.757000,18.757000
2015-03-19,18.662001,18.662001
2015-03-20,18.924500,18.924500
2015-03-23,18.755501,18.755501
2015-03-24,18.704500,18.704500
2015-03-25,18.548000,18.548000
2015-03-26,18.367500,18.367500
2015-03-27,18.528000,18.528000
2015-03-30,18.729500,18.729500
2015-03-31,18.605000,18.605000
2015-04-01,18.513000,18.513000
2015-04-02,18.612499,18.612499
2015-04-06,18.851999,18.851999
2015-04-07,18.720501,18.720501
2015-04-08,19.059999,19.059999
2015-04-09,19.177000,19.177000
2015-04-10,19.132500,19.132500
2015-04-13,19.118000,19.118000
2015-04-14,19.255501,19.255501
2015-04-15,19.172501,19.172501
2015-04-16,19.302000,19.302000
2015-04-17,18.778000,18.778000
2015-04-20,19.475500,19.475500
2015-04-21,19.559000,19.559000
2015-04-22,19.490000,19.490000
2015-04-23,19.499500,19.499500
2015-04-24,22.254999,22.254999
2015-04-27,21.927999,21.927999
2015-04-28,21.465500,21.465500
2015-04-29,21.468500,21.468500
2015-04-30,21.089001,21.089001
2015-05-01,21.143499,21.143499
2015-05-04,21.152000,21.152000
2015-05-05,21.059500,21.059500
2015-05-06,20.955000,20.955000
2015-05-07,21.344000,21.344000
2015-05-08,21.684500,21.684500
2015-05-11,21.642500,21.642500
2015-05-12,21.551001,21.551001
2015-05-13,21.343500,21.343500
2015-05-14,21.614000,21.614000
2015-05-15,21.299999,21.299999
2015-05-18,21.261999,21.261999
2015-05-19,21.085501,21.085501
2015-05-20,21.193001,21.193001
2015-05-21,21.581499,21.581499
2015-05-22,21.381500,21.381500
2015-05-26,21.273500,21.273500
2015-05-27,21.570999,21.570999
2015-05-28,21.328501,21.328501
2015-05-29,21.461500,21.461500
2015-06-01,21.546000,21.546000
2015-06-02,21.549500,21.549500
2015-06-03,21.829500,21.829500
2015-06-04,21.539000,21.539000
2015-06-05,21.347500,21.347500
2015-06-08,21.174999,21.174999
2015-06-09,21.274000,21.274000
2015-06-10,21.538500,21.538500
2015-06-11,21.648500,21.648500
2015-06-12,21.496000,21.496000
2015-06-15,21.183500,21.183500
2015-06-16,21.363001,21.363001
2015-06-17,21.390499,21.390499
2015-06-18,21.969500,21.969500
2015-06-19,21.746000,21.746000
2015-06-22,21.814501,21.814501
2015-06-23,22.299500,22.299500
2015-06-24,22.042000,22.042000
2015-06-25,22.004999,22.004999
2015-06-26,21.905001,21.905001
2015-06-29,21.493000,21.493000
2015-06-30,21.704500,21.704500
2015-07-01,21.869499,21.869499
2015-07-02,21.885500,21.885500
2015-07-06,21.802000,21.802000
2015-07-07,21.836000,21.836000
2015-07-08,21.485001,21.485001
2015-07-09,21.719500,21.719500
2015-07-10,22.175501,22.175501
2015-07-13,22.778500,22.778500
2015-07-14,23.278500,23.278500
2015-07-15,23.059500,23.059500
2015-07-16,23.774000,23.774000
2015-07-17,24.150499,24.150499
2015-07-20,24.405001,24.405001
2015-07-21,24.400000,24.400000
2015-07-22,24.413500,24.413500
2015-07-23,24.108999,24.108999
2015-07-24,26.471001,26.471001
2015-07-27,26.570499,26.570499
2015-07-28,26.301500,26.301500
2015-07-29,26.450001,26.450001
2015-07-30,26.837999,26.837999
2015-07-31,26.807501,26.807501
2015-08-03,26.751499,26.751499
2015-08-04,26.594999,26.594999
2015-08-05,26.850500,26.850500
2015-08-06,26.473000,26.473000
2015-08-07,26.131001,26.131001
2015-08-10,26.200001,26.200001
2015-08-11,26.372999,26.372999
2015-08-12,26.295500,26.295500
2015-08-13,26.483000,26.483000
2015-08-14,26.576000,26.576000
2015-08-17,26.761000,26.761000
2015-08-18,26.750999,26.750999
2015-08-19,26.646000,26.646000
2015-08-20,25.789000,25.789000
2015-08-21,24.723499,24.723499
2015-08-24,23.168501,23.168501
2015-08-25,23.318501,23.318501
2015-08-26,25.038500,25.038500
2015-08-27,25.918501,25.918501
2015-08-28,25.900499,25.900499
2015-08-31,25.644501,25.644501
2015-09-01,24.827000,24.827000
2015-09-02,25.527500,25.527500
2015-09-03,25.236000,25.236000
2015-09-04,24.950001,24.950001
2015-09-08,25.877001,25.877001
2015-09-09,25.844500,25.844500
2015-09-10,26.112000,26.112000
2015-09-11,26.472000,26.472000
2015-09-14,26.069000,26.069000
2015-09-15,26.118500,26.118500
2015-09-16,26.369499,26.369499
2015-09-17,26.943501,26.943501
2015-09-18,27.013000,27.013000
2015-09-21,27.419500,27.419500
2015-09-22,26.920000,26.920000
2015-09-23,26.803499,26.803499
2015-09-24,26.687500,26.687500
2015-09-25,26.212500,26.212500
2015-09-28,25.202999,25.202999
2015-09-29,24.803499,24.803499
2015-09-30,25.594500,25.594500
2015-10-01,26.035999,26.035999
2015-10-02,26.627001,26.627001
2015-10-05,27.184000,27.184000
2015-10-06,26.874001,26.874001
2015-10-07,27.097000,27.097000
2015-10-08,26.658001,26.658001
2015-10-09,26.990000,26.990000
2015-10-12,27.509501,27.509501
2015-10-13,27.445000,27.445000
2015-10-14,27.241501,27.241501
2015-10-15,28.122000,28.122000
2015-10-16,28.538000,28.538000
2015-10-19,28.657499,28.657499
2015-10-20,28.044001,28.044001
2015-10-21,27.788500,27.788500
2015-10-22,28.195499,28.195499
2015-10-23,29.951500,29.951500
2015-10-26,30.430500,30.430500
2015-10-27,30.550501,30.550501
2015-10-28,30.855000,30.855000
2015-10-29,31.327499,31.327499
2015-10-30,31.295000,31.295000
2015-11-02,31.417500,31.417500
2015-11-03,31.265499,31.265499
2015-11-04,32.047501,32.047501
2015-11-05,32.782501,32.782501
2015-11-06,32.968498,32.968498
2015-11-09,32.774502,32.774502
2015-11-10,32.984001,32.984001
2015-11-11,33.662498,33.662498
2015-11-12,33.279999,33.279999
2015-11-13,32.117500,32.117500
2015-11-16,32.390499,32.390499
2015-11-17,32.165001,32.165001
2015-11-18,33.176998,33.176998
2015-11-19,33.063499,33.063499
2015-11-20,33.422501,33.422501
2015-11-23,33.949501,33.949501
2015-11-24,33.557499,33.557499
2015-11-25,33.766998,33.766998
2015-11-27,33.662998,33.662998
2015-11-30,33.240002,33.240002
2015-12-01,33.952999,33.952999
2015-12-02,33.800499,33.800499
2015-12-03,33.312500,33.312500
2015-12-04,33.632000,33.632000
2015-12-07,33.491501,33.491501
2015-12-08,33.866501,33.866501
2015-12-09,33.239498,33.239498
2015-12-10,33.116001,33.116001
2015-12-11,32.007500,32.007500
2015-12-14,32.895500,32.895500
2015-12-15,32.931999,32.931999
2015-12-16,33.788502,33.788502
2015-12-17,33.532501,33.532501
2015-12-18,33.207001,33.207001
2015-12-21,33.225498,33.225498
2015-12-22,33.157501,33.157501
2015-12-23,33.185001,33.185001
2015-12-24,33.139500,33.139500
2015-12-28,33.759998,33.759998
2015-12-29,34.698502,34.698502
2015-12-30,34.453499,34.453499
2015-12-31,33.794498,33.794498
2016-01-04,31.849501,31.849501
2016-01-05,31.689501,31.689501
2016-01-06,31.632500,31.632500
2016-01-07,30.396999,30.396999
2016-01-08,30.352501,30.352501
2016-01-11,30.886999,30.886999
2016-01-12,30.894501,30.894501
2016-01-13,29.090500,29.090500
2016-01-14,29.650000,29.650000
2016-01-15,28.509001,28.509001
2016-01-19,28.724001,28.724001
2016-01-20,28.588499,28.588499
2016-01-21,28.750999,28.750999
2016-01-22,29.819000,29.819000
2016-01-25,29.826500,29.826500
2016-01-26,30.062500,30.062500
2016-01-27,29.167500,29.167500
2016-01-28,31.767500,31.767500
2016-01-29,29.350000,29.350000
2016-02-01,28.740499,28.740499
2016-02-02,27.605000,27.605000
2016-02-03,26.553499,26.553499
2016-02-04,26.813000,26.813000
2016-02-05,25.106501,25.106501
2016-02-08,24.405001,24.405001
2016-02-09,24.103500,24.103500
2016-02-10,24.524000,24.524000
2016-02-11,25.191000,25.191000
2016-02-12,25.354000,25.354000
2016-02-16,26.055000,26.055000
2016-02-17,26.705000,26.705000
2016-02-18,26.250000,26.250000
2016-02-19,26.745001,26.745001
2016-02-22,27.975000,27.975000
2016-02-23,27.646999,27.646999
2016-02-24,27.702000,27.702000
2016-02-25,27.757500,27.757500
2016-02-26,27.761499,27.761499
2016-02-29,27.625999,27.625999
2016-03-01,28.952000,28.952000
2016-03-02,29.010500,29.010500
2016-03-03,28.874500,28.874500
2016-03-04,28.757000,28.757000
2016-03-07,28.139999,28.139999
2016-03-08,28.013000,28.013000
2016-03-09,27.973499,27.973499
2016-03-10,27.946501,27.946501
2016-03-11,28.480499,28.480499
2016-03-14,28.668501,28.668501
2016-03-15,28.851000,28.851000
2016-03-16,28.713499,28.713499
2016-03-17,27.972000,27.972000
2016-03-18,27.604000,27.604000
2016-03-21,27.698999,27.698999
2016-03-22,28.024000,28.024000
2016-03-23,28.481501,28.481501
2016-03-24,29.147499,29.147499
2016-03-28,28.993500,28.993500
2016-03-29,29.693001,29.693001
2016-03-30,29.934500,29.934500
2016-03-31,29.681999,29.681999
2016-04-01,29.924999,29.924999
2016-04-04,29.659500,29.659500
2016-04-05,29.306999,29.306999
2016-04-06,30.104000,30.104000
2016-04-07,29.571501,29.571501
2016-04-08,29.730000,29.730000
2016-04-11,29.796499,29.796499
2016-04-12,30.158501,30.158501
2016-04-13,30.740999,30.740999
2016-04-14,31.037500,31.037500
2016-04-15,31.294500,31.294500
2016-04-18,31.767500,31.767500
2016-04-19,31.395000,31.395000
2016-04-20,31.649500,31.649500
2016-04-21,31.549999,31.549999
2016-04-22,31.025000,31.025000
2016-04-25,31.309999,31.309999
2016-04-26,30.844000,30.844000
2016-04-27,30.328501,30.328501
2016-04-28,30.100000,30.100000
2016-04-29,32.979500,32.979500
2016-05-02,34.192501,34.192501
2016-05-03,33.566002,33.566002
2016-05-04,33.544998,33.544998
2016-05-05,32.954498,32.954498
2016-05-06,33.697498,33.697498
2016-05-09,33.987499,33.987499
2016-05-10,35.153500,35.153500
2016-05-11,35.661499,35.661499
2016-05-12,35.896500,35.896500
2016-05-13,35.495998,35.495998
2016-05-16,35.533001,35.533001
2016-05-17,34.763500,34.763500
2016-05-18,34.872501,34.872501
2016-05-19,34.925999,34.925999
2016-05-20,35.139999,35.139999
2016-05-23,34.837502,34.837502
2016-05-24,35.209999,35.209999
2016-05-25,35.417500,35.417500
2016-05-26,35.745499,35.745499
2016-05-27,35.612000,35.612000
2016-05-31,36.139500,36.139500
2016-06-01,35.972000,35.972000
2016-06-02,36.411999,36.411999
2016-06-03,36.277000,36.277000
2016-06-06,36.336498,36.336498
2016-06-07,36.187000,36.187000
2016-06-08,36.332001,36.332001
2016-06-09,36.382500,36.382500
2016-06-10,35.895500,35.895500
2016-06-13,35.762001,35.762001
2016-06-14,35.965000,35.965000
2016-06-15,35.713001,35.713001
2016-06-16,35.875500,35.875500
2016-06-17,35.319500,35.319500
2016-06-20,35.700500,35.700500
2016-06-21,35.791000,35.791000
2016-06-22,35.529999,35.529999
2016-06-23,36.104000,36.104000
2016-06-24,34.948002,34.948002
2016-06-27,34.568001,34.568001
2016-06-28,35.397499,35.397499
2016-06-29,35.779999,35.779999
2016-06-30,35.780998,35.780998
2016-07-01,36.284000,36.284000
2016-07-05,36.404999,36.404999
2016-07-06,36.880501,36.880501
2016-07-07,36.828499,36.828499
2016-07-08,37.290501,37.290501
2016-07-11,37.688999,37.688999
2016-07-12,37.410500,37.410500
2016-07-13,37.131500,37.131500
2016-07-14,37.060001,37.060001
2016-07-15,36.771999,36.771999
2016-07-18,36.803501,36.803501
2016-07-19,36.997501,36.997501
2016-07-20,37.285999,37.285999
2016-07-21,37.221500,37.221500
2016-07-22,37.243000,37.243000
2016-07-25,36.980499,36.980499
2016-07-26,36.779499,36.779499
2016-07-27,36.833500,36.833500
2016-07-28,37.630501,37.630501
2016-07-29,37.940498,37.940498
2016-08-01,38.387001,38.387001
2016-08-02,38.028999,38.028999
2016-08-03,37.731998,37.731998
2016-08-04,38.038502,38.038502
2016-08-05,38.299000,38.299000
2016-08-08,38.327999,38.327999
2016-08-09,38.415501,38.415501
2016-08-10,38.428001,38.428001
2016-08-11,38.562000,38.562000
2016-08-12,38.627998,38.627998
2016-08-15,38.424500,38.424500
2016-08-16,38.202000,38.202000
2016-08-17,38.231499,38.231499
2016-08-18,38.223000,38.223000
2016-08-19,37.865501,37.865501
2016-08-22,37.973999,37.973999
2016-08-23,38.122501,38.122501
2016-08-24,37.862499,37.862499
2016-08-25,37.960999,37.960999
2016-08-26,38.450001,38.450001
2016-08-29,38.564499,38.564499
2016-08-30,38.379002,38.379002
2016-08-31,38.458000,38.458000
2016-09-01,38.530998,38.530998
2016-09-02,38.622002,38.622002
2016-09-06,39.443501,39.443501
2016-09-07,39.223999,39.223999
2016-09-08,39.202999,39.202999
2016-09-09,38.007000,38.007000
2016-09-12,38.574501,38.574501
2016-09-13,38.050499,38.050499
2016-09-14,38.054501,38.054501
2016-09-15,38.484501,38.484501
2016-09-16,38.925999,38.925999
2016-09-19,38.755001,38.755001
2016-09-20,39.011002,39.011002
2016-09-21,39.487000,39.487000
2016-09-22,40.235001,40.235001
2016-09-23,40.287498,40.287498
2016-09-26,39.958000,39.958000
2016-09-27,40.805500,40.805500
2016-09-28,41.436001,41.436001
2016-09-29,41.452499,41.452499
2016-09-30,41.865501,41.865501
2016-10-03,41.837002,41.837002
2016-10-04,41.701500,41.701500
2016-10-05,42.217999,42.217999
2016-10-06,42.083000,42.083000
2016-10-07,41.971500,41.971500
2016-10-10,42.085499,42.085499
2016-10-11,41.549999,41.549999
2016-10-12,41.704498,41.704498
2016-10-13,41.464001,41.464001
2016-10-14,41.147999,41.147999
2016-10-17,40.647499,40.647499
2016-10-18,40.882500,40.882500
2016-10-19,40.884499,40.884499
2016-10-20,40.515999,40.515999
2016-10-21,40.949501,40.949501
2016-10-24,41.904499,41.904499
2016-10-25,41.758999,41.758999
2016-10-26,41.129501,41.129501
2016-10-27,40.917999,40.917999
2016-10-28,38.816002,38.816002
2016-10-31,39.491001,39.491001
2016-11-01,39.270500,39.270500
2016-11-02,38.278000,38.278000
2016-11-03,38.351501,38.351501
2016-11-04,37.752499,37.752499
2016-11-07,39.246498,39.246498
2016-11-08,39.387501,39.387501
2016-11-09,38.594002,38.594002
2016-11-10,37.118999,37.118999
2016-11-11,36.950500,36.950500
2016-11-14,35.953499,35.953499
2016-11-15,37.161999,37.161999
2016-11-16,37.324501,37.324501
2016-11-17,37.820000,37.820000
2016-11-18,38.007999,38.007999
2016-11-21,39.000000,39.000000
2016-11-22,39.266499,39.266499
2016-11-23,39.006001,39.006001
2016-11-25,39.018501,39.018501
2016-11-28,38.338501,38.338501
2016-11-29,38.125999,38.125999
2016-11-30,37.528500,37.528500
2016-12-01,37.182499,37.182499
2016-12-02,37.016998,37.016998
2016-12-05,37.967999,37.967999
2016-12-06,38.236000,38.236000
2016-12-07,38.521000,38.521000
2016-12-08,38.366501,38.366501
2016-12-09,38.432999,38.432999
2016-12-12,38.006001,38.006001
2016-12-13,38.716999,38.716999
2016-12-14,38.441002,38.441002
2016-12-15,38.049999,38.049999
2016-12-16,37.888500,37.888500
2016-12-19,38.299999,38.299999
2016-12-20,38.561001,38.561001
2016-12-21,38.529999,38.529999
2016-12-22,38.317001,38.317001
2016-12-23,38.029499,38.029499
2016-12-27,38.570000,38.570000
2016-12-28,38.606499,38.606499
2016-12-29,38.257500,38.257500
2016-12-30,37.493500,37.493500
2017-01-03,37.683498,37.683498
2017-01-04,37.859001,37.859001
2017-01-05,39.022499,39.022499
2017-01-06,39.799500,39.799500
2017-01-09,39.846001,39.846001
2017-01-10,39.794998,39.794998
2017-01-11,39.951000,39.951000
2017-01-12,40.681999,40.681999
2017-01-13,40.856998,40.856998
2017-01-17,40.486000,40.486000
2017-01-18,40.374001,40.374001
2017-01-19,40.452000,40.452000
2017-01-20,40.416500,40.416500
2017-01-23,40.894001,40.894001
2017-01-24,41.122002,41.122002
2017-01-25,41.826000,41.826000
2017-01-26,41.957500,41.957500
2017-01-27,41.788502,41.788502
2017-01-30,41.519001,41.519001
2017-01-31,41.174000,41.174000
2017-02-01,41.617500,41.617500
2017-02-02,41.997501,41.997501
2017-02-03,40.509998,40.509998
2017-02-06,40.382000,40.382000
2017-02-07,40.625000,40.625000
2017-02-08,40.985500,40.985500
2017-02-09,41.068001,41.068001
2017-02-10,41.373001,41.373001
2017-02-13,41.826500,41.826500
2017-02-14,41.819500,41.819500
2017-02-15,42.134998,42.134998
2017-02-16,42.207001,42.207001
2017-02-17,42.253502,42.253502
2017-02-21,42.821999,42.821999
2017-02-22,42.780499,42.780499
2017-02-23,42.609501,42.609501
2017-02-24,42.262001,42.262001
2017-02-27,42.431999,42.431999
2017-02-28,42.251999,42.251999
2017-03-01,42.653999,42.653999
2017-03-02,42.445499,42.445499
2017-03-03,42.493999,42.493999
2017-03-06,42.330502,42.330502
2017-03-07,42.300999,42.300999
2017-03-08,42.525002,42.525002
2017-03-09,42.650002,42.650002
2017-03-10,42.623001,42.623001
2017-03-13,42.729500,42.729500
2017-03-14,42.626499,42.626499
2017-03-15,42.648499,42.648499
2017-03-16,42.671001,42.671001
2017-03-17,42.615501,42.615501
2017-03-20,42.848499,42.848499
2017-03-21,42.160000,42.160000
2017-03-22,42.403000,42.403000
2017-03-23,42.368999,42.368999
2017-03-24,42.280499,42.280499
2017-03-27,42.341000,42.341000
2017-03-28,42.799999,42.799999
2017-03-29,43.716000,43.716000
2017-03-30,43.817001,43.817001
2017-03-31,44.327000,44.327000
2017-04-03,44.575500,44.575500
2017-04-04,45.341499,45.341499
2017-04-05,45.464001,45.464001
2017-04-06,44.914001,44.914001
2017-04-07,44.743999,44.743999
2017-04-10,45.352001,45.352001
2017-04-11,45.118000,45.118000
2017-04-12,44.811501,44.811501
2017-04-13,44.233501,44.233501
2017-04-17,45.099499,45.099499
2017-04-18,45.188999,45.188999
2017-04-19,44.959999,44.959999
2017-04-20,45.103001,45.103001
2017-04-21,44.926498,44.926498
2017-04-24,45.370499,45.370499
2017-04-25,45.381001,45.381001
2017-04-26,45.464500,45.464500
2017-04-27,45.918999,45.918999
2017-04-28,46.249500,46.249500
2017-05-01,47.411499,47.411499
2017-05-02,47.347000,47.347000
2017-05-03,47.051498,47.051498
2017-05-04,46.876499,46.876499
2017-05-05,46.707500,46.707500
2017-05-08,47.452000,47.452000
2017-05-09,47.640999,47.640999
2017-05-10,47.447498,47.447498
2017-05-11,47.381001,47.381001
2017-05-12,48.067501,48.067501
2017-05-15,47.898499,47.898499
2017-05-16,48.303501,48.303501
2017-05-17,47.237999,47.237999
2017-05-18,47.924500,47.924500
2017-05-19,47.992001,47.992001
2017-05-22,48.533501,48.533501
2017-05-23,48.577000,48.577000
2017-05-24,49.017502,49.017502
2017-05-25,49.668999,49.668999
2017-05-26,49.789001,49.789001
2017-05-30,49.834999,49.834999
2017-05-31,49.730999,49.730999
2017-06-01,49.797501,49.797501
2017-06-02,50.336498,50.336498
2017-06-05,50.567001,50.567001
2017-06-06,50.150002,50.150002
2017-06-07,50.503502,50.503502
2017-06-08,50.513500,50.513500
2017-06-09,48.915501,48.915501
2017-06-12,48.245499,48.245499
2017-06-13,49.039501,49.039501
2017-06-14,48.823502,48.823502
2017-06-15,48.208500,48.208500
2017-06-16,49.385502,49.385502
2017-06-19,49.758499,49.758499
2017-06-20,49.629501,49.629501
2017-06-21,50.111500,50.111500
2017-06-22,50.064999,50.064999
2017-06-23,50.187000,50.187000
2017-06-26,49.699001,49.699001
2017-06-27,48.839001,48.839001
2017-06-28,49.516499,49.516499
2017-06-29,48.796501,48.796501
2017-06-30,48.400002,48.400002
2017-07-03,47.682999,47.682999
2017-07-05,48.570000,48.570000
2017-07-06,48.257000,48.257000
2017-07-07,48.938000,48.938000
2017-07-10,49.823502,49.823502
2017-07-11,49.706501,49.706501
2017-07-12,50.325500,50.325500
2017-07-13,50.031502,50.031502
2017-07-14,50.090500,50.090500
2017-07-17,50.501999,50.501999
2017-07-18,51.222500,51.222500
2017-07-19,51.343498,51.343498
2017-07-20,51.435001,51.435001
2017-07-21,51.283501,51.283501
2017-07-24,51.947498,51.947498
2017-07-25,51.993500,51.993500
2017-07-26,52.639999,52.639999
2017-07-27,52.299999,52.299999
2017-07-28,51.001999,51.001999
2017-07-31,49.389000,49.389000
2017-08-01,49.809502,49.809502
2017-08-02,49.794498,49.794498
2017-08-03,49.346001,49.346001
2017-08-04,49.379002,49.379002
2017-08-07,49.613499,49.613499
2017-08-08,49.492001,49.492001
2017-08-09,49.100498,49.100498
2017-08-10,47.846001,47.846001
2017-08-11,48.399502,48.399502
2017-08-14,49.165001,49.165001
2017-08-15,49.137001,49.137001
2017-08-16,48.909000,48.909000
2017-08-17,48.028500,48.028500
2017-08-18,47.923500,47.923500
2017-08-21,47.664501,47.664501
2017-08-22,48.345001,48.345001
2017-08-23,47.900002,47.900002
2017-08-24,47.622501,47.622501
2017-08-25,47.263000,47.263000
2017-08-28,47.300999,47.300999
2017-08-29,47.702999,47.702999
2017-08-30,48.379501,48.379501
2017-08-31,49.029999,49.029999
2017-09-01,48.912498,48.912498
2017-09-05,48.263500,48.263500
2017-09-06,48.389999,48.389999
2017-09-07,48.973499,48.973499
2017-09-08,48.294998,48.294998
2017-09-11,48.897999,48.897999
2017-09-12,49.129002,49.129002
2017-09-13,49.980000,49.980000
2017-09-14,49.610500,49.610500
2017-09-15,49.339500,49.339500
2017-09-18,48.709499,48.709499
2017-09-19,48.493000,48.493000
2017-09-20,48.660500,48.660500
2017-09-21,48.232498,48.232498
2017-09-22,47.755001,47.755001
2017-09-25,46.989498,46.989498
2017-09-26,46.930000,46.930000
2017-09-27,47.543499,47.543499
2017-09-28,47.820000,47.820000
2017-09-29,48.067501,48.067501
2017-10-02,47.959499,47.959499
2017-10-03,47.855000,47.855000
2017-10-04,48.272499,48.272499
2017-10-05,49.042500,49.042500
2017-10-06,49.479000,49.479000
2017-10-09,49.549500,49.549500
2017-10-10,49.360001,49.360001
2017-10-11,49.750000,49.750000
2017-10-12,50.046501,50.046501
2017-10-13,50.146999,50.146999
2017-10-16,50.317001,50.317001
2017-10-17,50.456501,50.456501
2017-10-18,49.849998,49.849998
2017-10-19,49.330502,49.330502
2017-10-20,49.145500,49.145500
2017-10-23,48.314999,48.314999
2017-10-24,48.794998,48.794998
2017-10-25,48.645500,48.645500
2017-10-26,48.621498,48.621498
2017-10-27,55.047501,55.047501
2017-10-30,55.542500,55.542500
2017-10-31,55.264000,55.264000
2017-11-01,55.183998,55.183998
2017-11-02,54.710999,54.710999
2017-11-03,55.580002,55.580002
2017-11-06,56.033001,56.033001
2017-11-07,56.158501,56.158501
2017-11-08,56.644001,56.644001
2017-11-09,56.456501,56.456501
2017-11-10,56.267502,56.267502
2017-11-13,56.458500,56.458500
2017-11-14,56.841999,56.841999
2017-11-15,56.334499,56.334499
2017-11-16,56.864498,56.864498
2017-11-17,56.493999,56.493999
2017-11-20,56.315498,56.315498
2017-11-21,56.974499,56.974499
2017-11-22,57.807999,57.807999
2017-11-24,59.299999,59.299999
2017-11-27,59.791500,59.791500
2017-11-28,59.680000,59.680000
2017-11-29,58.063499,58.063499
2017-11-30,58.837502,58.837502
2017-12-01,58.117500,58.117500
2017-12-04,56.697498,56.697498
2017-12-05,57.078499,57.078499
2017-12-06,57.617500,57.617500
2017-12-07,57.989498,57.989498
2017-12-08,58.099998,58.099998
2017-12-11,58.445999,58.445999
2017-12-12,58.254002,58.254002
2017-12-13,58.206501,58.206501
2017-12-14,58.713001,58.713001
2017-12-15,58.957001,58.957001
2017-12-18,59.528999,59.528999
2017-12-19,59.368999,59.368999
2017-12-20,58.881001,58.881001
2017-12-21,58.737999,58.737999
2017-12-22,58.417999,58.417999
2017-12-26,58.838001,58.838001
2017-12-27,59.112999,59.112999
2017-12-28,59.305000,59.305000
2017-12-29,58.473499,58.473499
2018-01-02,59.450500,59.450500
2018-01-03,60.209999,60.209999
2018-01-04,60.479500,60.479500
2018-01-05,61.457001,61.457001
2018-01-08,62.343498,62.343498
2018-01-09,62.634998,62.634998
2018-01-10,62.716499,62.716499
2018-01-11,63.834000,63.834000
2018-01-12,65.260002,65.260002
2018-01-16,65.242996,65.242996
2018-01-17,64.750000,64.750000
2018-01-18,64.666000,64.666000
2018-01-19,64.728996,64.728996
2018-01-22,66.365501,66.365501
2018-01-23,68.126999,68.126999
2018-01-24,67.875504,67.875504
2018-01-25,68.897499,68.897499
2018-01-26,70.102501,70.102501
2018-01-29,70.884003,70.884003
2018-01-30,71.890999,71.890999
2018-01-31,72.544502,72.544502
2018-02-01,69.500000,69.500000
2018-02-02,71.497498,71.497498
2018-02-05,69.500000,69.500000
2018-02-06,72.141998,72.141998
2018-02-07,70.838997,70.838997
2018-02-08,67.525002,67.525002
2018-02-09,66.980003,66.980003
2018-02-12,69.311501,69.311501
2018-02-13,70.725502,70.725502
2018-02-14,72.552498,72.552498
2018-02-15,73.087997,73.087997
2018-02-16,72.434502,72.434502
2018-02-20,73.417503,73.417503
2018-02-21,74.146004,74.146004
2018-02-22,74.266998,74.266998
2018-02-23,75.000000,75.000000
2018-02-26,76.097504,76.097504
2018-02-27,75.598999,75.598999
2018-02-28,75.622498,75.622498
2018-03-01,74.672501,74.672501
2018-03-02,75.012497,75.012497
2018-03-05,76.180496,76.180496
2018-03-06,76.882004,76.882004
2018-03-07,77.250000,77.250000
2018-03-08,77.593002,77.593002
2018-03-09,78.944504,78.944504
2018-03-12,79.919502,79.919502
2018-03-13,79.408997,79.408997
2018-03-14,79.550003,79.550003
2018-03-15,79.115997,79.115997
2018-03-16,78.584000,78.584000
2018-03-19,77.246498,77.246498
2018-03-20,79.325500,79.325500
2018-03-21,79.093002,79.093002
2018-03-22,77.246002,77.246002
2018-03-23,74.778000,74.778000
2018-03-26,77.792999,77.792999
2018-03-27,74.852501,74.852501
2018-03-28,71.570999,71.570999
2018-03-29,72.366997,72.366997
2018-04-02,68.599503,68.599503
2018-04-03,69.602501,69.602501
2018-04-04,70.528503,70.528503
2018-04-05,72.587502,72.587502
2018-04-06,70.261497,70.261497
2018-04-09,70.304001,70.304001
2018-04-10,71.810997,71.810997
2018-04-11,71.352501,71.352501
2018-04-12,72.425003,72.425003
2018-04-13,71.539497,71.539497
2018-04-16,72.074997,72.074997
2018-04-17,75.191498,75.191498
2018-04-18,76.391998,76.391998
2018-04-19,77.845497,77.845497
2018-04-20,76.374496,76.374496
2018-04-23,75.892998,75.892998
2018-04-24,73.004501,73.004501
2018-04-25,73.008499,73.008499
2018-04-26,75.898003,75.898003
2018-04-27,78.630997,78.630997
2018-04-30,78.306503,78.306503
2018-05-01,79.112999,79.112999
2018-05-02,78.484001,78.484001
2018-05-03,78.603996,78.603996
2018-05-04,79.047501,79.047501
2018-05-07,80.007004,80.007004
2018-05-08,79.619499,79.619499
2018-05-09,80.400002,80.400002
2018-05-10,80.454002,80.454002
2018-05-11,80.145500,80.145500
2018-05-14,80.077003,80.077003
2018-05-15,78.806000,78.806000
2018-05-16,79.363998,79.363998
2018-05-17,79.087997,79.087997
2018-05-18,78.718498,78.718498
2018-05-21,79.273003,79.273003
2018-05-22,79.070000,79.070000
2018-05-23,80.093002,80.093002
2018-05-24,80.153503,80.153503
2018-05-25,80.507500,80.507500
2018-05-29,80.643501,80.643501
2018-05-30,81.244499,81.244499
2018-05-31,81.481003,81.481003
2018-06-01,82.077003,82.077003
2018-06-04,83.263496,83.263496
2018-06-05,84.817497,84.817497
2018-06-06,84.787498,84.787498
2018-06-07,84.464996,84.464996
2018-06-08,84.199501,84.199501
2018-06-11,84.456001,84.456001
2018-06-12,84.937500,84.937500
2018-06-13,85.242996,85.242996
2018-06-14,86.193001,86.193001
2018-06-15,85.798500,85.798500
2018-06-18,86.189499,86.189499
2018-06-19,86.738998,86.738998
2018-06-20,87.503998,87.503998
2018-06-21,86.511002,86.511002
2018-06-22,85.783501,85.783501
2018-06-25,83.157501,83.157501
2018-06-26,84.554497,84.554497
2018-06-27,83.025497,83.025497
2018-06-28,85.072502,85.072502
2018-06-29,84.989998,84.989998
2018-07-02,85.689003,85.689003
2018-07-03,84.697998,84.697998
2018-07-05,84.986504,84.986504
2018-07-06,85.531502,85.531502
2018-07-09,86.950996,86.950996
2018-07-10,87.153503,87.153503
2018-07-11,87.750000,87.750000
2018-07-12,89.831001,89.831001
2018-07-13,90.651497,90.651497
2018-07-16,91.124496,91.124496
2018-07-17,92.196503,92.196503
2018-07-18,92.146004,92.146004
2018-07-19,90.648499,90.648499
2018-07-20,90.684998,90.684998
2018-07-23,90.099998,90.099998
2018-07-24,91.461998,91.461998
2018-07-25,93.180496,93.180496
2018-07-26,90.400002,90.400002
2018-07-27,90.863503,90.863503
2018-07-30,88.960999,88.960999
2018-07-31,88.872002,88.872002
2018-08-01,89.858498,89.858498
2018-08-02,91.716499,91.716499
2018-08-03,91.164497,91.164497
2018-08-06,92.387497,92.387497
2018-08-07,93.124001,93.124001
2018-08-08,94.325996,94.325996
2018-08-09,94.926003,94.926003
2018-08-10,94.315002,94.315002
2018-08-13,94.809998,94.809998
2018-08-14,95.982498,95.982498
2018-08-15,94.130997,94.130997
2018-08-16,94.325996,94.325996
2018-08-17,94.111000,94.111000
2018-08-20,93.835503,93.835503
2018-08-21,94.170998,94.170998
2018-08-22,95.245003,95.245003
2018-08-23,95.144997,95.144997
2018-08-24,95.269501,95.269501
2018-08-27,96.384003,96.384003
2018-08-28,96.640999,96.640999
2018-08-29,99.904999,99.904999
2018-08-30,100.119003,100.119003
2018-08-31,100.635498,100.635498
2018-09-04,101.975502,101.975502
2018-09-05,99.740997,99.740997
2018-09-06,97.915497,97.915497
2018-09-07,97.603500,97.603500
2018-09-10,96.950500,96.950500
2018-09-11,99.357498,99.357498
2018-09-12,99.500000,99.500000
2018-09-13,99.493500,99.493500
2018-09-14,98.509499,98.509499
2018-09-17,95.401497,95.401497
2018-09-18,97.052498,97.052498
2018-09-19,96.320999,96.320999
2018-09-20,97.214996,97.214996
2018-09-21,95.750504,95.750504
2018-09-24,96.718002,96.718002
2018-09-25,98.727501,98.727501
2018-09-26,98.742500,98.742500
2018-09-27,100.649002,100.649002
2018-09-28,100.150002,100.150002
2018-10-01,100.218002,100.218002
2018-10-02,98.565498,98.565498
2018-10-03,97.638000,97.638000
2018-10-04,95.471001,95.471001
2018-10-05,94.482498,94.482498
2018-10-08,93.221001,93.221001
2018-10-09,93.515999,93.515999
2018-10-10,87.762497,87.762497
2018-10-11,85.968002,85.968002
2018-10-12,89.430496,89.430496
2018-10-15,88.047501,88.047501
2018-10-16,90.998001,90.998001
2018-10-17,91.586502,91.586502
2018-10-18,88.536003,88.536003
2018-10-19,88.201500,88.201500
2018-10-22,89.464996,89.464996
2018-10-23,88.434998,88.434998
2018-10-24,83.209999,83.209999
2018-10-25,89.108498,89.108498
2018-10-26,82.140503,82.140503
2018-10-29,76.944000,76.944000
2018-10-30,76.521004,76.521004
2018-10-31,79.900497,79.900497
2018-11-01,83.276497,83.276497
2018-11-02,83.276497,83.276497
2018-11-05,81.389999,81.389999
2018-11-06,82.140503,82.140503
2018-11-07,87.774498,87.774498
2018-11-08,87.745499,87.745499
2018-11-09,85.621498,85.621498
2018-11-12,81.842499,81.842499
2018-11-13,81.558502,81.558502
2018-11-14,79.950500,79.950500
2018-11-15,80.972000,80.972000
2018-11-16,79.670502,79.670502
2018-11-19,75.614502,75.614502
2018-11-20,74.773003,74.773003
2018-11-21,75.836502,75.836502
2018-11-23,75.102997,75.102997
2018-11-26,79.066498,79.066498
2018-11-27,79.070999,79.070999
2018-11-28,83.887497,83.887497
2018-11-29,83.678497,83.678497
2018-11-30,84.508499,84.508499
2018-12-03,88.617996,88.617996
2018-12-04,83.419998,83.419998
2018-12-06,84.959503,84.959503
2018-12-07,81.456497,81.456497
2018-12-10,82.051498,82.051498
2018-12-11,82.162003,82.162003
2018-12-12,83.177002,83.177002
2018-12-13,82.918999,82.918999
2018-12-14,79.595497,79.595497
2018-12-17,76.045502,76.045502
2018-12-18,77.573997,77.573997
2018-12-19,74.753998,74.753998
2018-12-20,73.041496,73.041496
2018-12-21,68.872498,68.872498
2018-12-24,67.197998,67.197998
2018-12-26,73.544998,73.544998
2018-12-27,73.082001,73.082001
2018-12-28,73.901001,73.901001
2018-12-31,75.098503,75.098503
2019-01-02,76.956497,76.956497
2019-01-03,75.014000,75.014000
2019-01-04,78.769501,78.769501
2019-01-07,81.475502,81.475502
2019-01-08,82.829002,82.829002
2019-01-09,82.971001,82.971001
2019-01-10,82.810997,82.810997
2019-01-11,82.028000,82.028000
2019-01-14,80.860497,80.860497
2019-01-15,83.727997,83.727997
2019-01-16,84.189003,84.189003
2019-01-17,84.661003,84.661003
2019-01-18,84.809998,84.809998
2019-01-22,81.608498,81.608498
2019-01-23,82.000999,82.000999
2019-01-24,82.746498,82.746498
2019-01-25,83.528503,83.528503
2019-01-28,81.894501,81.894501
2019-01-29,79.694000,79.694000
2019-01-30,83.521500,83.521500
2019-01-31,85.936501,85.936501
2019-02-01,81.311501,81.311501
2019-02-04,81.665497,81.665497
2019-02-05,82.940498,82.940498
2019-02-06,82.013000,82.013000
2019-02-07,80.718498,80.718498
2019-02-08,79.411003,79.411003
2019-02-11,79.550003,79.550003
2019-02-12,81.900497,81.900497
2019-02-13,82.000000,82.000000
2019-02-14,81.132500,81.132500
2019-02-15,80.397499,80.397499
2019-02-19,81.378998,81.378998
2019-02-20,81.105003,81.105003
2019-02-21,80.972000,80.972000
2019-02-22,81.578003,81.578003
2019-02-25,81.650002,81.650002
2019-02-26,81.820000,81.820000
2019-02-27,82.054497,82.054497
2019-02-28,81.991501,81.991501
2019-03-01,83.586502,83.586502
2019-03-04,84.808502,84.808502
2019-03-05,84.621498,84.621498
2019-03-06,83.447502,83.447502
2019-03-07,81.297501,81.297501
2019-03-08,81.040001,81.040001
2019-03-11,83.530998,83.530998
2019-03-12,83.654999,83.654999
2019-03-13,84.540497,84.540497
2019-03-14,84.310997,84.310997
2019-03-15,85.617996,85.617996
2019-03-18,87.107498,87.107498
2019-03-19,88.092499,88.092499
2019-03-20,89.863503,89.863503
2019-03-21,90.962997,90.962997
2019-03-22,88.238503,88.238503
2019-03-25,88.712997,88.712997
2019-03-26,89.188004,89.188004
2019-03-27,88.285004,88.285004
2019-03-28,88.670998,88.670998
2019-03-29,89.037498,89.037498
2019-04-01,90.709503,90.709503
2019-04-02,90.698997,90.698997
2019-04-03,91.035004,91.035004
2019-04-04,90.943001,90.943001
2019-04-05,91.863998,91.863998
2019-04-08,92.492996,92.492996
2019-04-09,91.792000,91.792000
2019-04-10,92.366501,92.366501
2019-04-11,92.203499,92.203499
2019-04-12,92.153000,92.153000
2019-04-15,92.243500,92.243500
2019-04-16,93.152000,93.152000
2019-04-17,93.240997,93.240997
2019-04-18,93.084503,93.084503
2019-04-22,94.365501,94.365501
2019-04-23,96.188499,96.188499
2019-04-24,95.087502,95.087502
2019-04-25,95.112503,95.112503
2019-04-26,97.531502,97.531502
2019-04-29,96.921501,96.921501
2019-04-30,96.325996,96.325996
2019-05-01,95.575996,95.575996
2019-05-02,95.041000,95.041000
2019-05-03,98.123001,98.123001
2019-05-06,97.527496,97.527496
2019-05-07,96.050003,96.050003
2019-05-08,95.888496,95.888496
2019-05-09,94.993500,94.993500
2019-05-10,94.499001,94.499001
2019-05-13,91.134003,91.134003
2019-05-14,92.005997,92.005997
2019-05-15,93.557503,93.557503
2019-05-16,95.378502,95.378502
2019-05-17,93.449997,93.449997
2019-05-20,92.948502,92.948502
2019-05-21,92.875999,92.875999
2019-05-22,92.984001,92.984001
2019-05-23,90.774002,90.774002
2019-05-24,91.164001,91.164001
2019-05-28,91.821503,91.821503
2019-05-29,90.959503,90.959503
2019-05-30,90.816002,90.816002
2019-05-31,88.753502,88.753502
2019-06-03,84.634499,84.634499
2019-06-04,86.477997,86.477997
2019-06-05,86.925003,86.925003
2019-06-06,87.718002,87.718002
2019-06-07,90.201500,90.201500
2019-06-10,93.031502,93.031502
2019-06-11,93.184998,93.184998
2019-06-12,92.765999,92.765999
2019-06-13,93.514999,93.514999
2019-06-14,93.483498,93.483498
2019-06-17,94.301498,94.301498
2019-06-18,95.068497,95.068497
2019-06-19,95.439499,95.439499
2019-06-20,95.909500,95.909500
2019-06-21,95.565002,95.565002
2019-06-24,95.695000,95.695000
2019-06-25,93.913498,93.913498
2019-06-26,94.891502,94.891502
2019-06-27,95.213997,95.213997
2019-06-28,94.681503,94.681503
2019-07-01,96.109497,96.109497
2019-07-02,96.715500,96.715500
2019-07-03,96.949997,96.949997
2019-07-05,97.145500,97.145500
2019-07-08,97.615997,97.615997
2019-07-09,99.415001,99.415001
2019-07-10,100.870499,100.870499
2019-07-11,100.053497,100.053497
2019-07-12,100.550003,100.550003
2019-07-15,101.049500,101.049500
2019-07-16,100.495003,100.495003
2019-07-17,99.601501,99.601501
2019-07-18,98.894997,98.894997
2019-07-19,98.225998,98.225998
2019-07-22,99.281502,99.281502
2019-07-23,99.724503,99.724503
2019-07-24,100.040497,100.040497
2019-07-25,98.691002,98.691002
2019-07-26,97.152496,97.152496
2019-07-29,95.622498,95.622498
2019-07-30,94.926498,94.926498
2019-07-31,93.338997,93.338997
2019-08-01,92.765999,92.765999
2019-08-02,91.162003,91.162003
2019-08-05,88.256500,88.256500
2019-08-06,89.391502,89.391502
2019-08-07,89.669998,89.669998
2019-08-08,91.644501,91.644501
2019-08-09,90.378998,90.378998
2019-08-12,89.246002,89.246002
2019-08-13,91.217003,91.217003
2019-08-14,88.148003,88.148003
2019-08-15,88.806000,88.806000
2019-08-16,89.628502,89.628502
2019-08-19,90.806000,90.806000
2019-08-20,90.069000,90.069000
2019-08-21,91.177002,91.177002
2019-08-22,90.233002,90.233002
2019-08-23,87.481003,87.481003
2019-08-26,88.443497,88.443497
2019-08-27,88.091499,88.091499
2019-08-28,88.212502,88.212502
2019-08-29,89.320000,89.320000
2019-08-30,88.814499,88.814499
2019-09-03,89.491997,89.491997
2019-09-04,90.030998,90.030998
2019-09-05,92.036003,92.036003
2019-09-06,91.675499,91.675499
2019-09-09,91.567497,91.567497
2019-09-10,91.027496,91.027496
2019-09-11,91.149498,91.149498
2019-09-12,92.177498,92.177498
2019-09-13,91.967003,91.967003
2019-09-16,90.391998,90.391998
2019-09-17,91.127502,91.127502
2019-09-18,90.873001,90.873001
2019-09-19,91.074997,91.074997
2019-09-20,89.708000,89.708000
2019-09-23,89.264999,89.264999
2019-09-24,87.080498,87.080498
2019-09-25,88.416496,88.416496
2019-09-26,86.991997,86.991997
2019-09-27,86.272499,86.272499
2019-09-30,86.795502,86.795502
2019-10-01,86.782501,86.782501
2019-10-02,85.661499,85.661499
2019-10-03,86.221001,86.221001
2019-10-04,86.982498,86.982498
2019-10-07,86.633003,86.633003
2019-10-08,85.275497,85.275497
2019-10-09,86.099503,86.099503
2019-10-10,86.013000,86.013000
2019-10-11,86.596001,86.596001
2019-10-14,86.821503,86.821503
2019-10-15,88.369003,88.369003
2019-10-16,88.871498,88.871498
2019-10-17,89.374001,89.374001
2019-10-18,87.875504,87.875504
2019-10-21,89.282997,89.282997
2019-10-22,88.286499,88.286499
2019-10-23,88.108498,88.108498
2019-10-24,89.039001,89.039001
2019-10-25,88.066498,88.066498
2019-10-28,88.853996,88.853996
2019-10-29,88.135498,88.135498
2019-10-30,88.999496,88.999496
2019-10-31,88.833000,88.833000
2019-11-01,89.571999,89.571999
2019-11-04,90.233002,90.233002
2019-11-05,90.085503,90.085503
2019-11-06,89.788498,89.788498
2019-11-07,89.410004,89.410004
2019-11-08,89.293999,89.293999
2019-11-11,88.582497,88.582497
2019-11-12,88.900002,88.900002
2019-11-13,87.655502,87.655502
2019-11-14,87.730003,87.730003
2019-11-15,86.974503,86.974503
2019-11-18,87.626503,87.626503
2019-11-19,87.639503,87.639503
2019-11-20,87.276497,87.276497
2019-11-21,86.735497,86.735497
2019-11-22,87.286003,87.286003
2019-11-25,88.692001,88.692001
2019-11-26,89.847000,89.847000
2019-11-27,90.925499,90.925499
2019-11-29,90.040001,90.040001
2019-12-02,89.080002,89.080002
2019-12-03,88.498001,88.498001
2019-12-04,88.034500,88.034500
2019-12-05,87.024002,87.024002
2019-12-06,87.580002,87.580002
2019-12-09,87.475502,87.475502
2019-12-10,86.960503,86.960503
2019-12-11,87.435997,87.435997
2019-12-12,88.016502,88.016502
2019-12-13,88.046997,88.046997
2019-12-16,88.460503,88.460503
2019-12-17,89.532997,89.532997
2019-12-18,89.201500,89.201500
2019-12-19,89.613998,89.613998
2019-12-20,89.324997,89.324997
2019-12-23,89.650002,89.650002
2019-12-24,89.460503,89.460503
2019-12-26,93.438499,93.438499
2019-12-27,93.489998,93.489998
2019-12-30,92.344498,92.344498
2019-12-31,92.391998,92.391998
2020-01-02,94.900497,94.900497
2020-01-03,93.748497,93.748497
2020-01-06,95.143997,95.143997
2020-01-07,95.343002,95.343002
2020-01-08,94.598503,94.598503
2020-01-09,95.052498,95.052498
2020-01-10,94.157997,94.157997
2020-01-13,94.565002,94.565002
2020-01-14,93.472000,93.472000
2020-01-15,93.100998,93.100998
2020-01-16,93.897003,93.897003
2020-01-17,93.236000,93.236000
2020-01-21,94.599998,94.599998
2020-01-22,94.373001,94.373001
2020-01-23,94.228996,94.228996
2020-01-24,93.082001,93.082001
2020-01-27,91.417000,91.417000
2020-01-28,92.662498,92.662498
2020-01-29,92.900002,92.900002
2020-01-30,93.533997,93.533997
2020-01-31,100.435997,100.435997
2020-02-03,100.209999,100.209999
2020-02-04,102.483498,102.483498
2020-02-05,101.993500,101.993500
2020-02-06,102.511497,102.511497
2020-02-07,103.963997,103.963997
2020-02-10,106.695503,106.695503
2020-02-11,107.540001,107.540001
2020-02-12,108.000000,108.000000
2020-02-13,107.493500,107.493500
2020-02-14,106.743500,106.743500
2020-02-18,107.783501,107.783501
2020-02-19,108.511002,108.511002
2020-02-20,107.654999,107.654999
2020-02-21,104.798500,104.798500
2020-02-24,100.464500,100.464500
2020-02-25,98.637001,98.637001
2020-02-26,98.979500,98.979500
2020-02-27,94.214996,94.214996
2020-02-28,94.187500,94.187500
2020-03-02,97.697502,97.697502
2020-03-03,95.449501,95.449501
2020-03-04,98.791496,98.791496
2020-03-05,96.201500,96.201500
2020-03-06,95.054497,95.054497
2020-03-09,90.030502,90.030502
2020-03-10,94.591003,94.591003
2020-03-11,91.042999,91.042999
2020-03-12,83.830498,83.830498
2020-03-13,89.250000,89.250000
2020-03-16,84.457497,84.457497
2020-03-17,90.391998,90.391998
2020-03-18,91.500000,91.500000
2020-03-19,94.046501,94.046501
2020-03-20,92.304497,92.304497
2020-03-23,95.141502,95.141502
2020-03-24,97.004997,97.004997
2020-03-25,94.292000,94.292000
2020-03-26,97.774498,97.774498
2020-03-27,95.004997,95.004997
2020-03-30,98.197502,98.197502
2020-03-31,97.486000,97.486000
2020-04-01,95.385002,95.385002
2020-04-02,95.941498,95.941498
2020-04-03,95.329498,95.329498
2020-04-06,99.879501,99.879501
2020-04-07,100.580002,100.580002
2020-04-08,102.150002,102.150002
2020-04-09,102.138000,102.138000
2020-04-13,108.443497,108.443497
2020-04-14,114.166000,114.166000
2020-04-15,115.384003,115.384003
2020-04-16,120.409500,120.409500
2020-04-17,118.750000,118.750000
2020-04-20,119.680496,119.680496
2020-04-21,116.405998,116.405998
2020-04-22,118.174500,118.174500
2020-04-23,119.972504,119.972504
2020-04-24,120.511002,120.511002
2020-04-27,118.800003,118.800003
2020-04-28,115.704002,115.704002
2020-04-29,118.635498,118.635498
2020-04-30,123.699997,123.699997
2020-05-01,114.302002,114.302002
2020-05-04,115.799500,115.799500
2020-05-05,115.889999,115.889999
2020-05-06,117.563004,117.563004
2020-05-07,118.380501,118.380501
2020-05-08,118.980499,118.980499
2020-05-11,120.449997,120.449997
2020-05-12,117.847504,117.847504
2020-05-13,118.396004,118.396004
2020-05-14,119.442497,119.442497
2020-05-15,120.488998,120.488998
2020-05-18,121.313004,121.313004
2020-05-19,122.466499,122.466499
2020-05-20,124.897003,124.897003
2020-05-21,122.336998,122.336998
2020-05-22,121.844002,121.844002
2020-05-26,121.093002,121.093002
2020-05-27,120.519501,120.519501
2020-05-28,120.055000,120.055000
2020-05-29,122.118500,122.118500
2020-06-01,123.552002,123.552002
2020-06-02,123.620499,123.620499
2020-06-03,123.919998,123.919998
2020-06-04,123.029999,123.029999
2020-06-05,124.150002,124.150002
2020-06-08,126.203003,126.203003
2020-06-09,130.042999,130.042999
2020-06-10,132.372498,132.372498
2020-06-11,127.898003,127.898003
2020-06-12,127.250999,127.250999
2020-06-15,128.634003,128.634003
2020-06-16,130.763504,130.763504
2020-06-17,132.048996,132.048996
2020-06-18,132.699005,132.699005
2020-06-19,133.750504,133.750504
2020-06-22,135.690994,135.690994
2020-06-23,138.220505,138.220505
2020-06-24,136.720001,136.720001
2020-06-25,137.729004,137.729004
2020-06-26,134.643494,134.643494
2020-06-29,134.018997,134.018997
2020-06-30,137.940994,137.940994
2020-07-01,143.934998,143.934998
2020-07-02,144.514999,144.514999
2020-07-06,152.852005,152.852005
2020-07-07,150.005997,150.005997
2020-07-08,154.055496,154.055496
2020-07-09,159.131500,159.131500
2020-07-10,160.000000,160.000000
2020-07-13,155.199997,155.199997
2020-07-14,154.199997,154.199997
2020-07-15,150.443497,150.443497
2020-07-16,149.994995,149.994995
2020-07-17,148.098495,148.098495
2020-07-20,159.841995,159.841995
2020-07-21,156.914505,156.914505
2020-07-22,154.995499,154.995499
2020-07-23,149.327499,149.327499
2020-07-24,150.445496,150.445496
2020-07-27,152.760498,152.760498
2020-07-28,150.016495,150.016495
2020-07-29,151.676498,151.676498
2020-07-30,152.593994,152.593994
2020-07-31,158.233994,158.233994
2020-08-03,155.594498,155.594498
2020-08-04,156.941498,156.941498
2020-08-05,160.251495,160.251495
2020-08-06,161.250000,161.250000
2020-08-07,158.373001,158.373001
2020-08-10,157.408005,157.408005
2020-08-11,154.033493,154.033493
2020-08-12,158.112000,158.112000
2020-08-13,158.050995,158.050995
2020-08-14,157.401001,157.401001
2020-08-17,159.120499,159.120499
2020-08-18,165.624496,165.624496
2020-08-19,163.024002,163.024002
2020-08-20,164.868500,164.868500
2020-08-21,164.235992,164.235992
2020-08-24,165.373001,165.373001
2020-08-25,167.324493,167.324493
2020-08-26,172.092499,172.092499
2020-08-27,170.000000,170.000000
2020-08-28,170.089996,170.089996
2020-08-31,172.548004,172.548004
2020-09-01,174.955994,174.955994
2020-09-02,176.572495,176.572495
2020-09-03,168.399994,168.399994
2020-09-04,164.731003,164.731003
2020-09-08,157.492004,157.492004
2020-09-09,163.430496,163.430496
2020-09-10,158.755493,158.755493
2020-09-11,155.811005,155.811005
2020-09-14,155.148499,155.148499
2020-09-15,157.806503,157.806503
2020-09-16,153.904999,153.904999
2020-09-17,150.436493,150.436493
2020-09-18,147.745499,147.745499
2020-09-21,148.023499,148.023499
2020-09-22,156.449493,156.449493
2020-09-23,149.992996,149.992996
2020-09-24,150.989502,150.989502
2020-09-25,154.756500,154.756500
2020-09-28,158.702499,158.702499
2020-09-29,157.244003,157.244003
2020-09-30,157.436493,157.436493
2020-10-01,161.063004,161.063004
2020-10-02,156.250000,156.250000
2020-10-05,159.960007,159.960007
2020-10-06,154.998001,154.998001
2020-10-07,159.784500,159.784500
2020-10-08,159.527496,159.527496
2020-10-09,164.332504,164.332504
2020-10-12,172.146500,172.146500
2020-10-13,172.181503,172.181503
2020-10-14,168.185501,168.185501
2020-10-15,166.932495,166.932495
2020-10-16,163.635498,163.635498
2020-10-19,160.360504,160.360504
2020-10-20,160.850494,160.850494
2020-10-21,159.246994,159.246994
2020-10-22,158.820007,158.820007
2020-10-23,160.220001,160.220001
2020-10-26,160.352005,160.352005
2020-10-27,164.316498,164.316498
2020-10-28,158.139008,158.139008
2020-10-29,160.550507,160.550507
2020-10-30,151.807495,151.807495
2020-11-02,150.223999,150.223999
2020-11-03,152.420502,152.420502
2020-11-04,162.057999,162.057999
2020-11-05,166.100006,166.100006
2020-11-06,165.568497,165.568497
2020-11-09,157.186996,157.186996
2020-11-10,151.751007,151.751007
2020-11-11,156.869507,156.869507
2020-11-12,155.514008,155.514008
2020-11-13,156.440506,156.440506
2020-11-16,156.552994,156.552994
2020-11-17,156.783005,156.783005
2020-11-18,155.272995,155.272995
2020-11-19,155.850998,155.850998
2020-11-20,154.970001,154.970001
2020-11-23,154.919495,154.919495
2020-11-24,155.903000,155.903000
2020-11-25,159.253494,159.253494
2020-11-27,159.766998,159.766998
2020-11-30,158.401993,158.401993
2020-12-01,161.003998,161.003998
2020-12-02,160.176498,160.176498
2020-12-03,159.336502,159.336502
2020-12-04,158.128998,158.128998
2020-12-07,157.899994,157.899994
2020-12-08,158.864502,158.864502
2020-12-09,155.210007,155.210007
2020-12-10,155.074493,155.074493
2020-12-11,155.820999,155.820999
2020-12-14,157.848495,157.848495
2020-12-15,158.255997,158.255997
2020-12-16,162.048004,162.048004
2020-12-17,161.804001,161.804001
2020-12-18,160.082504,160.082504
2020-12-21,160.309006,160.309006
2020-12-22,160.326004,160.326004
2020-12-23,159.263504,159.263504
2020-12-24,158.634506,158.634506
2020-12-28,164.197998,164.197998
2020-12-29,166.100006,166.100006
2020-12-30,164.292496,164.292496
2020-12-31,162.846497,162.846497
2021-01-04,159.331497,159.331497
2021-01-05,160.925507,160.925507
2021-01-06,156.919006,156.919006
2021-01-07,158.108002,158.108002
2021-01-08,159.134995,159.134995
2021-01-11,155.710495,155.710495
2021-01-12,156.041504,156.041504
2021-01-13,158.294495,158.294495
2021-01-14,156.373505,156.373505
2021-01-15,155.212494,155.212494
2021-01-19,156.037994,156.037994
2021-01-20,163.169006,163.169006
2021-01-21,165.349503,165.349503
2021-01-22,164.611496,164.611496
2021-01-25,164.699997,164.699997
2021-01-26,166.306503,166.306503
2021-01-27,161.628998,161.628998
2021-01-28,161.880997,161.880997
2021-01-29,160.309998,160.309998
2021-02-01,167.143997,167.143997
2021-02-02,169.000000,169.000000
2021-02-03,165.626495,165.626495
2021-02-04,166.550003,166.550003
2021-02-05,167.607498,167.607498
2021-02-08,166.147003,166.147003
2021-02-09,165.250000,165.250000
2021-02-10,164.328995,164.328995
2021-02-11,163.106506,163.106506
2021-02-12,163.885498,163.885498
2021-02-16,163.447495,163.447495
2021-02-17,165.432007,165.432007
2021-02-18,166.411499,166.411499
2021-02-19,162.494995,162.494995
2021-02-22,159.037003,159.037003
2021-02-23,159.725006,159.725006
2021-02-24,157.976501,157.976501
2021-02-25,152.858002,152.858002
2021-02-26,154.646500,154.646500
2021-03-01,157.307007,157.307007
2021-03-02,154.726501,154.726501
2021-03-03,150.250000,150.250000
2021-03-04,148.878494,148.878494
2021-03-05,150.022995,150.022995
2021-03-08,147.597504,147.597504
2021-03-09,153.142502,153.142502
2021-03-10,152.882004,152.882004
2021-03-11,155.679504,155.679504
2021-03-12,154.474503,154.474503
2021-03-15,154.084000,154.084000
2021-03-16,154.593002,154.593002
2021-03-17,156.786499,156.786499
2021-03-18,151.399506,151.399506
2021-03-19,153.748001,153.748001
2021-03-22,155.543503,155.543503
2021-03-23,156.875000,156.875000
2021-03-24,154.353500,154.353500
2021-03-25,152.313004,152.313004
2021-03-26,152.601501,152.601501
2021-03-29,153.786499,153.786499
2021-03-30,152.764496,152.764496
2021-03-31,154.703995,154.703995
2021-04-01,158.050003,158.050003
2021-04-05,161.336502,161.336502
2021-04-06,161.190994,161.190994
2021-04-07,163.969498,163.969498
2021-04-08,164.964996,164.964996
2021-04-09,168.610001,168.610001
2021-04-12,168.969498,168.969498
2021-04-13,170.000000,170.000000
2021-04-14,166.649994,166.649994
2021-04-15,168.954498,168.954498
2021-04-16,169.972000,169.972000
2021-04-19,168.600494,168.600494
2021-04-20,166.734497,166.734497
2021-04-21,168.100998,168.100998
2021-04-22,165.451996,165.451996
2021-04-23,167.044006,167.044006
2021-04-26,170.449997,170.449997
2021-04-27,170.871506,170.871506
2021-04-28,172.925003,172.925003
2021-04-29,173.565506,173.565506
2021-04-30,173.371002,173.371002
2021-05-03,169.324493,169.324493
2021-05-04,165.593506,165.593506
2021-05-05,163.526993,163.526993
2021-05-06,165.318497,165.318497
2021-05-07,164.580505,164.580505
2021-05-10,159.524506,159.524506
2021-05-11,161.195496,161.195496
2021-05-12,157.597000,157.597000
2021-05-13,158.073502,158.073502
2021-05-14,161.145004,161.145004
2021-05-17,163.519501,163.519501
2021-05-18,161.613998,161.613998
2021-05-19,161.589996,161.589996
2021-05-20,162.384003,162.384003
2021-05-21,160.154007,160.154007
2021-05-24,162.249496,162.249496
2021-05-25,162.952499,162.952499
2021-05-26,163.257996,163.257996
2021-05-27,161.505493,161.505493
2021-05-28,161.153503,161.153503
2021-06-01,160.932495,160.932495
2021-06-02,161.699493,161.699493
2021-06-03,159.350494,159.350494
2021-06-04,160.311005,160.311005
2021-06-07,159.900497,159.900497
2021-06-08,163.205505,163.205505
2021-06-09,164.057495,164.057495
2021-06-10,167.482498,167.482498
2021-06-11,167.341507,167.341507
2021-06-14,169.193497,169.193497
2021-06-15,169.156494,169.156494
2021-06-16,170.762497,170.762497
2021-06-17,174.462006,174.462006
2021-06-18,174.345001,174.345001
2021-06-21,172.697998,172.697998
2021-06-22,175.272003,175.272003
2021-06-23,175.190994,175.190994
2021-06-24,172.453995,172.453995
2021-06-25,170.072998,170.072998
2021-06-28,172.194504,172.194504
2021-06-29,172.406998,172.406998
2021-06-30,172.007996,172.007996
2021-07-01,171.648499,171.648499
2021-07-02,175.548996,175.548996
2021-07-06,183.787003,183.787003
2021-07-07,184.828995,184.828995
2021-07-08,186.570496,186.570496
2021-07-09,185.966995,185.966995
2021-07-12,185.927505,185.927505
2021-07-13,183.867996,183.867996
2021-07-14,184.084000,184.084000
2021-07-15,181.559998,181.559998
2021-07-16,178.681503,178.681503
2021-07-19,177.479507,177.479507
2021-07-20,178.659500,178.659500
2021-07-21,179.259995,179.259995
2021-07-22,181.901505,181.901505
2021-07-23,182.832001,182.832001
2021-07-26,184.990997,184.990997
2021-07-27,181.319504,181.319504
2021-07-28,181.516006,181.516006
2021-07-29,179.996002,179.996002
2021-07-30,166.379501,166.379501
2021-08-02,166.574005,166.574005
2021-08-03,168.311996,168.311996
2021-08-04,167.735992,167.735992
2021-08-05,168.799500,168.799500
2021-08-06,167.246994,167.246994
2021-08-09,167.093506,167.093506
2021-08-10,166.033997,166.033997
2021-08-11,164.605499,164.605499
2021-08-12,165.175003,165.175003
2021-08-13,164.698502,164.698502
2021-08-16,164.949493,164.949493
2021-08-17,162.098007,162.098007
2021-08-18,160.061005,160.061005
2021-08-19,159.387497,159.387497
2021-08-20,159.997498,159.997498
2021-08-23,163.293503,163.293503
2021-08-24,165.289001,165.289001
2021-08-25,164.959000,164.959000
2021-08-26,165.800003,165.800003
2021-08-27,167.481506,167.481506
2021-08-30,171.078506,171.078506
2021-08-31,173.539505,173.539505
2021-09-01,173.949997,173.949997
2021-09-02,173.156006,173.156006
2021-09-03,173.902496,173.902496
2021-09-07,175.464493,175.464493
2021-09-08,176.274994,176.274994
2021-09-09,174.207993,174.207993
2021-09-10,173.457504,173.457504
2021-09-13,172.858505,172.858505
2021-09-14,172.500000,172.500000
2021-09-15,173.789505,173.789505
2021-09-16,174.412003,174.412003
2021-09-17,173.126007,173.126007
2021-09-20,167.786499,167.786499
2021-09-21,167.181503,167.181503
2021-09-22,169.002502,169.002502
2021-09-23,170.800003,170.800003
2021-09-24,171.276001,171.276001
2021-09-27,170.289993,170.289993
2021-09-28,165.798004,165.798004
2021-09-29,165.056000,165.056000
2021-09-30,164.251999,164.251999
2021-10-01,164.162994,164.162994
2021-10-04,159.488998,159.488998
2021-10-05,161.050003,161.050003
2021-10-06,163.100494,163.100494
2021-10-07,165.121506,165.121506
2021-10-08,164.431000,164.431000
2021-10-11,162.315002,162.315002
2021-10-12,162.366501,162.366501
2021-10-13,164.214005,164.214005
2021-10-14,164.992996,164.992996
2021-10-15,170.451004,170.451004
2021-10-18,172.337006,172.337006
2021-10-19,172.207504,172.207504
2021-10-20,170.753006,170.753006
2021-10-21,171.750504,171.750504
2021-10-22,166.777496,166.777496
2021-10-25,166.018494,166.018494
2021-10-26,168.803497,168.803497
2021-10-27,169.624496,169.624496
2021-10-28,172.328506,172.328506
2021-10-29,168.621506,168.621506
2021-11-01,165.905502,165.905502
2021-11-02,165.637497,165.637497
2021-11-03,169.199997,169.199997
2021-11-04,173.850006,173.850006
2021-11-05,175.949493,175.949493
2021-11-08,174.449005,174.449005
2021-11-09,178.811493,178.811493
2021-11-10,174.102493,174.102493
2021-11-11,173.625000,173.625000
2021-11-12,176.257507,176.257507
2021-11-15,177.283997,177.283997
2021-11-16,177.035004,177.035004
2021-11-17,177.449997,177.449997
2021-11-18,184.802994,184.802994
2021-11-19,183.828506,183.828506
2021-11-22,178.628494,178.628494
2021-11-23,179.001999,179.001999
2021-11-24,179.020493,179.020493
2021-11-26,175.227997,175.227997
2021-11-29,178.078506,178.078506
2021-11-30,175.353500,175.353500
2021-12-01,172.186005,172.186005
2021-12-02,171.867996,171.867996
2021-12-03,169.489502,169.489502
2021-12-06,171.368500,171.368500
2021-12-07,176.164505,176.164505
2021-12-08,176.158005,176.158005
2021-12-09,174.171005,174.171005
2021-12-10,172.212006,172.212006
2021-12-13,169.567505,169.567505
2021-12-14,169.091507,169.091507
2021-12-15,173.315002,173.315002
2021-12-16,168.871002,168.871002
2021-12-17,170.017502,170.017502
2021-12-20,167.078995,167.078995
2021-12-21,170.417007,170.417007
2021-12-22,171.037003,171.037003
2021-12-23,171.068497,171.068497
2021-12-27,169.669495,169.669495
2021-12-28,170.660995,170.660995
2021-12-29,169.201004,169.201004
2021-12-30,168.644501,168.644501
2021-12-31,166.716995,166.716995
2022-01-03,170.404495,170.404495
2022-01-04,167.522003,167.522003
2022-01-05,164.356995,164.356995
2022-01-06,163.253998,163.253998
2022-01-07,162.554001,162.554001
2022-01-10,161.485992,161.485992
2022-01-11,165.362000,165.362000
2022-01-12,165.207001,165.207001
2022-01-13,161.214005,161.214005
2022-01-14,162.138000,162.138000
2022-01-18,158.917496,158.917496
2022-01-19,156.298996,156.298996
2022-01-20,151.667496,151.667496
2022-01-21,142.643005,142.643005
2022-01-24,144.544006,144.544006
2022-01-25,139.985992,139.985992
2022-01-26,138.872498,138.872498
2022-01-27,139.637497,139.637497
2022-01-28,143.977997,143.977997
2022-01-31,149.573502,149.573502
2022-02-01,151.193497,151.193497
2022-02-02,150.612503,150.612503
2022-02-03,138.845505,138.845505
2022-02-04,157.639496,157.639496
2022-02-07,157.935501,157.935501
2022-02-08,161.413498,161.413498
2022-02-09,161.189499,161.189499
2022-02-10,159.003494,159.003494
2022-02-11,153.293503,153.293503
2022-02-14,155.167007,155.167007
2022-02-15,156.510498,156.510498
2022-02-16,158.100494,158.100494
2022-02-17,154.652496,154.652496
2022-02-18,152.601501,152.601501
2022-02-22,150.197495,150.197495
2022-02-23,144.826996,144.826996
2022-02-24,151.358002,151.358002
2022-02-25,153.788498,153.788498
2022-02-28,153.563004,153.563004
2022-03-01,151.141998,151.141998
2022-03-02,152.052505,152.052505
2022-03-03,147.898499,147.898499
2022-03-04,145.641006,145.641006
2022-03-07,137.453003,137.453003
2022-03-08,136.014496,136.014496
2022-03-09,139.279007,139.279007
2022-03-10,146.817505,146.817505
2022-03-11,145.524506,145.524506
2022-03-14,141.852997,141.852997
2022-03-15,147.366501,147.366501
2022-03-16,153.104004,153.104004
2022-03-17,157.238998,157.238998
2022-03-18,161.250504,161.250504
2022-03-21,161.491501,161.491501
2022-03-22,164.889008,164.889008
2022-03-23,163.408005,163.408005
2022-03-24,163.649506,163.649506
2022-03-25,164.773499,164.773499
2022-03-28,168.990494,168.990494
2022-03-29,169.315002,169.315002
2022-03-30,166.300995,166.300995
2022-03-31,162.997498,162.997498
2022-04-01,163.559998,163.559998
2022-04-04,168.346497,168.346497
2022-04-05,164.054993,164.054993
2022-04-06,158.755997,158.755997
2022-04-07,157.784500,157.784500
2022-04-08,154.460495,154.460495
2022-04-11,151.121994,151.121994
2022-04-12,150.787506,150.787506
2022-04-13,155.541000,155.541000
2022-04-14,151.706497,151.706497
2022-04-18,152.785004,152.785004
2022-04-19,158.115494,158.115494
2022-04-20,153.998001,153.998001
2022-04-21,148.296005,148.296005
2022-04-22,144.350006,144.350006
2022-04-25,146.074005,146.074005
2022-04-26,139.391006,139.391006
2022-04-27,138.167007,138.167007
2022-04-28,144.596497,144.596497
2022-04-29,124.281502,124.281502
2022-05-02,124.500000,124.500000
2022-05-03,124.253502,124.253502
2022-05-04,125.928497,125.928497
2022-05-05,116.406998,116.406998
2022-05-06,114.772499,114.772499
2022-05-09,108.789001,108.789001
2022-05-10,108.859001,108.859001
2022-05-11,105.372002,105.372002
2022-05-12,106.930496,106.930496
2022-05-13,113.055000,113.055000
2022-05-16,110.810501,110.810501
2022-05-17,115.368500,115.368500
2022-05-18,107.112503,107.112503
2022-05-19,107.319000,107.319000
2022-05-20,107.591003,107.591003
2022-05-23,107.556999,107.556999
2022-05-24,104.099998,104.099998
2022-05-25,106.775002,106.775002
2022-05-26,111.077499,111.077499
2022-05-27,115.146500,115.146500
2022-05-31,120.209503,120.209503
2022-06-01,121.683998,121.683998
2022-06-02,125.511002,125.511002
2022-06-03,122.349998,122.349998
2022-06-06,124.790001,124.790001
2022-06-07,123.000000,123.000000
2022-06-08,121.180000,121.180000
2022-06-09,116.150002,116.150002
2022-06-10,109.650002,109.650002
2022-06-13,103.669998,103.669998
2022-06-14,102.309998,102.309998
2022-06-15,107.669998,107.669998
2022-06-16,103.660004,103.660004
2022-06-17,106.220001,106.220001
2022-06-21,108.680000,108.680000
2022-06-22,108.949997,108.949997
2022-06-23,112.440002,112.440002
2022-06-24,116.459999,116.459999
2022-06-27,113.220001,113.220001
2022-06-28,107.400002,107.400002
2022-06-29,108.919998,108.919998
2022-06-30,106.209999,106.209999
2022-07-01,109.559998,109.559998
2022-07-05,113.500000,113.500000
2022-07-06,114.330002,114.330002
2022-07-07,116.330002,116.330002
2022-07-08,115.540001,115.540001
2022-07-11,111.750000,111.750000
2022-07-12,109.220001,109.220001
2022-07-13,110.400002,110.400002
2022-07-14,110.629997,110.629997
2022-07-15,113.550003,113.550003
2022-07-18,113.760002,113.760002
2022-07-19,118.209999,118.209999
2022-07-20,122.769997,122.769997
2022-07-21,124.629997,124.629997
2022-07-22,122.419998,122.419998
2022-07-25,121.139999,121.139999
2022-07-26,114.809998,114.809998
2022-07-27,120.970001,120.970001
2022-07-28,122.279999,122.279999
2022-07-29,134.949997,134.949997
2022-08-01,135.389999,135.389999
2022-08-02,134.160004,134.160004
2022-08-03,139.520004,139.520004
2022-08-04,142.570007,142.570007
2022-08-05,140.800003,140.800003
2022-08-08,139.410004,139.410004
2022-08-09,137.830002,137.830002
2022-08-10,142.690002,142.690002
2022-08-11,140.639999,140.639999
2022-08-12,143.550003,143.550003
2022-08-15,143.179993,143.179993
2022-08-16,144.779999,144.779999
2022-08-17,142.100006,142.100006
2022-08-18,142.300003,142.300003
2022-08-19,138.229996,138.229996
2022-08-22,133.220001,133.220001
2022-08-23,133.619995,133.619995
2022-08-24,133.800003,133.800003
2022-08-25,137.279999,137.279999
2022-08-26,130.750000,130.750000
2022-08-29,129.789993,129.789993
2022-08-30,128.729996,128.729996
2022-08-31,126.769997,126.769997
2022-09-01,127.820000,127.820000
2022-09-02,127.510002,127.510002
2022-09-06,126.110001,126.110001
2022-09-07,129.479996,129.479996
2022-09-08,129.820007,129.820007
2022-09-09,133.270004,133.270004
2022-09-12,136.449997,136.449997
2022-09-13,126.820000,126.820000
2022-09-14,128.550003,128.550003
2022-09-15,126.279999,126.279999
2022-09-16,123.529999,123.529999
2022-09-19,124.660004,124.660004
2022-09-20,122.190002,122.190002
2022-09-21,118.540001,118.540001
2022-09-22,117.309998,117.309998
2022-09-23,113.779999,113.779999
2022-09-26,115.150002,115.150002
2022-09-27,114.410004,114.410004
2022-09-28,118.010002,118.010002
2022-09-29,114.800003,114.800003
2022-09-30,113.000000,113.000000
2022-10-03,115.879997,115.879997
2022-10-04,121.089996,121.089996
2022-10-05,120.949997,120.949997
2022-10-06,120.300003,120.300003
2022-10-07,114.559998,114.559998
2022-10-10,113.669998,113.669998
2022-10-11,112.209999,112.209999
2022-10-12,112.900002,112.900002
2022-10-13,112.529999,112.529999
2022-10-14,106.900002,106.900002
2022-10-17,113.790001,113.790001
2022-10-18,116.360001,116.360001
2022-10-19,115.070000,115.070000
2022-10-20,115.250000,115.250000
2022-10-21,119.320000,119.320000
2022-10-24,119.820000,119.820000
2022-10-25,120.599998,120.599998
2022-10-26,115.660004,115.660004
2022-10-27,110.959999,110.959999
2022-10-28,103.410004,103.410004
2022-10-31,102.440002,102.440002
2022-11-01,96.790001,96.790001
2022-11-02,92.120003,92.120003
2022-11-03,89.300003,89.300003
2022-11-04,90.980003,90.980003
2022-11-07,90.529999,90.529999
2022-11-08,89.980003,89.980003
2022-11-09,86.139999,86.139999
2022-11-10,96.629997,96.629997
2022-11-11,100.790001,100.790001
2022-11-14,98.489998,98.489998
2022-11-15,98.940002,98.940002
2022-11-16,97.120003,97.120003
2022-11-17,94.849998,94.849998
2022-11-18,94.139999,94.139999
2022-11-21,92.459999,92.459999
2022-11-22,93.199997,93.199997
2022-11-23,94.129997,94.129997
2022-11-25,93.410004,93.410004
2022-11-28,93.949997,93.949997
2022-11-29,92.419998,92.419998
2022-11-30,96.540001,96.540001
2022-12-01,95.500000,95.500000
2022-12-02,94.129997,94.129997
2022-12-05,91.010002,91.010002
2022-12-06,88.250000,88.250000
2022-12-07,88.459999,88.459999
2022-12-08,90.349998,90.349998
2022-12-09,89.089996,89.089996
2022-12-12,90.550003,90.550003
2022-12-13,92.489998,92.489998
2022-12-14,91.580002,91.580002
2022-12-15,88.449997,88.449997
2022-12-16,87.860001,87.860001
2022-12-19,84.919998,84.919998
2022-12-20,85.190002,85.190002
2022-12-21,86.769997,86.769997
2022-12-22,83.790001,83.790001
2022-12-23,85.250000,85.250000
2022-12-27,83.040001,83.040001
2022-12-28,81.820000,81.820000
2022-12-29,84.180000,84.180000
2022-12-30,84.000000,84.000000
2023-01-03,85.820000,85.820000
2023-01-04,85.139999,85.139999
2023-01-05,83.120003,83.120003
2023-01-06,86.080002,86.080002
2023-01-09,87.360001,87.360001
2023-01-10,89.870003,89.870003
2023-01-11,95.089996,95.089996
2023-01-12,95.269997,95.269997
2023-01-13,98.120003,98.120003
2023-01-17,96.050003,96.050003
2023-01-18,95.459999,95.459999
2023-01-19,93.680000,93.680000
2023-01-20,97.250000,97.250000
2023-01-23,97.519997,97.519997
2023-01-24,96.320000,96.320000
2023-01-25,97.180000,97.180000
2023-01-26,99.220001,99.220001
2023-01-27,102.239998,102.239998
2023-01-30,100.550003,100.550003
2023-01-31,103.129997,103.129997
2023-02-01,105.150002,105.150002
2023-02-02,112.910004,112.910004
2023-02-03,103.389999,103.389999
2023-02-06,102.180000,102.180000
2023-02-07,102.110001,102.110001
2023-02-08,100.050003,100.050003
2023-02-09,98.239998,98.239998
2023-02-10,97.610001,97.610001
2023-02-13,99.540001,99.540001
2023-02-14,99.699997,99.699997
2023-02-15,101.160004,101.160004
2023-02-16,98.150002,98.150002
2023-02-17,97.199997,97.199997
2023-02-21,94.580002,94.580002
2023-02-22,95.790001,95.790001
2023-02-23,95.820000,95.820000
2023-02-24,93.500000,93.500000
2023-02-27,93.760002,93.760002
2023-02-28,94.230003,94.230003
2023-03-01,92.169998,92.169998
2023-03-02,92.129997,92.129997
2023-03-03,94.900002,94.900002
2023-03-06,93.750000,93.750000
2023-03-07,93.550003,93.550003
2023-03-08,93.919998,93.919998
2023-03-09,92.250000,92.250000
2023-03-10,90.730003,90.730003
2023-03-13,92.430000,92.430000
2023-03-14,94.879997,94.879997
2023-03-15,96.199997,96.199997
2023-03-16,100.040001,100.040001
2023-03-17,98.949997,98.949997
2023-03-20,97.709999,97.709999
2023-03-21,100.610001,100.610001
2023-03-22,98.699997,98.699997
2023-03-23,98.709999,98.709999
2023-03-24,98.129997,98.129997
2023-03-27,98.040001,98.040001
2023-03-28,97.239998,97.239998
2023-03-29,100.250000,100.250000
2023-03-30,102.000000,102.000000
2023-03-31,103.290001,103.290001
2023-04-03,102.410004,102.410004
2023-04-04,103.949997,103.949997
2023-04-05,101.099998,101.099998
2023-04-06,102.059998,102.059998
2023-04-10,102.169998,102.169998
2023-04-11,99.919998,99.919998
2023-04-12,97.830002,97.830002
2023-04-13,102.400002,102.400002
2023-04-14,102.510002,102.510002
2023-04-17,102.739998,102.739998
2023-04-18,102.300003,102.300003
2023-04-19,104.300003,104.300003
2023-04-20,103.809998,103.809998
2023-04-21,106.959999,106.959999
2023-04-24,106.209999,106.209999
2023-04-25,102.570000,102.570000
2023-04-26,104.980003,104.980003
2023-04-27,109.820000,109.820000
2023-04-28,105.449997,105.449997
2023-05-01,102.050003,102.050003
2023-05-02,103.629997,103.629997
2023-05-03,103.650002,103.650002
2023-05-04,104.000000,104.000000
2023-05-05,105.660004,105.660004
2023-05-08,105.830002,105.830002
2023-05-09,106.620003,106.620003
2023-05-10,110.190002,110.190002
2023-05-11,112.180000,112.180000
2023-05-12,110.260002,110.260002
2023-05-15,111.199997,111.199997
2023-05-16,113.400002,113.400002
2023-05-17,115.500000,115.500000
2023-05-18,118.150002,118.150002
2023-05-19,116.250000,116.250000
2023-05-22,115.010002,115.010002
2023-05-23,114.989998,114.989998
2023-05-24,116.750000,116.750000
2023-05-25,115.000000,115.000000
2023-05-26,120.110001,120.110001
2023-05-30,121.660004,121.660004
2023-05-31,120.580002,120.580002
2023-06-01,122.769997,122.769997
2023-06-02,124.250000,124.250000
2023-06-05,125.300003,125.300003
2023-06-06,126.610001,126.610001
2023-06-07,121.230003,121.230003
2023-06-08,124.250000,124.250000
2023-06-09,123.430000,123.430000
2023-06-12,126.570000,126.570000
2023-06-13,126.660004,126.660004
2023-06-14,126.419998,126.419998
2023-06-15,127.110001,127.110001
2023-06-16,125.489998,125.489998
2023-06-20,125.779999,125.779999
2023-06-21,124.830002,124.830002
2023-06-22,130.149994,130.149994
2023-06-23,129.330002,129.330002
2023-06-26,127.330002,127.330002
2023-06-27,129.179993,129.179993
2023-06-28,129.039993,129.039993
2023-06-29,127.900002,127.900002
2023-06-30,130.360001,130.360001
2023-07-03,130.220001,130.220001
2023-07-05,130.380005,130.380005
2023-07-06,128.360001,128.360001
2023-07-07,129.779999,129.779999
2023-07-10,127.129997,127.129997
2023-07-11,128.779999,128.779999
2023-07-12,130.800003,130.800003
2023-07-13,134.300003,134.300003
2023-07-14,134.679993,134.679993
2023-07-17,133.559998,133.559998
2023-07-18,132.830002,132.830002
2023-07-19,135.360001,135.360001
2023-07-20,129.960007,129.960007
2023-07-21,130.000000,130.000000
2023-07-24,128.800003,128.800003
2023-07-25,129.130005,129.130005
2023-07-26,128.149994,128.149994
2023-07-27,128.250000,128.250000
2023-07-28,132.210007,132.210007
2023-07-31,133.679993,133.679993
2023-08-01,131.690002,131.690002
2023-08-02,128.210007,128.210007
2023-08-03,128.910004,128.910004
2023-08-04,139.570007,139.570007
2023-08-07,142.220001,142.220001
2023-08-08,139.940002,139.940002
2023-08-09,137.850006,137.850006
2023-08-10,138.559998,138.559998
2023-08-11,138.410004,138.410004
2023-08-14,140.570007,140.570007
2023-08-15,137.669998,137.669998
2023-08-16,135.070007,135.070007
2023-08-17,133.979996,133.979996
2023-08-18,133.220001,133.220001
2023-08-21,134.679993,134.679993
2023-08-22,134.250000,134.250000
2023-08-23,135.520004,135.520004
2023-08-24,131.839996,131.839996
2023-08-25,133.259995,133.259995
2023-08-28,133.139999,133.139999
2023-08-29,134.910004,134.910004
2023-08-30,135.070007,135.070007
2023-08-31,138.009995,138.009995
2023-09-01,138.119995,138.119995
2023-09-05,137.270004,137.270004
2023-09-06,135.360001,135.360001
2023-09-07,137.850006,137.850006
2023-09-08,138.229996,138.229996
2023-09-11,143.100006,143.100006
2023-09-12,141.229996,141.229996
2023-09-13,144.850006,144.850006
2023-09-14,144.720001,144.720001
2023-09-15,140.389999,140.389999
2023-09-18,139.979996,139.979996
2023-09-19,137.630005,137.630005
2023-09-20,135.289993,135.289993
2023-09-21,129.330002,129.330002
2023-09-22,129.119995,129.119995
2023-09-25,131.270004,131.270004
2023-09-26,125.980003,125.980003
2023-09-27,125.980003,125.980003
2023-09-28,125.980003,125.980003
2023-09-29,127.120003,127.120003
2023-10-02,129.460007,129.460007
2023-10-03,124.720001,124.720001
2023-10-04,127.000000,127.000000
2023-10-05,125.959999,125.959999
2023-10-06,127.959999,127.959999
2023-10-09,128.259995,128.259995
2023-10-10,129.479996,129.479996
2023-10-11,131.830002,131.830002
2023-10-12,132.330002,132.330002
2023-10-13,129.789993,129.789993
2023-10-16,132.550003,132.550003
2023-10-17,131.470001,131.470001
2023-10-18,128.130005,128.130005
2023-10-19,128.399994,128.399994
2023-10-20,125.169998,125.169998
2023-10-23,126.559998,126.559998
2023-10-24,128.559998,128.559998
2023-10-25,121.389999,121.389999
2023-10-26,119.570000,119.570000
2023-10-27,127.739998,127.739998
2023-10-30,132.710007,132.710007
2023-10-31,133.089996,133.089996
2023-11-01,137.000000,137.000000
2023-11-02,138.070007,138.070007
2023-11-03,138.600006,138.600006
2023-11-06,139.740005,139.740005
2023-11-07,142.710007,142.710007
2023-11-08,142.080002,142.080002
2023-11-09,140.600006,140.600006
2023-11-10,143.559998,143.559998
2023-11-13,142.589996,142.589996
2023-11-14,145.800003,145.800003
2023-11-15,143.199997,143.199997
2023-11-16,142.830002,142.830002
2023-11-17,145.179993,145.179993
2023-11-20,146.130005,146.130005
2023-11-21,143.899994,143.899994
2023-11-22,146.710007,146.710007
2023-11-24,146.740005,146.740005
2023-11-27,147.729996,147.729996
2023-11-28,147.029999,147.029999
2023-11-29,146.320007,146.320007
2023-11-30,146.089996,146.089996
2023-12-01,147.029999,147.029999
2023-12-04,144.839996,144.839996
2023-12-05,146.880005,146.880005
2023-12-06,144.520004,144.520004
2023-12-07,146.880005,146.880005
2023-12-08,147.419998,147.419998
2023-12-11,145.889999,145.889999
2023-12-12,147.479996,147.479996
2023-12-13,148.839996,148.839996
2023-12-14,147.419998,147.419998
2023-12-15,149.970001,149.970001
2023-12-18,154.070007,154.070007
2023-12-19,153.789993,153.789993
2023-12-20,152.119995,152.119995
2023-12-21,153.839996,153.839996
2023-12-22,153.419998,153.419998
2023-12-26,153.410004,153.410004
2023-12-27,153.339996,153.339996
2023-12-28,153.380005,153.380005
2023-12-29,151.940002,151.940002
2024-01-02,149.929993,149.929993
2024-01-03,148.470001,148.470001
2024-01-04,144.570007,144.570007
2024-01-05,145.240005,145.240005
2024-01-08,149.100006,149.100006
2024-01-09,151.369995,151.369995
2024-01-10,153.729996,153.729996
2024-01-11,155.179993,155.179993
2024-01-12,154.619995,154.619995
2024-01-16,153.160004,153.160004
2024-01-17,151.710007,151.710007
2024-01-18,153.500000,153.500000
2024-01-19,155.339996,155.339996
2024-01-22,154.779999,154.779999
2024-01-23,156.020004,156.020004
2024-01-24,156.869995,156.869995
2024-01-25,157.750000,157.750000
2024-01-26,159.119995,159.119995
2024-01-29,161.259995,161.259995
2024-01-30,159.000000,159.000000
2024-01-31,155.199997,155.199997
2024-02-01,159.279999,159.279999
2024-02-02,171.809998,171.809998
2024-02-05,170.309998,170.309998
2024-02-06,169.149994,169.149994
2024-02-07,170.529999,170.529999
2024-02-08,169.839996,169.839996
2024-02-09,174.449997,174.449997
2024-02-12,172.339996,172.339996
2024-02-13,168.639999,168.639999
2024-02-14,170.979996,170.979996
2024-02-15,169.800003,169.800003
2024-02-16,169.509995,169.509995
2024-02-20,167.080002,167.080002
2024-02-21,168.589996,168.589996
2024-02-22,174.580002,174.580002
2024-02-23,174.990005,174.990005
2024-02-26,174.729996,174.729996
2024-02-27,173.539993,173.539993
2024-02-28,173.160004,173.160004
2024-02-29,176.759995,176.759995
2024-03-01,178.220001,178.220001
2024-03-04,177.580002,177.580002
2024-03-05,174.119995,174.119995
2024-03-06,173.509995,173.509995
2024-03-07,176.820007,176.820007
2024-03-08,175.350006,175.350006
2024-03-11,171.960007,171.960007
2024-03-12,175.389999,175.389999
2024-03-13,176.559998,176.559998
2024-03-14,178.750000,178.750000
2024-03-15,174.419998,174.419998
2024-03-18,174.479996,174.479996
2024-03-19,175.899994,175.899994
2024-03-20,178.149994,178.149994
2024-03-21,178.149994,178.149994
2024-03-22,178.869995,178.869995
2024-03-25,179.710007,179.710007
2024-03-26,178.300003,178.300003
2024-03-27,179.830002,179.830002
2024-03-28,180.380005,180.380005
2024-04-01,180.970001,180.970001
2024-04-02,180.690002,180.690002
2024-04-03,182.410004,182.410004
2024-04-04,180.000000,180.000000
2024-04-05,185.070007,185.070007
2024-04-08,185.190002,185.190002
2024-04-09,185.669998,185.669998
2024-04-10,185.949997,185.949997
2024-04-11,189.050003,189.050003
2024-04-12,186.130005,186.130005
2024-04-15,183.619995,183.619995
2024-04-16,183.320007,183.320007
2024-04-17,181.279999,181.279999
2024-04-18,179.220001,179.220001
2024-04-19,174.630005,174.630005
2024-04-22,177.229996,177.229996
2024-04-23,179.539993,179.539993
2024-04-24,176.589996,176.589996
2024-04-25,173.669998,173.669998
2024-04-26,179.619995,179.619995
2024-04-29,180.960007,180.960007
2024-04-30,175.000000,175.000000
2024-05-01,179.000000,179.000000
2024-05-02,184.720001,184.720001
2024-05-03,186.210007,186.210007
2024-05-06,188.699997,188.699997
2024-05-07,188.759995,188.759995
2024-05-08,188.000000,188.000000
2024-05-09,189.500000,189.500000
2024-05-10,187.479996,187.479996
2024-05-13,186.570007,186.570007
2024-05-14,187.070007,187.070007
2024-05-15,185.990005,185.990005
2024-05-16,183.630005,183.630005
2024-05-17,184.699997,184.699997
2024-05-20,183.539993,183.539993
2024-05-21,183.149994,183.149994
2024-05-22,183.130005,183.130005
2024-05-23,181.050003,181.050003
2024-05-24,180.750000,180.750000
2024-05-28,182.149994,182.149994
2024-05-29,182.020004,182.020004
2024-05-30,179.320007,179.320007
2024-05-31,176.440002,176.440002
2024-06-03,178.339996,178.339996
2024-06-04,179.339996,179.339996
2024-06-05,181.279999,181.279999
2024-06-06,185.000000,185.000000
2024-06-07,184.300003,184.300003
2024-06-10,187.059998,187.059998
2024-06-11,187.229996,187.229996
2024-06-12,186.889999,186.889999
2024-06-13,183.830002,183.830002
2024-06-14,183.660004,183.660004
2024-06-17,184.059998,184.059998
2024-06-18,182.809998,182.809998
2024-06-20,186.100006,186.100006
2024-06-21,189.080002,189.080002
2024-06-24,185.570007,185.570007
2024-06-25,186.339996,186.339996
2024-06-26,193.610001,193.610001
2024-06-27,197.850006,197.850006
2024-06-28,193.250000,193.250000
2024-07-01,197.199997,197.199997
2024-07-02,200.000000,200.000000
2024-07-03,197.589996,197.589996
2024-07-05,200.000000,200.000000
2024-07-08,199.289993,199.289993
2024-07-09,199.339996,199.339996
2024-07-10,199.789993,199.789993
2024-07-11,195.050003,195.050003
2024-07-12,194.490005,194.490005
2024-07-15,192.720001,192.720001
2024-07-16,193.020004,193.020004
2024-07-17,187.929993,187.929993
2024-07-18,183.750000,183.750000
2024-07-19,183.130005,183.130005
2024-07-22,182.550003,182.550003
2024-07-23,186.410004,186.410004
2024-07-24,180.830002,180.830002
2024-07-25,179.850006,179.850006
2024-07-26,182.500000,182.500000
2024-07-29,183.199997,183.199997
2024-07-30,181.710007,181.710007
2024-07-31,186.979996,186.979996
2024-08-01,184.070007,184.070007
2024-08-02,167.899994,167.899994
2024-08-05,161.020004,161.020004
2024-08-06,161.929993,161.929993
2024-08-07,162.770004,162.770004
2024-08-08,165.800003,165.800003
2024-08-09,166.940002,166.940002
2024-08-12,166.800003,166.800003
2024-08-13,170.229996,170.229996
2024-08-14,170.100006,170.100006
2024-08-15,177.589996,177.589996
2024-08-16,177.059998,177.059998
2024-08-19,178.220001,178.220001
2024-08-20,178.880005,178.880005
2024-08-21,180.110001,180.110001
2024-08-22,176.130005,176.130005
2024-08-23,177.039993,177.039993
2024-08-26,175.500000,175.500000
2024-08-27,173.119995,173.119995
2024-08-28,170.800003,170.800003
2024-08-29,172.119995,172.119995
2024-08-30,178.500000,178.500000
2024-09-03,176.250000,176.250000
2024-09-04,173.330002,173.330002
2024-09-05,177.889999,177.889999
2024-09-06,171.389999,171.389999
2024-09-09,175.399994,175.399994
2024-09-10,179.550003,179.550003
2024-09-11,184.520004,184.520004
2024-09-12,187.000000,187.000000
2024-09-13,186.490005,186.490005
2024-09-16,184.889999,184.889999
2024-09-17,186.880005,186.880005
2024-09-18,186.429993,186.429993
2024-09-19,189.869995,189.869995
2024-09-20,191.600006,191.600006
2024-09-23,193.880005,193.880005
2024-09-24,193.960007,193.960007
2024-09-25,192.529999,192.529999
2024-09-26,191.160004,191.160004
2024-09-27,187.970001,187.970001
2024-09-30,186.330002,186.330002
2024-10-01,185.130005,185.130005
2024-10-02,184.759995,184.759995
2024-10-03,181.960007,181.960007
2024-10-04,186.509995,186.509995
2024-10-07,180.800003,180.800003
2024-10-08,182.720001,182.720001
2024-10-09,185.169998,185.169998
2024-10-10,186.649994,186.649994
2024-10-11,188.820007,188.820007
2024-10-14,187.539993,187.539993
2024-10-15,187.690002,187.690002
2024-10-16,186.889999,186.889999
2024-10-17,187.529999,187.529999
2024-10-18,188.990005,188.990005
2024-10-21,189.070007,189.070007
2024-10-22,189.699997,189.699997
2024-10-23,184.710007,184.710007
2024-10-24,186.380005,186.380005
2024-10-25,187.830002,187.830002
2024-10-28,188.389999,188.389999
2024-10-29,190.830002,190.830002
2024-10-30,192.729996,192.729996
2024-10-31,186.399994,186.399994
2024-11-01,197.929993,197.929993
2024-11-04,195.779999,195.779999
2024-11-05,199.500000,199.500000
2024-11-06,207.089996,207.089996
2024-11-07,210.050003,210.050003
2024-11-08,208.179993,208.179993
2024-11-11,206.839996,206.839996
2024-11-12,208.910004,208.910004
2024-11-13,214.100006,214.100006
2024-11-14,211.479996,211.479996
2024-11-15,202.610001,202.610001
2024-11-18,201.699997,201.699997
2024-11-19,204.610001,204.610001
2024-11-20,202.880005,202.880005
2024-11-21,198.380005,198.380005
2024-11-22,197.119995,197.119995
2024-11-25,201.449997,201.449997
2024-11-26,207.860001,207.860001
2024-11-27,205.740005,205.740005
2024-11-29,207.889999,207.889999
2024-12-02,210.710007,210.710007
2024-12-03,213.440002,213.440002
2024-12-04,218.160004,218.160004
2024-12-05,220.550003,220.550003
2024-12-06,227.029999,227.029999
2024-12-09,226.089996,226.089996
2024-12-10,225.039993,225.039993
2024-12-11,230.259995,230.259995
2024-12-12,228.970001,228.970001
2024-12-13,227.460007,227.460007
2024-12-16,232.929993,232.929993
2024-12-17,231.149994,231.149994
2024-12-18,220.520004,220.520004
2024-12-19,223.289993,223.289993
2024-12-20,224.919998,224.919998
2024-12-23,225.059998,225.059998
2024-12-24,229.050003,229.050003
2024-12-26,227.050003,227.050003
2024-12-27,223.750000,223.750000
2024-12-30,221.300003,221.300003
2024-12-31,219.389999,219.389999
2025-01-02,220.220001,220.220001
2025-01-03,224.190002,224.190002
2025-01-06,227.610001,227.610001
2025-01-07,222.110001,222.110001
2025-01-08,222.130005,222.130005
2025-01-10,218.940002,218.940002
2025-01-13,218.460007,218.460007
2025-01-14,217.759995,217.759995
2025-01-15,223.350006,223.350006
2025-01-16,220.660004,220.660004
2025-01-17,225.940002,225.940002
2025-01-21,230.710007,230.710007
2025-01-22,235.009995,235.009995
2025-01-23,235.419998,235.419998
2025-01-24,234.850006,234.850006
2025-01-27,235.419998,235.419998
2025-01-28,238.149994,238.149994
2025-01-29,237.070007,237.070007
2025-01-30,234.639999,234.639999
2025-01-31,237.679993,237.679993
2025-02-03,237.419998,237.419998
2025-02-04,242.059998,242.059998
2025-02-05,236.169998,236.169998
2025-02-06,238.830002,238.830002
2025-02-07,229.149994,229.149994
2025-02-10,233.139999,233.139999
2025-02-11,232.759995,232.759995
2025-02-12,228.929993,228.929993
2025-02-13,230.369995,230.369995
2025-02-14,228.679993,228.679993
2025-02-18,226.649994,226.649994
2025-02-19,226.630005,226.630005
2025-02-20,222.880005,222.880005
2025-02-21,216.580002,216.580002
2025-02-24,212.710007,212.710007
2025-02-25,212.800003,212.800003
2025-02-26,214.350006,214.350006
2025-02-27,208.740005,208.740005
2025-02-28,212.279999,212.279999
2025-03-03,205.020004,205.020004
2025-03-04,203.800003,203.800003
2025-03-05,208.360001,208.360001
2025-03-06,200.699997,200.699997
2025-03-07,199.250000,199.250000
2025-03-10,194.539993,194.539993
2025-03-11,196.589996,196.589996
2025-03-12,198.889999,198.889999
2025-03-13,193.889999,193.889999
2025-03-14,197.949997,197.949997
2025-03-17,195.740005,195.740005
2025-03-18,192.820007,192.820007
2025-03-19,195.539993,195.539993
2025-03-20,194.949997,194.949997
2025-03-21,196.210007,196.210007
2025-03-24,203.259995,203.259995
2025-03-25,205.710007,205.710007
2025-03-26,201.130005,201.130005
2025-03-27,201.360001,201.360001
2025-03-28,192.720001,192.720001
2025-03-31,190.259995,190.259995
2025-04-01,192.169998,192.169998
2025-04-02,196.009995,196.009995
2025-04-03,178.410004,178.410004
2025-04-04,171.000000,171.000000
2025-04-07,175.259995,175.259995
2025-04-08,170.660004,170.660004
2025-04-09,191.100006,191.100006
2025-04-10,181.220001,181.220001
2025-04-11,184.869995,184.869995
2025-04-14,182.119995,182.119995
2025-04-15,179.589996,179.589996
2025-04-16,174.330002,174.330002
2025-04-17,172.610001,172.610001
2025-04-21,167.320007,167.320007
2025-04-22,173.179993,173.179993
2025-04-23,180.600006,180.600006
2025-04-24,186.539993,186.539993
2025-04-25,188.990005,188.990005
2025-04-28,187.699997,187.699997
2025-04-29,187.389999,187.389999
2025-04-30,184.419998,184.419998
2025-05-01,190.199997,190.199997
2025-05-02,189.979996,189.979996
2025-05-05,186.350006,186.350006
2025-05-06,185.009995,185.009995
2025-05-07,188.710007,188.710007
2025-05-08,192.080002,192.080002
2025-05-09,193.059998,193.059998
2025-05-12,208.639999,208.639999
2025-05-13,211.369995,211.369995
2025-05-14,210.250000,210.250000
2025-05-15,205.169998,205.169998
2025-05-16,205.589996,205.589996
2025-05-19,206.160004,206.160004
2025-05-20,204.070007,204.070007
2025-05-21,201.119995,201.119995
2025-05-22,203.100006,203.100006
2025-05-23,200.990005,200.990005
2025-05-27,206.020004,206.020004
2025-05-28,204.720001,204.720001
2025-05-29,205.699997,205.699997
2025-05-30,205.009995,205.009995
2025-06-02,206.649994,206.649994
2025-06-03,205.710007,205.710007
2025-06-04,207.229996,207.229996
2025-06-05,207.910004,207.910004
2025-06-06,213.570007,213.570007
2025-06-09,216.979996,216.979996
2025-06-10,217.610001,217.610001
2025-06-11,213.199997,213.199997
2025-06-12,213.240005,213.240005
2025-06-13,212.100006,212.100006
2025-06-16,216.100006,216.100006
2025-06-17,214.820007,214.820007
2025-06-18,212.520004,212.520004
2025-06-20,209.690002,209.690002
2025-06-23,208.470001,208.470001
2025-06-24,212.770004,212.770004
2025-06-25,211.990005,211.990005
2025-06-26,217.119995,217.119995
2025-06-27,223.300003,223.300003
2025-06-30,219.389999,219.389999
2025-07-01,220.460007,220.460007
2025-07-02,219.919998,219.919998
2025-07-03,223.410004,223.410004
2025-07-07,223.470001,223.470001
2025-07-08,219.360001,219.360001
2025-07-09,222.539993,222.539993
2025-07-10,222.259995,222.259995
2025-07-11,225.020004,225.020004
2025-07-14,225.690002,225.690002
2025-07-15,226.350006,226.350006
2025-07-16,223.190002,223.190002
2025-07-17,223.880005,223.880005
2025-07-18,226.130005,226.130005
2025-07-21,229.300003,229.300003
2025-07-22,227.470001,227.470001
2025-07-23,228.289993,228.289993
2025-07-24,232.229996,232.229996
2025-07-25,231.440002,231.440002
2025-07-28,232.789993,232.789993
2025-07-29,231.009995,231.009995
2025-07-30,230.190002,230.190002
2025-07-31,234.110001,234.110001
2025-08-01,214.750000,214.750000
2025-08-04,211.649994,211.649994
2025-08-05,213.750000,213.750000
2025-08-06,222.309998,222.309998
2025-08-07,223.130005,223.130005
2025-08-08,222.690002,222.690002
2025-08-11,221.300003,221.300003
2025-08-12,221.470001,221.470001
2025-08-13,224.559998,224.559998
2025-08-14,230.979996,230.979996
2025-08-15,231.029999,231.029999
2025-08-18,231.490005,231.490005
2025-08-19,228.009995,228.009995
2025-08-20,223.809998,223.809998
2025-08-21,221.949997,221.949997
2025-08-22,228.839996,228.839996
2025-08-25,227.940002,227.940002
2025-08-26,228.710007,228.710007
2025-08-27,229.119995,229.119995
2025-08-28,231.600006,231.600006
2025-08-29,229.000000,229.000000
2025-09-02,225.339996,225.339996
2025-09-03,225.990005,225.990005
2025-09-04,235.679993,235.679993
2025-09-05,232.330002,232.330002
2025-09-08,235.839996,235.839996
2025-09-09,238.240005,238.240005
2025-09-10,230.330002,230.330002
2025-09-11,229.949997,229.949997
2025-09-12,228.149994,228.149994
2025-09-15,231.429993,231.429993
2025-09-16,234.050003,234.050003
2025-09-17,231.619995,231.619995
2025-09-18,231.229996,231.229996
2025-09-19,231.479996,231.479996
2025-09-22,227.630005,227.630005
2025-09-23,220.710007,220.710007
2025-09-24,220.210007,220.210007
2025-09-25,218.149994,218.149994
2025-09-26,219.779999,219.779999
2025-09-29,222.169998,222.169998
2025-09-30,219.570007,219.570007
2025-10-01,220.630005,220.630005
2025-10-02,222.410004,222.410004
2025-10-03,219.509995,219.509995
2025-10-06,220.899994,220.899994
2025-10-07,221.779999,221.779999
2025-10-08,225.220001,225.220001
2025-10-09,227.740005,227.740005
2025-10-10,216.369995,216.369995
2025-10-13,220.070007,220.070007
2025-10-14,216.389999,216.389999
2025-10-15,215.570007,215.570007
2025-10-16,214.470001,214.470001
2025-10-17,213.039993,213.039993
2025-10-20,216.479996,216.479996
2025-10-21,222.029999,222.029999
2025-10-22,217.949997,217.949997
2025-10-23,221.089996,221.089996
2025-10-24,224.210007,224.210007
2025-10-27,226.970001,226.970001
2025-10-28,229.250000,229.250000
2025-10-29,230.300003,230.300003
2025-10-30,222.860001,222.860001
2025-10-31,244.220001,244.220001
2025-11-03,254.000000,254.000000
2025-11-04,249.320007,249.320007
2025-11-05,250.199997,250.199997
2025-11-06,243.039993,243.039993
2025-11-07,244.410004,244.410004
2025-11-10,248.399994,248.399994
2025-11-11,249.100006,249.100006
2025-11-12,244.199997,244.199997
2025-11-13,237.580002,237.580002
2025-11-14,234.690002,234.690002
2025-11-17,232.869995,232.869995
2025-11-18,222.550003,222.550003
2025-11-19,222.690002,222.690002
2025-11-20,217.139999,217.139999
2025-11-21,220.690002,220.690002
2025-11-24,226.279999,226.279999
2025-11-25,229.669998,229.669998
2025-11-26,229.160004,229.160004
2025-11-28,233.220001,233.220001
2025-12-01,233.880005,233.880005
2025-12-02,234.419998,234.419998
2025-12-03,232.380005,232.380005
2025-12-04,229.110001,229.110001
2025-12-05,229.529999,229.529999
2025-12-08,226.889999,226.889999
2025-12-09,227.919998,227.919998
2025-12-10,231.779999,231.779999
2025-12-11,230.279999,230.279999
2025-12-12,226.190002,226.190002
2025-12-15,222.539993,222.539993
2025-12-16,222.559998,222.559998
2025-12-17,221.270004,221.270004
2025-12-18,226.759995,226.759995
2025-12-19,227.350006,227.350006
2025-12-22,228.429993,228.429993
2025-12-23,232.139999,232.139999
2025-12-24,232.380005,232.380005
2025-12-26,232.520004,232.520004
2025-12-29,232.070007,232.070007
2025-12-30,232.529999,232.529999
2025-12-31,230.820007,230.820007
2026-01-02,226.500000,226.500000
2026-01-05,233.059998,233.059998
2026-01-06,240.929993,240.929993
2026-01-07,241.559998,241.559998
2026-01-08,246.289993,246.289993
2026-01-09,247.380005,247.380005
2026-01-12,246.470001,246.470001
2026-01-13,242.600006,242.600006
2026-01-14,236.649994,236.649994
2026-01-15,238.179993,238.179993
2026-01-16,239.119995,239.119995
2026-01-20,231.000000,231.000000
2026-01-21,231.309998,231.309998
2026-01-22,234.339996,234.339996
2026-01-23,239.160004,239.160004
2026-01-26,238.419998,238.419998
2026-01-27,244.679993,244.679993
2026-01-28,243.009995,243.009995
2026-01-29,241.729996,241.729996
2026-01-30,239.300003,239.300003
2026-02-02,242.960007,242.960007
2026-02-03,238.619995,238.619995
2026-02-04,232.990005,232.990005
2026-02-05,222.690002,222.690002
2026-02-06,210.320007,210.320007
2026-02-09,208.720001,208.720001
2026-02-10,206.960007,206.960007
2026-02-11,204.080002,204.080002
2026-02-12,199.600006,199.600006
2026-02-13,198.789993,198.789993
2026-02-17,201.149994,201.149994
2026-02-18,204.789993,204.789993
2026-02-19,204.860001,204.860001
2026-02-20,210.110001,210.110001
2026-02-23,205.270004,205.270004
2026-02-24,208.559998,208.559998
2026-02-25,210.639999,210.639999
2026-02-26,207.919998,207.919998
2026-02-27,210.000000,210.000000
2026-03-02,208.389999,208.389999
2026-03-03,208.729996,208.729996
2026-03-04,216.820007,216.820007
2026-03-05,218.940002,218.940002
2026-03-06,213.210007,213.210007
2026-03-09,213.490005,213.490005
2026-03-10,214.330002,214.330002
2026-03-11,212.649994,212.649994
2026-03-12,209.529999,209.529999
2026-03-13,207.669998,207.669998
2026-03-16,211.740005,211.740005
2026-03-17,215.199997,215.199997
2026-03-18,209.869995,209.869995
2026-03-19,208.759995,208.759995
2026-03-20,205.369995,205.369995
2026-03-23,210.139999,210.139999
2026-03-24,207.240005,207.240005
2026-03-25,211.710007,211.710007
2026-03-26,207.539993,207.539993
2026-03-27,199.339996,199.339996
2026-03-30,200.949997,200.949997
2026-03-31,208.270004,208.270004
2026-04-01,210.570007,210.570007
2026-04-02,209.770004,209.770004
2026-04-06,212.789993,212.789993
2026-04-07,213.770004,213.770004
2026-04-08,221.250000,221.250000
2026-04-09,233.649994,233.649994
2026-04-10,238.380005,238.380005
2026-04-13,239.889999,239.889999
2026-04-14,249.020004,249.020004
2026-04-15,248.500000,248.500000
2026-04-16,249.699997,249.699997
2026-04-17,250.559998,250.559998
2026-04-20,248.279999,248.279999
2026-04-21,249.910004,249.910004
2026-04-22,255.360001,255.360001
2026-04-23,255.080002,255.080002
2026-04-24,263.989990,263.989990
2026-04-27,261.119995,261.119995
2026-04-28,259.700012,259.700012
2026-04-29,263.040009,263.040009
2026-04-30,265.059998,265.059998
2026-05-01,268.260010,268.260010
2026-05-04,272.049988,272.049988
2026-05-05,273.549988,273.549988
2026-05-06,274.989990,274.989990
2026-05-07,271.170013,271.170013
2026-05-08,272.679993,272.679993
2026-05-11,268.989990,268.989990
2026-05-12,265.820007,265.820007
2026-05-13,270.130005,270.130005
2026-05-14,267.220001,267.220001
2026-05-15,264.140015,264.140015
2026-05-18,264.859985,264.859985
2026-05-19,259.339996,259.339996
2026-05-20,265.010010,265.010010
2026-05-21,268.459991,268.459991
2026-05-22,266.320007,266.320007
2026-05-26,265.290009,265.290009
2026-05-27,271.850006,271.850006
2026-05-28,274.000000,274.000000
2026-05-29,270.640015,270.640015
2026-06-01,261.260010,261.260010
2026-06-02,256.519989,256.519989
2026-06-03,250.020004,250.020004
2026-06-04,253.789993,253.789993
2026-06-05,246.029999,246.029999
2026-06-08,245.220001,245.220001
2026-06-09,244.190002,244.190002
2026-06-10,238.000000,238.000000
2026-06-11,241.509995,241.509995
2026-06-12,238.550003,238.550003
2026-06-15,246.020004,246.020004
2026-06-16,246.000000,246.000000
2026-06-17,237.500000,237.500000
2026-06-18,244.389999,244.389999
2026-06-22,232.789993,232.789993
2026-06-23,234.110001,234.110001
2026-06-24,234.270004,234.270004
2026-06-25,227.009995,227.009995
2026-06-26,232.690002,232.690002
2026-06-29,240.139999,240.139999
2026-06-30,238.339996,238.339996
2026-07-01,241.699997,241.699997
2026-07-02,242.669998,242.669998
2026-07-06,244.160004,244.160004
2026-07-07,245.979996,245.979996
2026-07-08,243.619995,243.619995
2026-07-09,247.039993,247.039993
2026-07-10,245.339996,245.339996
2026-07-13,247.309998,247.309998
2026-07-14,247.490005,247.490005
2026-07-15,254.960007,254.960007
2026-07-16,249.889999,249.889999
2026-07-17,247.229996,247.229996
2026-07-20,249.990005,249.990005
2026-07-21,247.550003,247.550003
2026-07-22,244.850006,244.850006
2026-07-23,233.660004,233.660004
2026-07-24,232.110001,232.110001
2026-07-27,231.389999,231.389999
2026-07-28,230.860001,230.860001
2026-07-29,226.649994,226.649994
2026-07-30,235.500000,235.500000
2026-07-31,271.579987,271.579987
2026-08-03,284.019989,284.019989
2026-08-04,277.420013,277.420013
2026-08-05,272.649994,272.649994
2026-08-06,272.260010,272.260010
2026-08-07,274.480011,274.480011
2026-08-10,278.089996,278.089996
2026-08-11,272.269989,272.269989
2026-08-12,267.279999,267.279999
2026-08-13,265.130005,265.130005
2026-08-14,262.649994,262.649994
2026-08-17,261.309998,261.309998
2026-08-18,259.450012,259.450012
2026-08-19,265.839996,265.839996
2026-08-20,260.109985,260.109985
2026-08-21,258.630005,258.630005
2026-08-24,262.070007,262.070007
2026-08-25,261.059998,261.059998
2026-08-26,260.279999,260.279999
2026-08-27,256.260010,256.260010
2026-08-28,266.429993,266.429993
2026-08-31,259.769989,259.769989
2026-09-01,254.919998,254.919998
2026-09-02,254.979996,254.979996
2026-09-03,258.899994,258.899994
2026-09-04,258.510010,258.510010
2026-09-08,256.970001,256.970001
2026-09-09,252.399994,252.399994
2026-09-10,251.889999,251.889999
2026-09-11,256.779999,256.779999
2026-09-14,253.539993,253.539993
2026-09-15,248.419998,248.419998
2026-09-16,245.960007,245.960007
2026-09-17,251.190002,251.190002
2026-09-18,253.710007,253.710007
2026-09-21,258.450012,258.450012
2026-09-22,254.979996,254.979996
2026-09-23,249.270004,249.270004
2026-09-24,249.380005,249.380005
2026-09-25,249.669998,249.669998
2026-09-28,246.149994,246.149994
