date,close,adjclose
2010-01-04,15.684434,15.536593
2010-01-05,15.615365,15.468175
2010-01-06,15.221722,15.078240
2010-01-07,14.867367,14.727227
2010-01-08,15.065566,14.923559
2010-01-11,15.042793,14.901001
2010-01-12,14.776777,14.637491
2010-01-13,14.691942,14.553456
2010-01-14,14.761011,14.621874
2010-01-15,14.514515,14.377702
2010-01-19,14.705205,14.566594
2010-01-20,14.524775,14.387864
2010-01-21,14.589089,14.451572
2010-01-22,13.764014,13.634275
2010-01-25,13.513514,13.386136
2010-01-26,13.574074,13.446125
2010-01-27,13.566066,13.438194
2010-01-28,13.370621,13.244591
2010-01-29,13.261762,13.136757
2010-02-01,13.338839,13.213107
2010-02-02,13.291291,13.166007
2010-02-03,13.534034,13.406464
2010-02-04,13.182683,13.058424
2010-02-05,13.295546,13.170221
2010-02-08,13.350100,13.224261
2010-02-09,13.424424,13.297885
2010-02-10,13.374625,13.248557
2010-02-11,13.423423,13.296893
2010-02-12,13.341341,13.215588
2010-02-16,13.546046,13.418359
2010-02-17,13.468719,13.341763
2010-02-18,13.594094,13.465957
2010-02-19,13.532533,13.404976
2010-02-22,13.583584,13.455545
2010-02-23,13.390140,13.263923
2010-02-24,13.300050,13.174685
2010-02-25,13.173924,13.049746
2010-02-26,13.183183,13.058917
2010-03-01,13.330581,13.204926
2010-03-02,13.540040,13.412412
2010-03-03,13.646647,13.518015
2010-03-04,13.878629,13.747808
2010-03-05,14.119369,13.986279
2010-03-08,14.076076,13.943395
2010-03-09,14.018769,13.886628
2010-03-10,14.425676,14.289699
2010-03-11,14.543043,14.405959
2010-03-12,14.503003,14.366300
2010-03-15,14.093594,13.960748
2010-03-16,14.144144,14.010821
2010-03-17,14.153153,14.019746
2010-03-18,14.174174,14.040569
2010-03-19,14.014014,13.881919
2010-03-22,13.951451,13.819944
2010-03-23,13.738739,13.609237
2010-03-24,13.947197,13.815729
2010-03-25,14.086086,13.953310
2010-03-26,14.081331,13.948602
2010-03-29,14.075325,13.942649
2010-03-30,14.181932,14.048255
2010-03-31,14.192192,14.058417
2010-04-01,14.234234,14.100062
2010-04-05,14.289540,14.154848
2010-04-06,14.219720,14.085684
2010-04-07,14.102603,13.969673
2010-04-08,14.201451,14.067589
2010-04-09,14.169670,14.036108
2010-04-12,14.332583,14.197485
2010-04-13,14.683934,14.545524
2010-04-14,14.739740,14.600802
2010-04-15,14.897397,14.756974
2010-04-16,13.767518,13.637745
2010-04-19,13.766266,13.636505
2010-04-20,13.889890,13.758963
2010-04-21,13.871371,13.740621
2010-04-22,13.690190,13.561146
2010-04-23,13.638388,13.509831
2010-04-26,13.304304,13.178898
2010-04-27,13.239740,13.114943
2010-04-28,13.242993,13.118165
2010-04-29,13.313313,13.187820
2010-04-30,13.155656,13.031651
2010-05-03,13.278278,13.153117
2010-05-04,12.671922,12.552477
2010-05-05,12.756757,12.636513
2010-05-06,12.479229,12.361600
2010-05-07,12.340841,12.224516
2010-05-10,13.054304,12.931253
2010-05-11,12.738989,12.618912
2010-05-12,12.647397,12.528182
2010-05-13,12.784785,12.664276
2010-05-14,12.700951,12.581231
2010-05-17,12.711962,12.592138
2010-05-18,12.471722,12.354164
2010-05-19,12.373123,12.256494
2010-05-20,11.887137,11.775090
2010-05-21,11.813063,11.701713
2010-05-24,11.940941,11.828386
2010-05-25,11.938689,11.826155
2010-05-26,11.898649,11.786493
2010-05-27,12.273774,12.158082
2010-05-28,12.152903,12.038348
2010-06-01,12.071321,11.957537
2010-06-02,12.346597,12.230217
2010-06-03,12.652653,12.533390
2010-06-04,12.480480,12.362839
2010-06-07,12.150150,12.035623
2010-06-08,12.131632,12.017281
2010-06-09,11.862362,11.750547
2010-06-10,12.187437,12.072558
2010-06-11,12.224725,12.109495
2010-06-14,12.091842,11.977863
2010-06-15,12.462212,12.344744
2010-06-16,12.544294,12.426052
2010-06-17,12.514515,12.396553
2010-06-18,12.513263,12.395313
2010-06-21,12.226226,12.110981
2010-06-22,12.168418,12.053719
2010-06-23,12.063313,11.949603
2010-06-24,11.889389,11.777322
2010-06-25,11.828829,11.717330
2010-06-28,11.813814,11.702458
2010-06-29,11.367868,11.260715
2010-06-30,11.134885,11.029928
2010-07-01,10.998248,10.894579
2010-07-02,10.924675,10.821699
2010-07-06,10.912663,10.809799
2010-07-07,11.266266,11.160070
2010-07-08,11.425425,11.317728
2010-07-09,11.698949,11.588674
2010-07-12,11.907658,11.795417
2010-07-13,12.242242,12.126848
2010-07-14,12.295796,12.179895
2010-07-15,12.362863,12.246330
2010-07-16,11.501752,11.393337
2010-07-19,11.666166,11.556201
2010-07-20,12.051802,11.938199
2010-07-21,11.949449,11.836812
2010-07-22,12.132382,12.018023
2010-07-23,12.263764,12.148167
2010-07-26,12.236486,12.121144
2010-07-27,12.328078,12.211874
2010-07-28,12.120871,12.006618
2010-07-29,12.136887,12.022484
2010-07-30,12.133383,12.019014
2010-08-02,12.272523,12.156843
2010-08-03,12.258008,12.142465
2010-08-04,12.670671,12.551238
2010-08-05,12.715215,12.595362
2010-08-06,12.518018,12.400023
2010-08-09,12.646396,12.527190
2010-08-10,12.605355,12.486537
2010-08-11,12.305806,12.189811
2010-08-12,12.312563,12.196506
2010-08-13,12.170921,12.056198
2010-08-16,12.151902,12.037358
2010-08-17,12.275275,12.159568
2010-08-18,12.065816,11.952083
2010-08-19,11.710961,11.600573
2010-08-20,11.562062,11.453079
2010-08-23,11.613363,11.503896
2010-08-24,11.296046,11.189570
2010-08-25,11.376877,11.269638
2010-08-26,11.285786,11.179406
2010-08-27,11.482232,11.374000
2010-08-30,11.328579,11.221798
2010-08-31,11.261762,11.155608
2010-09-01,11.519770,11.411184
2010-09-02,11.591091,11.481833
2010-09-03,11.769269,11.658332
2010-09-07,11.621622,11.512077
2010-09-08,11.776276,11.665273
2010-09-09,11.916416,11.804092
2010-09-10,11.915415,11.803100
2010-09-13,12.068819,11.955060
2010-09-14,12.022773,11.909446
2010-09-15,12.028028,11.914653
2010-09-16,12.038539,11.925064
2010-09-17,12.266016,12.150396
2010-09-20,12.719720,12.599823
2010-09-21,12.849349,12.728230
2010-09-22,12.912913,12.791198
2010-09-23,12.849850,12.728726
2010-09-24,13.195445,13.071065
2010-09-27,13.273524,13.148406
2010-09-28,13.192442,13.068089
2010-09-29,13.205455,13.080979
2010-09-30,13.157908,13.033882
2010-10-01,13.153654,13.029668
2010-10-04,13.071822,12.948607
2010-10-05,13.469219,13.342257
2010-10-06,13.372122,13.246077
2010-10-07,13.263514,13.138491
2010-10-08,13.422172,13.295653
2010-10-11,13.484484,13.357379
2010-10-12,13.548298,13.420592
2010-10-13,13.596096,13.467939
2010-10-14,13.536787,13.409189
2010-10-15,15.051301,14.909428
2010-10-18,15.458208,15.312499
2010-10-19,15.210961,15.067582
2010-10-20,15.214715,15.071301
2010-10-21,15.315065,15.170707
2010-10-22,15.328579,15.184092
2010-10-25,15.427928,15.282505
2010-10-26,15.480480,15.334562
2010-10-27,15.427177,15.281761
2010-10-28,15.479980,15.334065
2010-10-29,15.357858,15.213094
2010-11-01,15.390390,15.245320
2010-11-02,15.405405,15.260194
2010-11-03,15.520020,15.373729
2010-11-04,15.622372,15.475115
2010-11-05,15.642643,15.495195
2010-11-08,15.684935,15.537089
2010-11-09,15.636136,15.488750
2010-11-10,15.587588,15.440660
2010-11-11,15.445195,15.299609
2010-11-12,15.097347,14.955039
2010-11-15,14.901652,14.761189
2010-11-16,14.607608,14.469915
2010-11-17,14.603353,14.465701
2010-11-18,14.928929,14.788210
2010-11-19,14.785536,14.646169
2010-11-22,14.795295,14.655834
2010-11-23,14.589840,14.452315
2010-11-24,14.889139,14.748794
2010-11-26,14.764765,14.625592
2010-11-29,14.567317,14.430004
2010-11-30,13.906657,13.775572
2010-12-01,14.122873,13.989751
2010-12-02,14.309810,14.174925
2010-12-03,14.339339,14.204176
2010-12-06,14.473473,14.337046
2010-12-07,14.693193,14.554693
2010-12-08,14.778278,14.638979
2010-12-09,14.802302,14.662776
2010-12-10,14.820070,14.680376
2010-12-13,14.880380,14.740118
2010-12-14,14.887638,14.747305
2010-12-15,14.772272,14.633028
2010-12-16,14.807558,14.667982
2010-12-17,14.784785,14.645424
2010-12-20,14.891391,14.751027
2010-12-21,15.091842,14.949586
2010-12-22,15.152402,15.009576
2010-12-23,15.120871,14.978343
2010-12-27,15.074575,14.932483
2010-12-28,14.987988,14.846712
2010-12-29,15.040040,14.898272
2010-12-30,14.986486,14.845224
2010-12-31,14.864114,14.724004
2011-01-03,15.123874,14.981317
2011-01-04,15.068068,14.926036
2011-01-05,15.241992,15.098320
2011-01-06,15.352853,15.208136
2011-01-07,15.426426,15.281016
2011-01-10,15.370621,15.225738
2011-01-11,15.415666,15.270358
2011-01-12,15.437187,15.291677
2011-01-13,15.432683,15.287216
2011-01-14,15.620120,15.472885
2011-01-18,16.006758,15.855879
2011-01-19,15.809560,15.660540
2011-01-20,15.684935,15.537089
2011-01-21,15.311061,15.166739
2011-01-24,15.292292,15.148146
2011-01-25,15.513263,15.367036
2011-01-26,15.427928,15.282505
2011-01-27,15.435185,15.289694
2011-01-28,15.039790,14.898026
2011-01-31,15.024024,14.882405
2011-02-01,15.291291,15.147155
2011-02-02,15.315315,15.170955
2011-02-03,15.269019,15.125093
2011-02-04,15.289790,15.145667
2011-02-07,15.372623,15.227724
2011-02-08,15.474975,15.329107
2011-02-09,15.427928,15.282505
2011-02-10,15.426426,15.281016
2011-02-11,15.628128,15.480817
2011-02-14,15.719469,15.571298
2011-02-15,15.619369,15.472141
2011-02-16,15.621121,15.473876
2011-02-17,15.647147,15.499657
2011-02-18,15.767768,15.619142
2011-02-22,15.270521,15.126582
2011-02-23,15.298298,15.154095
2011-02-24,15.235736,15.092124
2011-02-25,15.266266,15.122367
2011-02-28,15.350350,15.205658
2011-03-01,15.034034,14.892323
2011-03-02,15.034785,14.893066
2011-03-03,15.254254,15.110469
2011-03-04,15.030531,14.888853
2011-03-07,14.806306,14.666741
2011-03-08,14.822573,14.682857
2011-03-09,14.809059,14.669469
2011-03-10,14.522022,14.385139
2011-03-11,14.432182,14.296144
2011-03-14,14.264014,14.129563
2011-03-15,14.253253,14.118903
2011-03-16,13.941441,13.810028
2011-03-17,14.048048,13.915631
2011-03-18,14.040541,13.908195
2011-03-21,14.426927,14.290939
2011-03-22,14.447447,14.311266
2011-03-23,14.568569,14.431245
2011-03-24,14.686937,14.548497
2011-03-25,14.508008,14.371256
2011-03-28,14.398398,14.262679
2011-03-29,14.557808,14.420586
2011-03-30,14.560561,14.423312
2011-03-31,14.683684,14.545275
2011-04-01,14.809810,14.670212
2011-04-04,14.706707,14.568082
2011-04-05,14.241491,14.107251
2011-04-06,14.368869,14.233427
2011-04-07,14.514515,14.377702
2011-04-08,14.468468,14.332088
2011-04-11,14.448699,14.312507
2011-04-12,14.279530,14.144929
2011-04-13,14.421421,14.285484
2011-04-14,14.477227,14.340763
2011-04-15,13.280781,13.155596
2011-04-18,13.184184,13.059910
2011-04-19,13.051301,12.928280
2011-04-20,13.156406,13.032392
2011-04-21,13.140641,13.016777
2011-04-25,13.139389,13.015538
2011-04-26,13.333834,13.208149
2011-04-27,13.457457,13.330605
2011-04-28,13.462713,13.335814
2011-04-29,13.616116,13.487770
2011-05-02,13.477477,13.350439
2011-05-03,13.360611,13.234674
2011-05-04,13.408158,13.281774
2011-05-05,13.370120,13.244092
2011-05-06,13.395896,13.269627
2011-05-09,13.455455,13.328624
2011-05-10,13.580080,13.452072
2011-05-11,13.399650,13.273345
2011-05-12,13.389640,13.263431
2011-05-13,13.252002,13.127088
2011-05-16,12.973473,12.851185
2011-05-17,13.274775,13.149647
2011-05-18,13.258509,13.133533
2011-05-19,13.294545,13.169230
2011-05-20,13.113864,12.990253
2011-05-23,12.972723,12.850444
2011-05-24,12.969469,12.847219
2011-05-25,13.004755,12.882172
2011-05-26,12.966216,12.843998
2011-05-27,13.035536,12.912662
2011-05-31,13.238739,13.113950
2011-06-01,13.153153,13.029171
2011-06-02,13.214715,13.090154
2011-06-03,13.090090,12.966702
2011-06-06,13.039540,12.916631
2011-06-07,12.988739,12.866307
2011-06-08,12.992242,12.869777
2011-06-09,12.931181,12.809292
2011-06-10,12.750501,12.630314
2011-06-13,12.630881,12.511824
2011-06-14,12.721972,12.602056
2011-06-15,12.586336,12.467697
2011-06-16,12.521772,12.403743
2011-06-17,12.137638,12.023228
2011-06-20,12.126627,12.012322
2011-06-21,12.337337,12.221045
2011-06-22,12.187437,12.072558
2011-06-23,12.017518,11.904243
2011-06-24,11.883884,11.771868
2011-06-27,12.082082,11.968197
2011-06-28,12.353604,12.237160
2011-06-29,12.451702,12.334333
2011-06-30,12.672172,12.552723
2011-07-01,13.038789,12.915885
2011-07-05,13.324324,13.198728
2011-07-06,13.397397,13.271112
2011-07-07,13.678679,13.549745
2011-07-08,13.313063,13.187573
2011-07-11,13.195195,13.070818
2011-07-12,13.363614,13.237649
2011-07-13,13.469970,13.343001
2011-07-14,13.236737,13.111967
2011-07-15,14.955455,14.814486
2011-07-18,14.888388,14.748051
2011-07-19,15.078829,14.936696
2011-07-20,14.898649,14.758215
2011-07-21,15.189940,15.046760
2011-07-22,15.471221,15.325389
2011-07-25,15.489990,15.343983
2011-07-26,15.578579,15.431737
2011-07-27,15.195696,15.052462
2011-07-28,15.288789,15.144676
2011-07-29,15.107357,14.964954
2011-08-01,15.184434,15.041305
2011-08-02,14.824825,14.685085
2011-08-03,15.044294,14.902485
2011-08-04,14.452452,14.316222
2011-08-05,14.490490,14.353903
2011-08-08,13.664164,13.535366
2011-08-09,14.349600,14.214339
2011-08-10,13.738989,13.609486
2011-08-11,14.067317,13.934718
2011-08-12,14.108358,13.975373
2011-08-15,13.944695,13.813252
2011-08-16,13.488488,13.361347
2011-08-17,13.342092,13.216329
2011-08-18,12.634635,12.515542
2011-08-19,12.285285,12.169483
2011-08-22,12.466717,12.349206
2011-08-23,12.983483,12.861101
2011-08-24,13.095345,12.971909
2011-08-25,13.014014,12.891344
2011-08-26,13.184685,13.060405
2011-08-29,13.490490,13.363328
2011-08-30,13.531031,13.403486
2011-08-31,13.537538,13.409934
2011-09-01,13.325826,13.200215
2011-09-02,13.134134,13.010332
2011-09-06,13.067568,12.944393
2011-09-07,13.364114,13.238143
2011-09-08,13.387387,13.261198
2011-09-09,13.134384,13.010579
2011-09-12,13.266266,13.141219
2011-09-13,13.251251,13.126346
2011-09-14,13.315065,13.189557
2011-09-15,13.577578,13.449595
2011-09-16,13.680681,13.551726
2011-09-19,13.680430,13.551479
2011-09-20,13.679429,13.550486
2011-09-21,13.493493,13.366303
2011-09-22,13.029530,12.906713
2011-09-23,13.150901,13.026941
2011-09-26,13.310561,13.185096
2011-09-27,13.496997,13.369774
2011-09-28,13.234234,13.109488
2011-09-29,13.200701,13.076270
2011-09-30,12.888889,12.767399
2011-10-03,12.400400,12.283514
2011-10-04,12.560060,12.441669
2011-10-05,12.630130,12.511080
2011-10-06,12.880631,12.759217
2011-10-07,12.890891,12.769382
2011-10-10,13.442693,13.315983
2011-10-11,13.593093,13.464965
2011-10-12,13.726226,13.596841
2011-10-13,13.988739,13.856881
2011-10-14,14.806807,14.667237
2011-10-17,14.574825,14.437443
2011-10-18,14.777528,14.638234
2011-10-19,14.532032,14.395053
2011-10-20,14.606356,14.468677
2011-10-21,14.777027,14.637739
2011-10-24,14.925425,14.784739
2011-10-25,14.593594,14.456035
2011-10-26,14.672422,14.534119
2011-10-27,14.981732,14.840515
2011-10-28,15.018519,14.876955
2011-10-31,14.830831,14.691035
2011-11-01,14.480731,14.344236
2011-11-02,14.635135,14.497185
2011-11-03,14.952452,14.811510
2011-11-04,14.918418,14.777796
2011-11-07,15.223473,15.079975
2011-11-08,15.323824,15.179380
2011-11-09,15.038789,14.897033
2011-11-10,14.891892,14.751521
2011-11-11,15.223974,15.080473
2011-11-14,15.340340,15.195741
2011-11-15,15.429429,15.283993
2011-11-16,15.302052,15.157816
2011-11-17,15.036787,14.895051
2011-11-18,14.886887,14.746563
2011-11-21,14.538038,14.401002
2011-11-22,14.514515,14.377702
2011-11-23,14.267017,14.132538
2011-11-25,14.089089,13.956287
2011-11-28,14.719469,14.580725
2011-11-29,14.587838,14.450334
2011-11-30,14.999750,14.858362
2011-12-01,15.359610,15.214828
2011-12-02,15.524525,15.378190
2011-12-05,15.656907,15.509325
2011-12-06,15.609860,15.462724
2011-12-07,15.600350,15.453301
2011-12-08,15.416667,15.271350
2011-12-09,15.701201,15.553202
2011-12-12,15.650400,15.502879
2011-12-13,15.656406,15.508829
2011-12-14,15.467217,15.321423
2011-12-15,15.504004,15.357862
2011-12-16,15.664665,15.517009
2011-12-19,15.561311,15.414629
2011-12-20,15.775025,15.626330
2011-12-21,15.661161,15.513539
2011-12-22,15.758258,15.609722
2011-12-23,15.844344,15.694997
2011-12-27,16.022272,15.871246
2011-12-28,16.008509,15.857613
2011-12-29,16.076077,15.924543
2011-12-30,16.163664,16.011301
2012-01-03,16.651901,16.494940
2012-01-04,16.723724,16.566086
2012-01-05,16.491741,16.336292
2012-01-06,16.266768,16.113438
2012-01-09,15.577077,15.430247
2012-01-10,15.594094,15.447104
2012-01-11,15.664665,15.517009
2012-01-12,15.756757,15.608234
2012-01-13,15.640390,15.492963
2012-01-17,15.730230,15.581958
2012-01-18,15.838589,15.689296
2012-01-19,16.005255,15.854390
2012-01-20,14.664414,14.526187
2012-01-23,14.652653,14.514536
2012-01-24,14.537788,14.400756
2012-01-25,14.251502,14.117167
2012-01-26,14.216717,14.082708
2012-01-27,14.514014,14.377205
2012-01-30,14.456707,14.320437
2012-01-31,14.517267,14.380427
2012-02-01,14.535285,14.398276
2012-02-02,14.642392,14.504373
2012-02-03,14.923173,14.782509
2012-02-06,15.242492,15.098816
2012-02-07,15.184434,15.041305
2012-02-08,15.261512,15.117657
2012-02-09,15.301802,15.157568
2012-02-10,15.162913,15.019989
2012-02-13,15.320320,15.175912
2012-02-14,15.259259,15.115427
2012-02-15,15.154154,15.011312
2012-02-16,15.178178,15.035108
2012-02-17,15.131131,14.988505
2012-02-21,15.365365,15.220531
2012-02-22,15.213714,15.070310
2012-02-23,15.167918,15.024946
2012-02-24,15.262763,15.118896
2012-02-27,15.247998,15.104272
2012-02-28,15.475225,15.329356
2012-02-29,15.471722,15.325884
2012-03-01,15.575576,15.428760
2012-03-02,15.546797,15.400253
2012-03-05,15.371622,15.226729
2012-03-06,15.139139,14.996438
2012-03-07,15.185185,15.042048
2012-03-08,15.193694,15.050479
2012-03-09,15.021271,14.879681
2012-03-12,15.143894,15.001147
2012-03-13,15.459960,15.314235
2012-03-14,15.415165,15.269861
2012-03-15,15.543794,15.397276
2012-03-16,15.641642,15.494205
2012-03-19,15.865365,15.715818
2012-03-20,15.853103,15.703671
2012-03-21,16.015516,15.864554
2012-03-22,16.167418,16.015024
2012-03-23,16.080832,15.929253
2012-03-26,16.249498,16.096333
2012-03-27,16.191692,16.039070
2012-03-28,16.410410,16.255728
2012-03-29,16.226477,16.073526
2012-03-30,16.047047,15.895787
2012-04-02,16.189190,16.036591
2012-04-03,16.081581,15.929998
2012-04-04,15.894645,15.744823
2012-04-05,15.823824,15.674667
2012-04-09,15.786787,15.637980
2012-04-10,15.687187,15.539320
2012-04-11,15.914915,15.764902
2012-04-12,16.291542,16.137978
2012-04-13,15.630631,15.483296
2012-04-16,15.166917,15.023953
2012-04-17,15.254505,15.110716
2012-04-18,15.201451,15.058163
2012-04-19,14.997497,14.856130
2012-04-20,14.916416,14.775814
2012-04-23,14.954955,14.813988
2012-04-24,15.046797,14.904965
2012-04-25,15.258258,15.114434
2012-04-26,15.402152,15.256970
2012-04-27,15.389890,15.244825
2012-04-30,15.136386,14.993710
2012-05-01,15.125876,14.983301
2012-05-02,15.196697,15.053454
2012-05-03,15.290791,15.146660
2012-05-04,14.939189,14.798372
2012-05-07,15.203954,15.060642
2012-05-08,15.335085,15.190536
2012-05-09,15.243994,15.100303
2012-05-10,15.356857,15.212103
2012-05-11,15.145896,15.003129
2012-05-14,15.115115,14.972641
2012-05-15,15.293043,15.148890
2012-05-16,15.738989,15.590634
2012-05-17,15.591842,15.444872
2012-05-18,15.025025,14.883401
2012-05-21,15.368118,15.223259
2012-05-22,15.035035,14.893313
2012-05-23,15.251752,15.107988
2012-05-24,15.106607,14.964213
2012-05-25,14.803053,14.663520
2012-05-29,14.873373,14.733176
2012-05-30,14.720470,14.581716
2012-05-31,14.536036,14.399018
2012-06-01,14.288789,14.154101
2012-06-04,14.479229,14.342749
2012-06-05,14.274525,14.139972
2012-06-06,14.528779,14.391831
2012-06-07,14.470220,14.333823
2012-06-08,14.525776,14.388856
2012-06-11,14.226727,14.092626
2012-06-12,14.141642,14.008342
2012-06-13,14.041291,13.908937
2012-06-14,13.990240,13.858369
2012-06-15,14.126877,13.993716
2012-06-18,14.285536,14.150878
2012-06-19,14.552803,14.415628
2012-06-20,14.452202,14.315975
2012-06-21,14.144394,14.011070
2012-06-22,14.301301,14.166495
2012-06-25,14.031532,13.899270
2012-06-26,14.131131,13.997931
2012-06-27,14.246747,14.112457
2012-06-28,14.121872,13.988760
2012-06-29,14.516266,14.379436
2012-07-02,14.526276,14.389351
2012-07-03,14.710460,14.571798
2012-07-05,14.912913,14.772346
2012-07-06,14.664164,14.525939
2012-07-09,14.664915,14.526683
2012-07-10,14.557057,14.419842
2012-07-11,14.294044,14.159307
2012-07-12,14.276276,14.141706
2012-07-13,14.427427,14.291434
2012-07-16,14.387387,14.251772
2012-07-17,14.432683,14.296641
2012-07-18,14.533534,14.396542
2012-07-19,14.841341,14.701447
2012-07-20,15.285786,15.141702
2012-07-23,15.403153,15.257963
2012-07-24,15.204454,15.061136
2012-07-25,15.214965,15.071549
2012-07-26,15.349349,15.204665
2012-07-27,15.889890,15.740112
2012-07-30,15.823323,15.674173
2012-07-31,15.840090,15.690783
2012-08-01,15.832833,15.683595
2012-08-02,15.734484,15.586170
2012-08-03,16.049299,15.898018
2012-08-06,16.086588,15.934958
2012-08-07,16.029530,15.878436
2012-08-08,16.071821,15.920328
2012-08-09,16.074825,15.923306
2012-08-10,16.066067,15.914629
2012-08-13,16.516768,16.361082
2012-08-14,16.733232,16.575504
2012-08-15,16.705206,16.547743
2012-08-16,16.838589,16.679869
2012-08-17,16.945444,16.785717
2012-08-20,16.905405,16.746056
2012-08-21,16.754505,16.596581
2012-08-22,16.946445,16.786711
2012-08-23,16.936937,16.777290
2012-08-24,16.982733,16.822653
2012-08-27,16.747248,16.589386
2012-08-28,16.948198,16.788445
2012-08-29,17.217466,17.055176
2012-08-30,17.059059,16.898260
2012-08-31,17.144394,16.982794
2012-09-04,17.043043,16.882395
2012-09-05,17.035034,16.874462
2012-09-06,17.502502,17.337523
2012-09-07,17.671421,17.504850
2012-09-10,17.536787,17.371487
2012-09-11,17.322071,17.158796
2012-09-12,17.289289,17.126320
2012-09-13,17.668669,17.502125
2012-09-14,17.759760,17.592356
2012-09-17,17.767267,17.599794
2012-09-18,17.974976,17.805542
2012-09-19,18.205706,18.034100
2012-09-20,18.221222,18.049467
2012-09-21,18.368118,18.194983
2012-09-24,18.753254,18.576487
2012-09-25,18.747747,18.571033
2012-09-26,18.855354,18.677624
2012-09-27,18.931431,18.752983
2012-09-28,18.881380,18.703407
2012-10-01,19.063564,18.883873
2012-10-02,18.943693,18.765129
2012-10-03,19.081581,18.901716
2012-10-04,19.220470,19.039297
2012-10-05,19.210461,19.029381
2012-10-08,18.964966,18.786205
2012-10-09,18.620871,18.445351
2012-10-10,18.632633,18.457003
2012-10-11,18.805805,18.628540
2012-10-12,18.637386,18.461708
2012-10-15,18.543043,18.368258
2012-10-16,18.636135,18.460470
2012-10-17,18.906157,18.727947
2012-10-18,17.392391,17.228455
2012-10-19,17.061811,16.900990
2012-10-22,16.983734,16.823645
2012-10-23,17.025776,16.865288
2012-10-24,16.949450,16.789682
2012-10-25,16.960960,16.801085
2012-10-26,16.895645,16.736387
2012-10-31,17.024525,16.864052
2012-11-01,17.206957,17.044765
2012-11-02,17.215216,17.052944
2012-11-05,17.091091,16.929993
2012-11-06,17.060061,16.899250
2012-11-07,16.694695,16.537331
2012-11-08,16.323574,16.169710
2012-11-09,16.592342,16.435942
2012-11-12,16.664164,16.507088
2012-11-13,16.492743,16.337282
2012-11-14,16.330080,16.176153
2012-11-15,16.197699,16.045017
2012-11-16,16.195696,16.043036
2012-11-19,16.721972,16.564350
2012-11-20,16.766016,16.607979
2012-11-21,16.663412,16.506342
2012-11-23,16.715965,16.558403
2012-11-26,16.545296,16.389341
2012-11-27,16.784534,16.626322
2012-11-28,17.108858,16.947592
2012-11-29,17.314566,17.151358
2012-11-30,17.476727,17.311989
2012-12-03,17.398649,17.234650
2012-12-04,17.293043,17.130037
2012-12-05,17.212713,17.050468
2012-12-06,17.295546,17.132519
2012-12-07,17.122372,16.960978
2012-12-10,17.152653,16.990973
2012-12-11,17.439440,17.275055
2012-12-12,17.456455,17.291910
2012-12-13,17.585085,17.419331
2012-12-14,17.566566,17.400984
2012-12-17,18.037539,17.867517
2012-12-18,18.044794,17.874702
2012-12-19,18.020771,17.850906
2012-12-20,18.077078,17.906683
2012-12-21,17.908659,17.739853
2012-12-24,17.755255,17.587894
2012-12-26,17.739489,17.572275
2012-12-27,17.674925,17.508324
2012-12-28,17.517769,17.352646
2012-12-31,17.702202,17.535343
2013-01-02,18.099348,17.928743
2013-01-03,18.109859,17.939156
2013-01-04,18.467718,18.293640
2013-01-07,18.387136,18.213821
2013-01-08,18.350851,18.177877
2013-01-09,18.471472,18.297361
2013-01-10,18.555555,18.380650
2013-01-11,18.518269,18.343714
2013-01-14,18.099348,17.928743
2013-01-15,18.141392,17.970392
2013-01-16,17.897648,17.728943
2013-01-17,17.800800,17.633011
2013-01-18,17.630381,17.464195
2013-01-22,17.589338,17.423540
2013-01-23,18.556055,18.381145
2013-01-24,18.874125,18.696217
2013-01-25,18.860611,18.682831
2013-01-28,18.787037,18.609947
2013-01-29,18.860861,18.683079
2013-01-30,18.864614,18.686798
2013-01-31,18.911161,18.732904
2013-02-01,19.409409,19.226458
2013-02-04,18.994493,18.815451
2013-02-05,19.162663,18.982033
2013-02-06,19.273523,19.091852
2013-02-07,19.368118,19.185555
2013-02-08,19.653904,19.468645
2013-02-11,19.580080,19.395519
2013-02-12,19.537037,19.352880
2013-02-13,19.591091,19.406425
2013-02-14,19.715216,19.529381
2013-02-15,19.842093,19.655060
2013-02-19,20.191441,20.001116
2013-02-20,19.831331,19.644402
2013-02-21,19.908157,19.720503
2013-02-22,20.012762,19.824121
2013-02-25,19.789040,19.602509
2013-02-26,19.773024,19.586643
2013-02-27,20.014515,19.825857
2013-02-28,20.050051,19.861061
2013-03-01,20.174925,19.984756
2013-03-04,20.558058,20.364277
2013-03-05,20.985987,20.788176
2013-03-06,20.805305,20.609194
2013-03-07,20.835836,20.639439
2013-03-08,20.808809,20.612667
2013-03-11,20.891392,20.694468
2013-03-12,20.710960,20.515739
2013-03-13,20.653402,20.458725
2013-03-14,20.559059,20.365269
2013-03-15,20.377878,20.185797
2013-03-18,20.214966,20.024418
2013-03-19,20.303303,20.111923
2013-03-20,20.388138,20.195955
2013-03-21,20.301802,20.110437
2013-03-22,20.278028,20.086887
2013-03-25,20.261261,20.070282
2013-03-26,20.330832,20.139194
2013-03-27,20.086588,19.897253
2013-03-28,19.874624,19.687286
2013-04-01,20.049801,19.860813
2013-04-02,20.346346,20.154562
2013-04-03,20.175175,19.985004
2013-04-04,19.896646,19.709099
2013-04-05,19.595846,19.411133
2013-04-08,19.390640,19.207865
2013-04-09,19.460711,19.277275
2013-04-10,19.774275,19.587881
2013-04-11,19.779530,19.593088
2013-04-12,19.771021,19.584656
2013-04-15,19.567818,19.383371
2013-04-16,19.854103,19.666958
2013-04-17,19.583584,19.398993
2013-04-18,19.166918,18.986254
2013-04-19,20.016768,19.828089
2013-04-22,20.022774,19.834038
2013-04-23,20.217718,20.027143
2013-04-24,20.356607,20.164726
2013-04-25,20.247747,20.056890
2013-04-26,20.055555,19.866514
2013-04-29,20.496998,20.303793
2013-04-30,20.634886,20.440380
2013-05-01,20.531281,20.337751
2013-05-02,20.761011,20.565317
2013-05-03,21.164164,20.964670
2013-05-06,21.560310,21.357084
2013-05-07,21.452202,21.249996
2013-05-08,21.862614,21.656536
2013-05-09,21.808809,21.603241
2013-05-10,22.027779,21.820145
2013-05-13,21.960211,21.753212
2013-05-14,22.199699,21.990446
2013-05-15,22.920170,22.704123
2013-05-16,22.619370,22.406158
2013-05-17,22.752253,22.537792
2013-05-20,22.735987,22.521679
2013-05-21,22.696947,22.483004
2013-05-22,22.257757,22.047956
2013-05-23,22.091843,21.883604
2013-05-24,21.854855,21.648851
2013-05-28,22.053804,21.845922
2013-05-29,21.729479,21.524656
2013-05-30,21.790791,21.585390
2013-05-31,21.802301,21.596792
2013-06-03,21.712461,21.507801
2013-06-04,21.498999,21.296350
2013-06-05,21.514013,21.311220
2013-06-06,21.637638,21.433683
2013-06-07,22.015265,21.807749
2013-06-10,22.277779,22.067787
2013-06-11,22.017267,21.809734
2013-06-12,21.821321,21.615637
2013-06-13,21.946947,21.740072
2013-06-14,21.897898,21.691488
2013-06-17,22.178429,21.969372
2013-06-18,22.538038,22.325594
2013-06-19,22.539539,22.327084
2013-06-20,22.140640,21.931944
2013-06-21,22.045296,21.837496
2013-06-24,21.766518,21.561346
2013-06-25,21.676678,21.472353
2013-06-26,21.863113,21.657032
2013-06-27,21.948700,21.741810
2013-06-28,22.031281,21.823610
2013-07-01,22.219219,22.009779
2013-07-02,22.079830,21.871708
2013-07-03,22.182934,21.973835
2013-07-05,22.359610,22.148849
2013-07-08,22.649900,22.436403
2013-07-09,22.653654,22.440123
2013-07-10,22.672422,22.458708
2013-07-11,23.029030,22.811958
2013-07-12,23.098099,22.880377
2013-07-15,23.140390,22.922270
2013-07-16,23.013264,22.796339
2013-07-17,22.986736,22.770061
2013-07-18,22.789789,22.574970
2013-07-19,22.437437,22.225943
2013-07-22,22.790291,22.575470
2013-07-23,22.617619,22.404425
2013-07-24,22.595095,22.382114
2013-07-25,22.214714,22.005316
2013-07-26,22.155907,21.947065
2013-07-29,22.078829,21.870712
2013-07-30,22.295296,22.085142
2013-07-31,22.215965,22.006559
2013-08-01,22.628128,22.414835
2013-08-02,22.686937,22.473093
2013-08-05,22.647648,22.434172
2013-08-06,22.436687,22.225199
2013-08-07,22.288540,22.078447
2013-08-08,22.338839,22.128271
2013-08-09,22.282534,22.072498
2013-08-12,22.159910,21.951031
2013-08-13,22.053303,21.845428
2013-08-14,21.767017,21.561840
2013-08-15,21.513014,21.310232
2013-08-16,21.444195,21.242060
2013-08-19,21.662912,21.458717
2013-08-20,21.657158,21.453018
2013-08-21,21.755005,21.549946
2013-08-22,21.864614,21.658518
2013-08-23,21.777027,21.571754
2013-08-26,21.681431,21.477060
2013-08-27,21.275024,21.074488
2013-08-28,21.234985,21.034822
2013-08-29,21.407158,21.205374
2013-08-30,21.193693,20.993921
2013-09-03,21.531031,21.328079
2013-09-04,21.812563,21.606958
2013-09-05,22.011011,21.803535
2013-09-06,22.011513,21.804035
2013-09-09,22.223473,22.013994
2013-09-10,22.238989,22.029362
2013-09-11,22.427177,22.215780
2013-09-12,22.348848,22.138186
2013-09-13,22.248999,22.039278
2013-09-16,22.216215,22.006807
2013-09-17,22.174925,21.965904
2013-09-18,22.605606,22.392527
2013-09-19,22.482231,22.270315
2013-09-20,22.600349,22.387320
2013-09-23,22.184685,21.975569
2013-09-24,22.193193,21.983999
2013-09-25,21.952703,21.745779
2013-09-26,21.976227,21.769081
2013-09-27,21.931683,21.724955
2013-09-30,21.919670,21.713057
2013-10-01,22.197197,21.987968
2013-10-02,22.221972,22.012508
2013-10-03,21.924173,21.717520
2013-10-04,21.830582,21.624807
2013-10-07,21.665165,21.460949
2013-10-08,21.363113,21.161743
2013-10-09,21.417917,21.216034
2013-10-10,21.727728,21.522926
2013-10-11,21.821571,21.615885
2013-10-14,21.924675,21.718010
2013-10-15,22.072323,21.864267
2013-10-16,22.473223,22.261387
2013-10-17,22.241993,22.032343
2013-10-18,25.310560,25.071983
2013-10-21,25.107609,24.870945
2013-10-22,25.200199,24.962664
2013-10-23,25.811062,25.567766
2013-10-24,25.664413,25.422501
2013-10-25,25.405405,25.165936
2013-10-28,25.400400,25.160976
2013-10-29,25.931932,25.687498
2013-10-30,25.786285,25.543222
2013-10-31,25.790291,25.547194
2013-11-01,25.701702,25.459436
2013-11-04,25.678429,25.436384
2013-11-05,25.563564,25.322601
2013-11-06,25.594343,25.353090
2013-11-07,25.223974,24.986216
2013-11-08,25.426176,25.186506
2013-11-11,25.290039,25.051657
2013-11-12,25.319820,25.081156
2013-11-13,25.837587,25.594040
2013-11-14,25.906656,25.662462
2013-11-15,25.864864,25.621061
2013-11-18,25.814566,25.571236
2013-11-19,25.655657,25.413828
2013-11-20,25.583332,25.342182
2013-11-21,25.877628,25.633705
2013-11-22,25.823072,25.579664
2013-11-25,26.174423,25.927702
2013-11-26,26.486736,26.237072
2013-11-27,26.604355,26.353582
2013-11-29,26.516266,26.266325
2013-12-02,26.388388,26.139650
2013-12-03,26.357859,26.109407
2013-12-04,26.480982,26.231375
2013-12-05,26.459961,26.210548
2013-12-06,26.773523,26.521154
2013-12-09,26.980480,26.726162
2013-12-10,27.143644,26.887789
2013-12-11,26.959209,26.705093
2013-12-12,26.775776,26.523390
2013-12-13,26.546295,26.296068
2013-12-16,26.851351,26.598248
2013-12-17,26.773273,26.520908
2013-12-18,27.145897,26.890018
2013-12-19,27.182684,26.926460
2013-12-20,27.543043,27.283424
2013-12-23,27.905405,27.642368
2013-12-24,27.823824,27.561558
2013-12-26,27.964464,27.700871
2013-12-27,27.987988,27.724174
2013-12-30,27.764263,27.502556
2013-12-31,28.045795,27.781437
2014-01-02,27.855856,27.593287
2014-01-03,27.652653,27.392000
2014-01-06,27.960960,27.697399
2014-01-07,28.500000,28.231359
2014-01-08,28.559309,28.290106
2014-01-09,28.284285,28.017677
2014-01-10,28.282784,28.016191
2014-01-13,28.102604,27.837709
2014-01-14,28.763763,28.492634
2014-01-15,28.744244,28.473301
2014-01-16,28.934435,28.661697
2014-01-17,28.792042,28.520651
2014-01-21,29.121622,28.847124
2014-01-22,29.154655,28.879845
2014-01-23,29.031532,28.757881
2014-01-24,28.123875,27.858778
2014-01-27,27.558308,27.298540
2014-01-28,28.103354,27.838453
2014-01-29,27.700701,27.439592
2014-01-30,28.413162,28.145338
2014-01-31,29.553804,29.275230
2014-02-03,28.364115,28.096754
2014-02-04,28.482483,28.214006
2014-02-05,28.608608,28.338945
2014-02-06,29.028028,28.754410
2014-02-07,29.465466,29.187725
2014-02-10,29.352604,29.075926
2014-02-11,29.784285,29.503538
2014-02-12,29.696947,29.417027
2014-02-13,30.027529,29.744492
2014-02-14,30.100100,29.816374
2014-02-18,30.302301,30.016670
2014-02-19,30.088589,29.804970
2014-02-20,30.132883,29.848850
2014-02-21,30.124874,29.840918
2014-02-24,30.343094,30.057081
2014-02-25,30.530531,30.242748
2014-02-26,30.534784,30.246964
2014-02-27,30.510761,30.223169
2014-02-28,30.421673,30.134918
2014-03-03,30.097347,29.813648
2014-03-04,30.403152,30.116573
2014-03-05,30.486986,30.199615
2014-03-06,30.520771,30.233082
2014-03-07,30.400150,30.113598
2014-03-10,30.319571,30.033781
2014-03-11,30.029779,29.746719
2014-03-12,30.212713,29.927927
2014-03-13,29.756256,29.475773
2014-03-14,29.349348,29.072706
2014-03-17,29.832333,29.551130
2014-03-18,30.311811,30.026089
2014-03-19,30.011261,29.728376
2014-03-20,29.958960,29.676567
2014-03-21,29.605606,29.326544
2014-03-24,28.977226,28.704088
2014-03-25,28.996998,28.723673
2014-03-26,28.327578,28.060562
2014-03-27,27.884886,27.622044
2014-03-28,28.031782,27.767553
2014-03-31,27.890640,27.627743
2014-04-01,28.400652,28.132950
2014-04-02,28.405907,28.138155
2014-04-03,28.575001,28.305655
2014-04-04,27.262501,27.005526
2014-04-07,27.031500,26.776703
2014-04-08,27.875500,27.612743
2014-04-09,28.351999,28.084755
2014-04-10,27.334499,27.076847
2014-04-11,26.888000,26.634554
2014-04-14,27.260000,27.003048
2014-04-15,27.434999,27.176397
2014-04-16,28.195000,27.929237
2014-04-17,27.167000,26.910923
2014-04-21,26.968500,26.714293
2014-04-22,27.275000,27.017904
2014-04-23,26.875500,26.622173
2014-04-24,26.722000,26.470121
2014-04-25,26.155001,25.908461
2014-04-28,26.149000,25.902519
2014-04-29,26.816500,26.563723
2014-04-30,26.743999,26.491909
2014-05-01,26.926500,26.672689
2014-05-02,26.693501,26.441885
2014-05-05,26.766500,26.514200
2014-05-06,26.128500,25.882214
2014-05-07,25.900000,25.655867
2014-05-08,26.008499,25.763346
2014-05-09,26.330999,26.082804
2014-05-12,26.921499,26.667734
2014-05-13,27.077000,26.821770
2014-05-14,26.720501,26.468634
2014-05-15,26.455999,26.206623
2014-05-16,26.415001,26.166014
2014-05-19,26.941500,26.687548
2014-05-20,27.019501,26.764814
2014-05-21,27.485001,27.225927
2014-05-22,27.772499,27.510715
2014-05-23,28.190001,27.924284
2014-05-27,28.743500,28.472563
2014-05-28,28.522499,28.253647
2014-05-29,28.528000,28.259098
2014-05-30,28.582500,28.313080
2014-06-02,28.216999,27.951027
2014-06-03,27.725500,27.464161
2014-06-04,27.688000,27.427013
2014-06-05,28.246500,27.980253
2014-06-06,28.301500,28.034729
2014-06-09,28.536501,28.267517
2014-06-10,28.415001,28.147160
2014-06-11,28.375000,28.107536
2014-06-12,27.975000,27.711309
2014-06-13,28.017500,27.753405
2014-06-16,27.615000,27.354704
2014-06-17,27.531000,27.271494
2014-06-18,28.033001,27.768761
2014-06-19,28.249500,27.983223
2014-06-20,28.326000,28.058998
2014-06-23,28.714500,28.443836
2014-06-24,28.627001,28.357164
2014-06-25,29.296499,29.020351
2014-06-26,29.238501,28.962896
2014-06-27,29.284500,29.008467
2014-06-30,29.233500,28.957943
2014-07-01,29.574499,29.295729
2014-07-02,29.539000,29.260567
2014-07-03,29.653999,29.374479
2014-07-07,29.538000,29.259575
2014-07-08,28.920000,28.647400
2014-07-09,29.167999,28.893059
2014-07-10,29.002001,28.728630
2014-07-11,29.332500,29.056011
2014-07-14,29.712999,29.432926
2014-07-15,29.653000,29.373491
2014-07-16,29.531000,29.252642
2014-07-17,29.041000,28.767260
2014-07-18,30.255501,29.970312
2014-07-21,29.922001,29.639956
2014-07-22,30.178499,29.894039
2014-07-23,30.259501,29.974272
2014-07-24,30.150499,29.866299
2014-07-25,29.903999,29.622122
2014-07-28,29.951000,29.668680
2014-07-29,29.697500,29.417570
2014-07-30,29.771999,29.491367
2014-07-31,28.977501,28.704363
2014-08-01,28.680000,28.409662
2014-08-04,29.113501,28.839077
2014-08-05,28.657000,28.386881
2014-08-06,28.724501,28.453745
2014-08-07,28.590500,28.321005
2014-08-08,28.896999,28.624617
2014-08-11,28.862499,28.590443
2014-08-12,28.606001,28.336359
2014-08-13,29.228001,28.952497
2014-08-14,29.232500,28.956953
2014-08-15,29.185499,28.910397
2014-08-18,29.635000,29.355661
2014-08-19,29.855499,29.574081
2014-08-20,29.770500,29.489883
2014-08-21,29.621000,29.341793
2014-08-22,29.627001,29.347736
2014-08-25,29.528500,29.250162
2014-08-26,29.406000,29.128820
2014-08-27,29.150000,28.875233
2014-08-28,29.016001,28.742496
2014-08-29,29.118000,28.843533
2014-09-02,29.431499,29.154076
2014-09-03,29.476000,29.198158
2014-09-04,29.657000,29.377455
2014-09-05,29.889000,29.607267
2014-09-08,30.081499,29.797951
2014-09-09,29.598499,29.319502
2014-09-10,29.671000,29.391321
2014-09-11,29.555500,29.276909
2014-09-12,29.245001,28.969337
2014-09-15,29.082001,28.807877
2014-09-16,29.438999,29.161510
2014-09-17,29.664499,29.384880
2014-09-18,29.863501,29.582006
2014-09-19,30.270000,29.984678
2014-09-22,29.863501,29.582006
2014-09-23,29.559000,29.280380
2014-09-24,29.921000,29.638966
2014-09-25,29.262501,28.986673
2014-09-26,29.395000,29.117922
2014-09-29,29.390499,29.113468
2014-09-30,29.420500,29.143183
2014-10-01,28.981501,28.708319
2014-10-02,29.044001,28.770235
2014-10-03,29.312500,29.036200
2014-10-06,29.389000,29.111979
2014-10-07,28.705000,28.434429
2014-10-08,29.187000,28.911882
2014-10-09,28.540501,28.271481
2014-10-10,27.759501,27.497839
2014-10-13,27.237499,26.980761
2014-10-14,27.434500,27.175905
2014-10-15,27.036501,26.781658
2014-10-16,26.846001,26.592951
2014-10-17,26.148500,25.902021
2014-10-20,26.618999,26.368092
2014-10-21,26.901501,26.647926
2014-10-22,27.134501,26.878731
2014-10-23,27.682501,27.421566
2014-10-24,27.445000,27.186304
2014-10-27,27.493999,27.234840
2014-10-28,27.947001,27.683577
2014-10-29,27.922501,27.659302
2014-10-30,28.013500,27.749445
2014-10-31,28.393499,28.125866
2014-11-03,28.188499,27.922792
2014-11-04,28.209499,27.943598
2014-11-05,27.797501,27.535482
2014-11-06,27.584499,27.324490
2014-11-07,27.591000,27.330929
2014-11-10,27.911501,27.648407
2014-11-11,28.064501,27.799965
2014-11-12,27.912500,27.649401
2014-11-13,27.822001,27.559750
2014-11-14,27.759501,27.497839
2014-11-17,27.332001,27.074368
2014-11-18,27.225500,26.968874
2014-11-19,27.360001,27.102108
2014-11-20,27.188000,26.931725
2014-11-21,27.294500,27.037224
2014-11-24,27.374001,27.115973
2014-11-25,27.461500,27.202648
2014-11-26,27.386499,27.128355
2014-11-28,27.454000,27.195219
2014-12-01,26.982500,26.728165
2014-12-02,26.929501,26.675663
2014-12-03,26.848499,26.595423
2014-12-04,27.129000,26.873283
2014-12-05,26.403999,26.155119
2014-12-08,26.536501,26.286369
2014-12-09,26.805500,26.552834
2014-12-10,26.402000,26.153135
2014-12-11,26.605499,26.354717
2014-12-12,26.075500,25.829712
2014-12-15,25.792000,25.548885
2014-12-16,24.908001,24.673218
2014-12-17,25.322500,25.083809
2014-12-18,25.731001,25.488459
2014-12-19,26.002001,25.756907
2014-12-22,26.615000,26.364126
2014-12-23,26.938499,26.684576
2014-12-24,26.846500,26.593443
2014-12-26,27.076000,26.820780
2014-12-29,26.865499,26.612270
2014-12-30,26.764000,26.511723
2014-12-31,26.533001,26.282898
2015-01-02,26.477501,26.227922
2015-01-05,25.973000,25.728180
2015-01-06,25.332001,25.093224
2015-01-07,25.257500,25.019424
2015-01-08,25.345501,25.106596
2015-01-09,25.035999,24.800009
2015-01-12,24.853001,24.618738
2015-01-13,25.090000,24.853500
2015-01-14,25.296499,25.058056
2015-01-15,25.200500,24.962961
2015-01-16,25.523001,25.282419
2015-01-20,25.497000,25.256664
2015-01-21,26.019501,25.774240
2015-01-22,26.865000,26.611773
2015-01-23,27.097500,26.842077
2015-01-26,26.836000,26.583046
2015-01-27,26.059500,25.813862
2015-01-28,25.621500,25.379992
2015-01-29,25.661501,25.419617
2015-01-30,26.877501,26.624153
2015-02-02,26.610001,26.359175
2015-02-03,26.665001,26.413654
2015-02-04,26.305000,26.057051
2015-02-05,26.491501,26.241795
2015-02-06,26.694000,26.442383
2015-02-09,26.464001,26.214554
2015-02-10,27.007999,26.753422
2015-02-11,26.900000,26.646439
2015-02-12,27.300501,27.043165
2015-02-13,27.558001,27.298243
2015-02-17,27.250500,26.993635
2015-02-18,27.132500,26.876749
2015-02-19,27.322500,27.064957
2015-02-20,27.090000,26.834650
2015-02-23,26.750000,26.497852
2015-02-24,26.932501,26.678635
2015-02-25,27.366501,27.108547
2015-02-26,27.964500,27.700907
2015-02-27,28.131500,27.866331
2015-03-02,28.750999,28.479992
2015-03-03,28.939501,28.666718
2015-03-04,28.916500,28.643932
2015-03-05,29.071501,28.797470
2015-03-06,28.645000,28.374994
2015-03-09,28.705000,28.434429
2015-03-10,27.992500,27.728643
2015-03-11,27.784500,27.522600
2015-03-12,28.058500,27.794022
2015-03-13,27.650000,27.389372
2015-03-16,28.082001,27.817303
2015-03-17,27.880501,27.617699
2015-03-18,28.308001,28.041170
2015-03-19,28.183500,27.917841
2015-03-20,28.247499,27.981236
2015-03-23,28.268499,28.002041
2015-03-24,28.877001,28.604807
2015-03-25,28.350000,28.082771
2015-03-26,28.181999,27.916357
2015-03-27,27.877501,27.614727
2015-03-30,28.056999,27.792536
2015-03-31,27.735001,27.473570
2015-04-01,27.474501,27.215523
2015-04-02,27.065500,26.810381
2015-04-06,27.197500,26.941135
2015-04-07,27.243000,26.986210
2015-04-08,27.441999,27.183331
2015-04-09,27.400999,27.142717
2015-04-10,27.427000,27.168472
2015-04-13,27.431999,27.173426
2015-04-14,26.989000,26.734600
2015-04-15,27.052000,26.797007
2015-04-16,27.176001,26.919840
2015-04-17,26.636999,26.385920
2015-04-20,27.226500,26.969858
2015-04-21,27.146000,26.890121
2015-04-22,27.459000,27.200172
2015-04-23,27.872999,27.610268
2015-04-24,28.683001,28.412638
2015-04-27,28.306000,28.039186
2015-04-28,28.218500,27.952513
2015-04-29,28.069500,27.804914
2015-04-30,27.438499,27.179861
2015-05-01,27.558001,27.298243
2015-05-04,27.642000,27.381449
2015-05-05,27.152000,26.896065
2015-05-06,26.754000,26.501820
2015-05-07,27.101999,26.846535
2015-05-08,27.447500,27.188778
2015-05-11,27.289000,27.031773
2015-05-12,26.936501,26.682594
2015-05-13,26.974501,26.720238
2015-05-14,27.459999,27.201162
2015-05-15,27.324499,27.066938
2015-05-18,27.333500,27.075851
2015-05-19,27.464001,27.205124
2015-05-20,27.625500,27.365099
2015-05-21,27.840500,27.578074
2015-05-22,27.726000,27.464653
2015-05-26,27.359501,27.101610
2015-05-27,27.712500,27.451283
2015-05-28,27.709000,27.447811
2015-05-29,27.266001,27.008993
2015-06-01,27.460501,27.201658
2015-06-02,27.697500,27.436422
2015-06-03,27.764500,27.502792
2015-06-04,27.584499,27.324490
2015-06-05,27.476500,27.217505
2015-06-08,27.174000,26.917858
2015-06-09,27.108000,26.852482
2015-06-10,27.629999,27.369562
2015-06-11,27.502001,27.242767
2015-06-12,27.373501,27.115479
2015-06-15,27.150000,26.894083
2015-06-16,27.243500,26.986702
2015-06-17,27.330000,27.072390
2015-06-18,27.809000,27.546871
2015-06-19,27.875999,27.613241
2015-06-22,27.983999,27.720217
2015-06-23,28.169500,27.903975
2015-06-24,27.928499,27.665247
2015-06-25,27.897499,27.634537
2015-06-26,27.653000,27.392345
2015-06-29,27.062500,26.807407
2015-06-30,27.002001,26.747478
2015-07-01,27.165001,26.908943
2015-07-02,27.367001,27.109039
2015-07-06,27.281000,27.023851
2015-07-07,27.501499,27.242271
2015-07-08,27.084999,26.829695
2015-07-09,27.232500,26.975805
2015-07-10,27.805500,27.543406
2015-07-13,28.586500,28.317043
2015-07-14,29.209000,28.933676
2015-07-15,29.198000,28.922777
2015-07-16,30.089001,29.805380
2015-07-17,34.980999,34.651272
2015-07-20,34.641998,34.315464
2015-07-21,34.767502,34.439789
2015-07-22,34.755001,34.427402
2015-07-23,33.736500,33.418499
2015-07-24,32.738499,32.429905
2015-07-27,32.913502,32.603264
2015-07-28,32.983002,32.672108
2015-07-29,33.071499,32.759769
2015-07-30,33.228001,32.914787
2015-07-31,32.875000,32.565121
2015-08-03,33.236000,32.922718
2015-08-04,33.063999,32.752338
2015-08-05,33.664501,33.347179
2015-08-06,33.507500,33.191666
2015-08-07,33.219501,32.906372
2015-08-10,33.157001,32.844467
2015-08-11,34.514999,34.189667
2015-08-12,34.573502,34.247612
2015-08-13,34.325500,34.001949
2015-08-14,34.468498,34.143600
2015-08-17,34.705502,34.378361
2015-08-18,34.436501,34.111893
2015-08-19,34.702000,34.374897
2015-08-20,33.973999,33.653763
2015-08-21,32.201500,31.897968
2015-08-24,30.905500,30.614183
2015-08-25,30.623501,30.334843
2015-08-26,32.987000,32.676067
2015-08-27,33.397999,33.083191
2015-08-28,32.984501,32.673584
2015-08-31,32.390999,32.085682
2015-09-01,31.478001,31.181292
2015-09-02,32.245499,31.941551
2015-09-03,31.852501,31.552261
2015-09-04,31.448000,31.151571
2015-09-08,32.194000,31.890537
2015-09-09,32.170502,31.867258
2015-09-10,32.554001,32.247143
2015-09-11,32.764999,32.456154
2015-09-14,32.623501,32.315994
2015-09-15,33.253502,32.940048
2015-09-16,33.276001,32.962341
2015-09-17,33.583500,33.266945
2015-09-18,33.046001,32.734509
2015-09-21,33.348999,33.034653
2015-09-22,32.660000,32.352146
2015-09-23,32.664501,32.356606
2015-09-24,32.745499,32.436840
2015-09-25,32.007500,31.705799
2015-09-28,31.212500,30.918289
2015-09-29,31.130501,30.837065
2015-09-30,31.918501,31.617634
2015-10-01,32.099998,31.797428
2015-10-02,32.849499,32.539860
2015-10-05,33.584000,33.267441
2015-10-06,33.582001,33.265453
2015-10-07,33.500000,33.184227
2015-10-08,33.349998,33.035645
2015-10-09,33.562000,33.245647
2015-10-12,33.821499,33.502693
2015-10-13,34.158501,33.836517
2015-10-14,34.020500,33.699829
2015-10-15,34.651001,34.324383
2015-10-16,34.765999,34.438290
2015-10-19,34.997501,34.667618
2015-10-20,34.000000,33.679523
2015-10-21,33.590000,33.273384
2015-10-22,34.056999,33.735981
2015-10-23,35.966499,35.627483
2015-10-26,36.556000,36.211426
2015-10-27,36.640999,36.295620
2015-10-28,36.846001,36.498692
2015-10-29,37.242500,36.891457
2015-10-30,36.869499,36.521969
2015-11-02,37.387001,37.034584
2015-11-03,37.441002,37.088081
2015-11-04,37.765499,37.409527
2015-11-05,38.033501,37.674999
2015-11-06,38.080002,37.721058
2015-11-09,37.738499,37.382774
2015-11-10,37.912998,37.555634
2015-11-11,38.262501,37.901844
2015-11-12,37.826500,37.469948
2015-11-13,37.003502,36.654709
2015-11-16,37.521000,37.167324
2015-11-17,37.299000,36.947422
2015-11-18,38.000500,37.642307
2015-11-19,37.997002,37.638847
2015-11-20,38.849998,38.483795
2015-11-23,38.834999,38.468945
2015-11-24,38.481499,38.118774
2015-11-25,38.463001,38.100452
2015-11-27,38.598499,38.234665
2015-11-30,38.142502,37.782978
2015-12-01,39.189499,38.820099
2015-12-02,38.892502,38.525902
2015-12-03,38.410000,38.047951
2015-12-04,38.960499,38.593258
2015-12-07,38.649502,38.285194
2015-12-08,38.757000,38.391674
2015-12-09,38.127499,37.768112
2015-12-10,38.001999,37.643787
2015-12-11,37.521000,37.167324
2015-12-14,38.126999,37.767616
2015-12-15,38.004501,37.646267
2015-12-16,38.829498,38.463482
2015-12-17,38.491501,38.128674
2015-12-18,37.842499,37.485794
2015-12-21,38.040001,37.681438
2015-12-22,38.356499,37.994953
2015-12-23,38.425499,38.063297
2015-12-24,38.292000,37.931061
2015-12-28,39.112000,38.743324
2015-12-29,39.698002,39.323811
2015-12-30,39.514999,39.142532
2015-12-31,38.900501,38.533825
2016-01-04,37.972000,37.614071
2016-01-05,38.076500,37.717594
2016-01-06,37.966499,37.608627
2016-01-07,37.049999,36.700768
2016-01-08,36.545502,36.201027
2016-01-11,36.653500,36.307999
2016-01-12,37.266998,36.915718
2016-01-13,35.978500,35.639370
2016-01-14,36.569500,36.224800
2016-01-15,35.524502,35.189648
2016-01-19,35.953999,35.615097
2016-01-20,35.928001,35.589348
2016-01-21,36.333500,35.991024
2016-01-22,37.272999,36.921669
2016-01-25,36.681000,36.335243
2016-01-26,36.689499,36.343662
2016-01-27,35.879002,35.540802
2016-01-28,37.415001,37.062328
2016-01-29,38.067501,37.708675
2016-02-01,38.538502,38.175236
2016-02-02,39.045502,38.677460
2016-02-03,37.469002,37.115814
2016-02-04,36.501499,36.157440
2016-02-05,35.188000,34.856316
2016-02-08,35.208000,34.876133
2016-02-09,35.050999,34.720608
2016-02-10,35.342499,35.009357
2016-02-11,35.318001,34.985100
2016-02-12,35.344501,35.011349
2016-02-16,35.882000,35.543777
2016-02-17,36.598499,36.253525
2016-02-18,35.875500,35.537338
2016-02-19,36.105499,35.765171
2016-02-22,36.452499,36.108906
2016-02-23,35.864498,35.526443
2016-02-24,36.044998,35.705238
2016-02-25,36.456001,36.112366
2016-02-26,36.243000,35.901371
2016-02-29,35.861000,35.522976
2016-03-01,37.108501,36.758720
2016-03-02,36.973999,36.625488
2016-03-03,36.579498,36.234695
2016-03-04,36.511002,36.166851
2016-03-07,35.639999,35.304050
2016-03-08,35.676498,35.340214
2016-03-09,36.270500,35.928616
2016-03-10,36.608501,36.263428
2016-03-11,37.243500,36.892448
2016-03-14,37.512001,37.158417
2016-03-15,37.528500,37.174759
2016-03-16,37.868000,37.511047
2016-03-17,37.924000,37.566528
2016-03-18,37.770500,37.414471
2016-03-21,38.108002,37.748791
2016-03-22,38.002499,37.644287
2016-03-23,37.877998,37.520962
2016-03-24,37.742001,37.386246
2016-03-28,37.664001,37.308979
2016-03-29,38.294498,37.933537
2016-03-30,38.417000,38.054886
2016-03-31,38.145000,37.785446
2016-04-01,38.483501,38.120754
2016-04-04,38.256001,37.895401
2016-04-05,37.928501,37.570980
2016-04-06,38.403500,38.041508
2016-04-07,38.006001,37.647758
2016-04-08,37.973499,37.615566
2016-04-11,37.876999,37.519970
2016-04-12,38.216000,37.855770
2016-04-13,38.595501,38.231697
2016-04-14,38.769501,38.404057
2016-04-15,39.000000,38.632389
2016-04-18,39.383999,39.012760
2016-04-19,38.812500,38.446648
2016-04-20,38.745998,38.380775
2016-04-21,39.000000,38.632389
2016-04-22,36.888500,36.540787
2016-04-25,37.110500,36.760696
2016-04-26,36.268501,35.926632
2016-04-27,36.073002,35.732971
2016-04-28,35.252998,34.920704
2016-04-29,35.394001,35.060375
2016-05-02,35.720501,35.383801
2016-05-03,35.422001,35.088116
2016-05-04,35.568501,35.233234
2016-05-05,35.735500,35.398655
2016-05-06,36.258999,35.917225
2016-05-09,36.456501,36.112858
2016-05-10,36.969002,36.620529
2016-05-11,36.527500,36.183189
2016-05-12,36.403500,36.060356
2016-05-13,36.241501,35.899891
2016-05-16,36.514999,36.170807
2016-05-17,36.009499,35.670071
2016-05-18,36.089001,35.748821
2016-05-19,35.765499,35.428375
2016-05-20,36.085499,35.745358
2016-05-23,35.862499,35.524460
2016-05-24,36.651501,36.306023
2016-05-25,36.904999,36.557137
2016-05-26,36.846500,36.499184
2016-05-27,37.380001,37.027664
2016-05-31,37.442501,37.089569
2016-06-01,37.423000,37.070259
2016-06-02,37.213501,36.862724
2016-06-03,36.792999,36.446190
2016-06-06,36.502998,36.158920
2016-06-07,36.554501,36.209938
2016-06-08,37.146500,36.796356
2016-06-09,37.125999,36.776047
2016-06-10,36.659500,36.313953
2016-06-13,36.594002,36.249069
2016-06-14,36.662498,36.316917
2016-06-15,36.609501,36.264416
2016-06-16,36.212502,35.871166
2016-06-17,35.212502,34.880585
2016-06-20,35.306499,34.973701
2016-06-21,35.444000,35.109905
2016-06-22,35.523499,35.188656
2016-06-23,35.743500,35.406586
2016-06-24,34.259998,33.937065
2016-06-27,34.056999,33.735981
2016-06-28,34.563000,34.237209
2016-06-29,34.759499,34.431850
2016-06-30,35.176498,34.844929
2016-07-01,35.512501,35.177761
2016-07-05,35.244499,34.912285
2016-07-06,35.448502,35.114368
2016-07-07,35.362999,35.029671
2016-07-08,35.889000,35.550713
2016-07-11,36.360001,36.017273
2016-07-12,36.625500,36.280270
2016-07-13,36.473999,36.130196
2016-07-14,36.790001,36.443214
2016-07-15,36.781502,36.434803
2016-07-18,37.660000,37.305016
2016-07-19,37.670502,37.315418
2016-07-20,37.854000,37.497189
2016-07-21,37.720501,37.364941
2016-07-22,37.964001,37.606152
2016-07-25,37.875999,37.518986
2016-07-26,37.882500,37.525421
2016-07-27,38.098499,37.739376
2016-07-28,38.292000,37.931061
2016-07-29,39.567001,39.194042
2016-08-01,40.047001,39.669521
2016-08-02,40.006001,39.628906
2016-08-03,39.945999,39.569469
2016-08-04,39.862499,39.486755
2016-08-05,40.346500,39.966198
2016-08-08,40.261501,39.881992
2016-08-09,40.374001,39.993435
2016-08-10,40.424500,40.043461
2016-08-11,40.410000,40.029095
2016-08-12,40.352501,39.972137
2016-08-15,40.298000,39.918152
2016-08-16,40.059502,39.681904
2016-08-17,40.271000,39.891415
2016-08-18,40.137501,39.759167
2016-08-19,39.982498,39.605621
2016-08-22,39.847500,39.471901
2016-08-23,39.829498,39.454067
2016-08-24,39.680000,39.305977
2016-08-25,39.564999,39.192059
2016-08-26,39.660999,39.287151
2016-08-29,39.791000,39.415936
2016-08-30,39.596001,39.222771
2016-08-31,39.492500,39.120243
2016-09-01,39.570000,39.197010
2016-09-02,39.843498,39.467930
2016-09-06,40.401001,40.020184
2016-09-07,40.399502,40.018692
2016-09-08,40.141998,39.763618
2016-09-09,39.424000,39.052391
2016-09-12,39.941002,39.564518
2016-09-13,39.436001,39.064281
2016-09-14,39.522999,39.150455
2016-09-15,40.061501,39.683884
2016-09-16,39.898499,39.522419
2016-09-19,39.769501,39.394630
2016-09-20,39.988998,39.612061
2016-09-21,40.251499,39.872089
2016-09-22,40.797501,40.412945
2016-09-23,40.748001,40.363911
2016-09-26,40.132500,39.754208
2016-09-27,40.536499,40.154400
2016-09-28,40.502998,40.121220
2016-09-29,40.132000,39.753716
2016-09-30,40.202999,39.824039
2016-10-03,40.019001,39.641785
2016-10-04,40.139500,39.761143
2016-10-05,40.061501,39.683884
2016-10-06,40.153999,39.775509
2016-10-07,40.035500,39.658127
2016-10-10,40.708500,40.324783
2016-10-11,40.478500,40.096954
2016-10-12,40.588501,40.205910
2016-10-13,40.203999,39.825039
2016-10-14,40.230000,39.850792
2016-10-17,40.341999,39.961731
2016-10-18,41.074501,40.687332
2016-10-19,41.341999,40.952312
2016-10-20,41.081501,40.694271
2016-10-21,41.202999,40.814625
2016-10-24,41.786999,41.393112
2016-10-25,41.427502,41.037010
2016-10-26,41.105000,40.717548
2016-10-27,40.867500,40.482288
2016-10-28,40.978001,40.591747
2016-10-31,40.494999,40.113297
2016-11-01,40.273998,39.894379
2016-11-02,39.421001,39.049419
2016-11-03,39.109501,38.740860
2016-11-04,39.055000,38.686863
2016-11-07,40.101501,39.723507
2016-11-08,40.598999,40.216316
2016-11-09,40.279499,39.899826
2016-11-10,39.014500,38.646751
2016-11-11,38.587502,38.223774
2016-11-14,37.660999,37.306011
2016-11-15,38.757999,38.392670
2016-11-16,38.999001,38.631393
2016-11-17,39.307999,38.937477
2016-11-18,38.798500,38.432785
2016-11-21,39.240002,38.870129
2016-11-22,39.250000,38.880035
2016-11-23,38.950001,38.582859
2016-11-25,39.011501,38.643784
2016-11-28,39.289501,38.919159
2016-11-29,39.472000,39.099937
2016-11-30,38.793999,38.428329
2016-12-01,38.216499,37.856270
2016-12-02,38.223000,37.862709
2016-12-05,38.910999,38.544220
2016-12-06,38.808998,38.443192
2016-12-07,39.573502,39.200489
2016-12-08,39.758499,39.383739
2016-12-09,40.472500,40.091000
2016-12-12,40.395000,40.014240
2016-12-13,40.766998,40.382732
2016-12-14,40.894501,40.509029
2016-12-15,40.782501,40.398083
2016-12-16,40.492001,40.110321
2016-12-19,40.625000,40.242073
2016-12-20,40.759998,40.375797
2016-12-21,40.610001,40.227207
2016-12-22,40.484001,40.102402
2016-12-23,40.389999,40.009281
2016-12-27,40.496498,40.114780
2016-12-28,40.228500,39.849300
2016-12-29,40.144001,39.765606
2016-12-30,39.622501,39.249023
2017-01-03,40.400501,40.019691
2017-01-04,40.388500,40.007797
2017-01-05,40.651001,40.267830
2017-01-06,41.260502,40.871578
2017-01-09,41.359001,40.969151
2017-01-10,41.300499,40.911201
2017-01-11,41.493000,41.101887
2017-01-12,41.476501,41.085545
2017-01-13,41.547001,41.155380
2017-01-17,41.373001,40.983017
2017-01-18,41.451000,41.060280
2017-01-19,41.218498,40.829975
2017-01-20,41.408501,41.018185
2017-01-23,42.221500,41.823528
2017-01-24,42.476501,42.076118
2017-01-25,42.922501,42.517914
2017-01-26,42.848999,42.445107
2017-01-27,42.251499,41.853233
2017-01-30,41.191502,40.803230
2017-01-31,41.009499,40.622944
2017-02-01,40.762001,40.377781
2017-02-02,40.912998,40.527348
2017-02-03,41.006500,40.619972
2017-02-06,41.081001,40.693771
2017-02-07,41.461498,41.070686
2017-02-08,41.493999,41.102875
2017-02-09,41.502998,41.111797
2017-02-10,41.742500,41.349045
2017-02-13,41.948002,41.552601
2017-02-14,42.001499,41.605595
2017-02-15,41.866001,41.471375
2017-02-16,42.108501,41.711594
2017-02-17,42.327499,41.928520
2017-02-21,42.463501,42.063240
2017-02-22,42.568001,42.166752
2017-02-23,42.549999,42.148926
2017-02-24,42.390499,41.990925
2017-02-27,42.483501,42.083050
2017-02-28,42.246498,41.848282
2017-03-01,42.837502,42.433712
2017-03-02,42.492500,42.091969
2017-03-03,42.453999,42.053825
2017-03-06,42.363499,41.964184
2017-03-07,42.557499,42.156357
2017-03-08,42.681999,42.279682
2017-03-09,42.891998,42.487705
2017-03-10,43.070499,42.664513
2017-03-13,43.229000,42.821522
2017-03-14,43.295502,42.887402
2017-03-15,43.419498,43.010227
2017-03-16,43.500000,43.089973
2017-03-17,43.618500,43.207348
2017-03-20,43.395500,42.986458
2017-03-21,42.507000,42.106335
2017-03-22,42.490002,42.089493
2017-03-23,41.982498,41.586773
2017-03-24,41.757000,41.363388
2017-03-27,41.925499,41.530308
2017-03-28,42.031502,41.635315
2017-03-29,42.493500,42.092960
2017-03-30,42.473999,42.073643
2017-03-31,42.389999,41.990429
2017-04-03,42.837502,42.433712
2017-04-04,42.628502,42.226685
2017-04-05,42.445499,42.045406
2017-04-06,42.255001,41.856705
2017-04-07,42.105000,41.708122
2017-04-10,42.084999,41.688313
2017-04-11,41.993999,41.598167
2017-04-12,42.073002,41.676418
2017-04-13,42.008999,41.613018
2017-04-17,42.756500,42.353481
2017-04-18,42.699501,42.297024
2017-04-19,42.825500,42.421829
2017-04-20,43.004002,42.598640
2017-04-21,42.947498,42.542675
2017-04-24,43.946499,43.532261
2017-04-25,44.442001,44.023087
2017-04-26,44.457001,44.037952
2017-04-27,44.571999,44.151859
2017-04-28,46.226002,45.790272
2017-05-01,46.640999,46.201355
2017-05-02,46.854500,46.412842
2017-05-03,47.422501,46.975494
2017-05-04,47.736000,47.286041
2017-05-05,47.514000,47.066135
2017-05-08,47.934502,47.482666
2017-05-09,47.835499,47.384609
2017-05-10,47.742001,47.291985
2017-05-11,47.794498,47.343990
2017-05-12,47.757000,47.306847
2017-05-15,47.960999,47.508915
2017-05-16,48.230499,47.775875
2017-05-17,47.108501,46.664463
2017-05-18,47.525002,47.077030
2017-05-19,47.732498,47.282566
2017-05-22,48.203499,47.749130
2017-05-23,48.527500,48.070080
2017-05-24,48.880501,48.419758
2017-05-25,49.592999,49.125538
2017-05-26,49.663502,49.195377
2017-05-30,49.808498,49.339001
2017-05-31,49.354500,48.889286
2017-06-01,49.414501,48.948723
2017-06-02,49.806000,49.336525
2017-06-05,50.194000,49.720875
2017-06-06,49.834000,49.364262
2017-06-07,50.075001,49.602993
2017-06-08,50.214001,49.740681
2017-06-09,48.506001,48.048782
2017-06-12,48.090500,47.637199
2017-06-13,48.525002,48.067604
2017-06-14,48.396500,47.940311
2017-06-15,48.008999,47.556469
2017-06-16,47.931000,47.479202
2017-06-19,48.761002,48.301380
2017-06-20,48.449501,47.992821
2017-06-21,48.929501,48.468288
2017-06-22,48.831001,48.370716
2017-06-23,49.304501,48.839756
2017-06-26,48.604500,48.146355
2017-06-27,47.404499,46.957664
2017-06-28,48.050499,47.597572
2017-06-29,46.890999,46.449005
2017-06-30,46.484001,46.045841
2017-07-03,45.973000,45.539661
2017-07-05,46.612999,46.173626
2017-07-06,46.384499,45.947277
2017-07-07,47.040501,46.597092
2017-07-10,47.549999,47.101788
2017-07-11,47.676498,47.227100
2017-07-12,48.382999,47.926937
2017-07-13,48.442501,47.985878
2017-07-14,48.845501,48.385082
2017-07-17,48.798000,48.338028
2017-07-18,49.347500,48.882347
2017-07-19,49.638500,49.170601
2017-07-20,49.609501,49.141880
2017-07-21,49.692001,49.223602
2017-07-24,49.915501,49.444996
2017-07-25,48.451500,47.994797
2017-07-26,48.265499,47.810547
2017-07-27,47.625500,47.176582
2017-07-28,47.916500,47.464844
2017-07-31,47.275002,46.829388
2017-08-01,47.327999,46.881882
2017-08-02,47.382000,46.935375
2017-08-03,47.014999,46.571838
2017-08-04,47.289501,46.843746
2017-08-07,47.287498,46.841766
2017-08-08,47.209499,46.764500
2017-08-09,47.004002,46.560947
2017-08-10,46.179501,45.744205
2017-08-11,46.504501,46.066154
2017-08-14,46.946499,46.503986
2017-08-15,46.903999,46.461876
2017-08-16,47.213501,46.768463
2017-08-17,46.382999,45.945793
2017-08-18,46.308998,45.872486
2017-08-21,46.043499,45.609489
2017-08-22,47.020000,46.576790
2017-08-23,47.129002,46.684765
2017-08-24,46.844501,46.402946
2017-08-25,46.525002,46.086456
2017-08-28,46.406502,45.969070
2017-08-29,46.787498,46.346478
2017-08-30,47.181499,46.736767
2017-08-31,47.762001,47.311798
2017-09-01,47.599499,47.150826
2017-09-05,47.074001,46.630287
2017-09-06,47.101002,46.657028
2017-09-07,47.494499,47.046814
2017-09-08,47.070499,46.626816
2017-09-11,47.164501,46.719933
2017-09-12,47.332500,46.886349
2017-09-13,47.521999,47.074055
2017-09-14,47.006500,46.563419
2017-09-15,46.764500,46.323692
2017-09-18,46.487499,46.049313
2017-09-19,46.842999,46.401459
2017-09-20,47.376999,46.930424
2017-09-21,47.377499,46.930923
2017-09-22,47.162998,46.718433
2017-09-25,46.714001,46.273674
2017-09-26,46.871498,46.429688
2017-09-27,47.994999,47.542603
2017-09-28,48.240501,47.785786
2017-09-29,48.686001,48.227089
2017-10-02,48.373501,47.917534
2017-10-03,48.604000,48.145859
2017-10-04,48.339001,47.883362
2017-10-05,49.259499,48.795177
2017-10-06,49.681999,49.213699
2017-10-09,49.615501,49.147827
2017-10-10,49.389999,48.924450
2017-10-11,50.282501,49.808540
2017-10-12,50.282501,49.808540
2017-10-13,50.393501,49.918495
2017-10-16,50.467499,49.991791
2017-10-17,50.549999,50.073517
2017-10-18,50.637001,50.159698
2017-10-19,50.091999,49.619835
2017-10-20,50.253502,49.779816
2017-10-23,49.277000,48.812511
2017-10-24,49.424500,48.958626
2017-10-25,49.573002,49.105736
2017-10-26,49.570999,49.103745
2017-10-27,51.683498,51.196327
2017-10-30,51.656502,51.169586
2017-10-31,51.652000,51.165131
2017-11-01,52.130001,51.638626
2017-11-02,52.148499,51.656944
2017-11-03,52.499500,52.004639
2017-11-06,52.133999,51.642586
2017-11-07,52.619499,52.123501
2017-11-08,52.914501,52.415726
2017-11-09,52.386002,51.892212
2017-11-10,52.207500,51.715389
2017-11-13,52.060001,51.569286
2017-11-14,52.082001,51.591076
2017-11-15,51.820499,51.332043
2017-11-16,52.423500,51.929356
2017-11-17,51.794498,51.306290
2017-11-20,51.733002,51.245361
2017-11-21,52.514999,52.019989
2017-11-22,52.596001,52.100227
2017-11-24,52.826000,52.328060
2017-11-27,53.600498,53.095257
2017-11-28,53.164501,52.663364
2017-11-29,51.868999,51.380085
2017-11-30,51.808498,51.320148
2017-12-01,51.253502,50.770386
2017-12-04,50.593498,50.116608
2017-12-05,50.980000,50.499462
2017-12-06,51.636002,51.149277
2017-12-07,52.228500,51.736198
2017-12-08,52.469002,51.974426
2017-12-11,52.598499,52.102711
2017-12-12,52.438499,51.944218
2017-12-13,52.569500,52.073982
2017-12-14,52.873501,52.375114
2017-12-15,53.599998,53.094769
2017-12-18,54.254501,53.743095
2017-12-19,53.988998,53.480106
2017-12-20,53.678001,53.172035
2017-12-21,53.542500,53.037811
2017-12-22,53.443001,52.939243
2017-12-26,53.292500,52.790165
2017-12-27,53.009998,52.510326
2017-12-28,52.797501,52.299835
2017-12-29,52.669998,52.173527
2018-01-02,53.660500,53.154694
2018-01-03,54.576000,54.061573
2018-01-04,54.787998,54.271564
2018-01-05,55.514500,54.991219
2018-01-08,55.710499,55.185371
2018-01-09,55.639500,55.115040
2018-01-10,55.507000,54.983791
2018-01-11,55.602501,55.078388
2018-01-12,56.532501,55.999626
2018-01-16,56.535000,56.002098
2018-01-17,56.955002,56.418148
2018-01-18,56.798500,56.263123
2018-01-19,57.174999,56.636063
2018-01-22,58.208000,57.659328
2018-01-23,58.808498,58.254169
2018-01-24,58.564499,58.012466
2018-01-25,59.106998,58.549854
2018-01-26,59.377998,58.818302
2018-01-29,59.324001,58.764812
2018-01-30,58.868500,58.313602
2018-01-31,59.111000,58.553818
2018-02-01,59.079498,58.522617
2018-02-02,55.959999,55.432526
2018-02-05,53.119499,52.618797
2018-02-06,54.221500,53.710407
2018-02-07,52.770500,52.273087
2018-02-08,50.385502,49.910564
2018-02-09,52.313499,51.820389
2018-02-12,52.728001,52.230988
2018-02-13,52.707001,52.210182
2018-02-14,53.634998,53.129440
2018-02-15,54.568001,54.053642
2018-02-16,54.775002,54.258690
2018-02-20,55.179501,54.659386
2018-02-21,55.687500,55.162586
2018-02-22,55.494999,54.971901
2018-02-23,56.404499,55.872822
2018-02-26,57.185001,56.645973
2018-02-27,55.875500,55.348816
2018-02-28,55.195999,54.675724
2018-03-01,53.570499,53.065544
2018-03-02,54.207001,53.696045
2018-03-05,54.737999,54.222042
2018-03-06,55.044998,54.526146
2018-03-07,55.751999,55.226482
2018-03-08,56.469002,55.936722
2018-03-09,58.042000,57.494896
2018-03-12,58.296501,57.747002
2018-03-13,56.995499,56.458260
2018-03-14,57.444500,56.903030
2018-03-15,57.530499,56.988216
2018-03-16,56.721001,56.186348
2018-03-19,55.003502,54.485039
2018-03-20,54.790001,54.273552
2018-03-21,54.700001,54.184402
2018-03-22,52.657501,52.161152
2018-03-23,51.327499,50.843685
2018-03-26,52.704498,52.207714
2018-03-27,50.347000,49.872433
2018-03-28,50.258999,49.785259
2018-03-29,51.856998,51.368191
2018-04-02,50.631500,50.154255
2018-04-03,50.933998,50.453899
2018-04-04,51.485500,51.000202
2018-04-05,51.632000,51.145309
2018-04-06,50.497501,50.021515
2018-04-09,51.004501,50.523735
2018-04-10,51.825001,51.336502
2018-04-11,51.252998,50.769890
2018-04-12,51.864498,51.375626
2018-04-13,51.801998,51.313705
2018-04-16,52.305000,51.811981
2018-04-17,53.967999,53.459293
2018-04-18,53.769501,53.262665
2018-04-19,54.472500,53.959045
2018-04-20,53.866001,53.358265
2018-04-23,53.690498,53.184410
2018-04-24,51.132000,50.650032
2018-04-25,51.149502,50.667370
2018-04-26,52.165501,51.673790
2018-04-27,51.572498,51.086372
2018-04-30,50.929001,50.448940
2018-05-01,52.037498,51.546989
2018-05-02,51.302502,50.818928
2018-05-03,51.314999,50.831306
2018-05-04,52.549999,52.054661
2018-05-07,52.973000,52.473675
2018-05-08,52.929501,52.430584
2018-05-09,54.447498,53.934273
2018-05-10,55.273499,54.752499
2018-05-11,55.168999,54.648979
2018-05-14,55.330002,54.808468
2018-05-15,54.243500,53.732201
2018-05-16,54.204498,53.693569
2018-05-17,54.063000,53.553406
2018-05-18,53.481998,52.977882
2018-05-21,54.200500,53.689610
2018-05-22,53.765499,53.258701
2018-05-23,54.298000,53.786190
2018-05-24,54.272499,53.760925
2018-05-25,54.203999,53.693069
2018-05-29,53.403500,52.900116
2018-05-30,53.873501,53.365685
2018-05-31,55.000000,54.481571
2018-06-01,56.750000,56.215073
2018-06-04,57.652000,57.108570
2018-06-05,57.550999,57.008522
2018-06-06,57.347500,56.806938
2018-06-07,56.721001,56.186348
2018-06-08,56.635502,56.101650
2018-06-11,57.044998,56.507294
2018-06-12,57.409500,56.868362
2018-06-13,57.211498,56.672226
2018-06-14,58.005501,57.458740
2018-06-15,57.963501,57.417133
2018-06-18,59.179001,58.621181
2018-06-19,58.934502,58.378983
2018-06-20,59.203499,58.645447
2018-06-21,58.472000,57.920841
2018-06-22,58.464500,57.913422
2018-06-25,56.964001,56.427059
2018-06-26,56.631001,56.097202
2018-06-27,55.847000,55.320591
2018-06-28,56.339001,55.807949
2018-06-29,56.459499,55.927311
2018-07-02,57.105499,56.567219
2018-07-03,55.813999,55.287899
2018-07-05,57.064499,56.526611
2018-07-06,57.754002,57.209614
2018-07-09,58.363998,57.813854
2018-07-10,58.356998,57.806931
2018-07-11,58.573002,58.020893
2018-07-12,60.063000,59.496845
2018-07-13,60.221001,59.653355
2018-07-16,59.825500,59.261585
2018-07-17,60.653999,60.082272
2018-07-18,60.645500,60.073868
2018-07-19,59.955002,59.389866
2018-07-20,59.894001,59.329441
2018-07-23,60.549999,59.979259
2018-07-24,62.907501,62.314537
2018-07-25,63.797001,63.195656
2018-07-26,64.275002,63.669144
2018-07-27,62.644501,62.054016
2018-07-30,61.501999,60.922283
2018-07-31,61.361000,60.782608
2018-08-01,61.649502,61.068394
2018-08-02,62.056499,61.471558
2018-08-03,61.908001,61.324455
2018-08-06,61.883499,61.300186
2018-08-07,62.792000,62.200119
2018-08-08,63.066502,62.472042
2018-08-09,63.223000,62.627056
2018-08-10,62.625500,62.035191
2018-08-13,62.431999,61.843510
2018-08-14,62.907001,62.314037
2018-08-15,61.611000,61.030254
2018-08-16,61.202999,60.626099
2018-08-17,60.792500,60.219475
2018-08-20,61.097500,60.521599
2018-08-21,60.870499,60.296726
2018-08-22,61.087502,60.511692
2018-08-23,61.057999,60.482464
2018-08-24,61.837502,61.254623
2018-08-27,62.813499,62.221420
2018-08-28,62.292999,61.705830
2018-08-29,63.232498,62.636471
2018-08-30,62.722000,62.130779
2018-08-31,61.590000,61.009457
2018-09-04,60.565498,59.994606
2018-09-05,59.955002,59.389866
2018-09-06,59.199501,58.641487
2018-09-07,58.879501,58.324493
2018-09-10,58.752998,58.199188
2018-09-11,59.499500,58.938660
2018-09-12,58.580002,58.027821
2018-09-13,59.106998,58.549854
2018-09-14,58.898998,58.343815
2018-09-17,57.991501,57.444874
2018-09-18,58.355499,57.805439
2018-09-19,58.713501,58.160069
2018-09-20,59.578499,59.016918
2018-09-21,58.605999,58.053581
2018-09-24,58.978001,58.422070
2018-09-25,59.694500,59.131821
2018-09-26,59.702999,59.140236
2018-09-27,60.368000,59.798969
2018-09-28,60.354000,59.785099
2018-10-01,60.426498,59.856922
2018-10-02,60.382000,59.812847
2018-10-03,60.576500,60.005505
2018-10-04,58.853500,58.298748
2018-10-05,58.391499,57.841106
2018-10-08,57.796001,57.251209
2018-10-09,57.258499,56.718781
2018-10-10,54.608002,54.093266
2018-10-11,54.536999,54.022930
2018-10-12,56.027000,55.498890
2018-10-15,55.122002,54.602421
2018-10-16,56.653999,56.119984
2018-10-17,56.379501,55.848068
2018-10-18,54.895500,54.378052
2018-10-19,55.258999,54.738129
2018-10-22,55.568501,55.044716
2018-10-23,55.745499,55.220039
2018-10-24,52.855999,52.357777
2018-10-25,55.179501,54.659386
2018-10-26,54.187500,53.676731
2018-10-29,51.736500,51.248833
2018-10-30,52.475498,51.980869
2018-10-31,54.528999,54.015018
2018-11-01,54.299000,53.787178
2018-11-02,53.574501,53.069508
2018-11-05,52.786499,52.288937
2018-11-06,53.478500,52.974419
2018-11-07,55.411999,54.889683
2018-11-08,54.731499,54.215599
2018-11-09,53.851002,53.343403
2018-11-12,52.467999,51.973438
2018-11-13,52.398499,51.904594
2018-11-14,52.729000,52.231968
2018-11-15,53.552502,53.047718
2018-11-16,53.413502,52.910027
2018-11-19,51.370998,50.886776
2018-11-20,51.522499,51.036842
2018-11-21,52.171501,51.679733
2018-11-23,51.505001,51.019516
2018-11-26,52.797001,52.299335
2018-11-27,52.613998,52.118057
2018-11-28,54.589500,54.074936
2018-11-29,54.729000,54.213123
2018-11-30,55.482498,54.959518
2018-12-03,55.818001,55.291862
2018-12-04,53.123501,52.622761
2018-12-06,53.903999,53.395905
2018-12-07,52.328999,51.835751
2018-12-10,52.659000,52.162636
2018-12-11,53.082500,52.582142
2018-12-12,53.686501,53.180450
2018-12-13,53.676998,53.171036
2018-12-14,52.585499,52.089828
2018-12-17,51.282501,50.799110
2018-12-18,52.170502,51.678741
2018-12-19,51.772999,51.284985
2018-12-20,51.179001,50.696590
2018-12-21,49.562500,49.095322
2018-12-24,49.233501,48.769424
2018-12-26,52.392502,51.898651
2018-12-27,52.645000,52.148769
2018-12-28,52.334000,51.840706
2018-12-31,52.248001,51.755512
2019-01-02,52.734001,52.236931
2019-01-03,51.273499,50.790195
2019-01-04,53.903500,53.395405
2019-01-07,53.796001,53.288925
2019-01-08,54.268501,53.756966
2019-01-09,54.082500,53.572720
2019-01-10,53.941502,53.433052
2019-01-11,53.223499,52.721813
2019-01-14,52.575500,52.079926
2019-01-15,54.325500,53.813419
2019-01-16,54.475498,53.962017
2019-01-17,54.956001,54.437988
2019-01-18,55.365002,54.843132
2019-01-22,53.931499,53.423141
2019-01-23,54.220501,53.709423
2019-01-24,54.200001,53.689117
2019-01-25,55.075500,54.556355
2019-01-28,53.993000,53.484058
2019-01-29,53.502998,52.998672
2019-01-30,54.899502,54.382019
2019-01-31,56.294498,55.763859
2019-02-01,55.931000,55.403790
2019-02-04,57.070999,56.533051
2019-02-05,57.593498,57.050621
2019-02-06,56.144501,55.615280
2019-02-07,55.295502,54.774292
2019-02-08,55.118999,54.599449
2019-02-11,55.105999,54.586567
2019-02-12,56.379002,55.847576
2019-02-13,56.431499,55.899570
2019-02-14,56.459999,55.927807
2019-02-15,55.981499,55.453812
2019-02-19,56.325500,55.794579
2019-02-20,56.029499,55.501366
2019-02-21,55.210499,54.690083
2019-02-22,55.827999,55.301765
2019-02-25,55.866501,55.339897
2019-02-26,56.100498,55.571701
2019-02-27,56.144501,55.615280
2019-02-28,56.327499,55.796551
2019-03-01,57.425999,56.884705
2019-03-04,57.671001,57.127399
2019-03-05,58.459499,57.908451
2019-03-06,58.247002,57.697968
2019-03-07,57.542500,57.000111
2019-03-08,57.498501,56.956520
2019-03-11,58.963001,58.407215
2019-03-12,59.862499,59.298233
2019-03-13,59.952999,59.387882
2019-03-14,59.626499,59.064453
2019-03-15,59.514999,58.954014
2019-03-18,59.427502,58.867332
2019-03-19,60.123001,59.556282
2019-03-20,61.321499,60.743477
2019-03-21,61.806499,61.223915
2019-03-22,60.382500,59.813339
2019-03-25,59.868999,59.304680
2019-03-26,59.492001,58.931229
2019-03-27,58.900501,58.345306
2019-03-28,58.613499,58.061008
2019-03-29,58.844501,58.289837
2019-04-01,59.949001,59.383919
2019-04-02,60.277000,59.708824
2019-04-03,60.540501,59.969845
2019-04-04,60.972500,60.397774
2019-04-05,60.572498,60.001545
2019-04-08,60.414001,59.844543
2019-04-09,60.134499,59.567669
2019-04-10,60.322498,59.753902
2019-04-11,60.479500,59.909420
2019-04-12,61.136501,60.560230
2019-04-15,61.326500,60.748436
2019-04-16,61.595501,61.014900
2019-04-17,62.007000,61.422520
2019-04-18,62.073502,61.488396
2019-04-22,62.688000,62.097099
2019-04-23,63.529499,62.930664
2019-04-24,63.002499,62.408638
2019-04-25,63.367001,62.769707
2019-04-26,63.870998,63.268948
2019-04-29,64.809998,64.199089
2019-04-30,59.948002,59.382938
2019-05-01,58.666000,58.113014
2019-05-02,58.325500,57.775726
2019-05-03,59.477501,58.916870
2019-05-06,59.673000,59.110527
2019-05-07,58.943001,58.387402
2019-05-08,58.539001,57.987217
2019-05-09,58.398499,57.848038
2019-05-10,58.382000,57.831696
2019-05-13,56.829498,56.293823
2019-05-14,56.243000,55.712849
2019-05-15,58.540001,57.988205
2019-05-16,59.224998,58.666744
2019-05-17,58.438999,57.888153
2019-05-20,57.233002,56.693520
2019-05-21,57.722000,57.177914
2019-05-22,57.792500,57.247746
2019-05-23,57.266998,56.727203
2019-05-24,56.930500,56.393871
2019-05-28,56.978001,56.440929
2019-05-29,55.997002,55.469177
2019-05-30,56.070499,55.541981
2019-05-31,55.325001,54.803509
2019-06-03,51.937000,51.447441
2019-06-04,52.724499,52.227520
2019-06-05,52.231998,51.739662
2019-06-06,52.388000,51.894196
2019-06-07,53.418499,52.914982
2019-06-10,54.138000,53.627693
2019-06-11,54.051998,53.542507
2019-06-12,53.955002,53.446415
2019-06-13,54.550499,54.036304
2019-06-14,54.314999,53.803024
2019-06-17,54.694500,54.178951
2019-06-18,55.262001,54.741100
2019-06-19,55.225498,54.704941
2019-06-20,55.660000,55.135353
2019-06-21,56.268501,55.738113
2019-06-24,55.834999,55.308701
2019-06-25,54.379002,53.866428
2019-06-26,54.015999,53.506844
2019-06-27,53.831501,53.324085
2019-06-28,54.139999,53.629677
2019-07-01,55.000000,54.481571
2019-07-02,55.630001,55.105633
2019-07-03,56.149502,55.620235
2019-07-05,56.633499,56.099674
2019-07-08,55.839500,55.313160
2019-07-09,56.214500,55.684620
2019-07-10,57.045502,56.507786
2019-07-11,57.203999,56.664799
2019-07-12,57.266998,56.727203
2019-07-15,57.525501,56.983269
2019-07-16,57.673000,57.129375
2019-07-17,57.337002,56.796547
2019-07-18,57.362000,56.821304
2019-07-19,56.577499,56.044205
2019-07-22,56.960499,56.423592
2019-07-23,57.402500,56.861423
2019-07-24,56.986500,56.449352
2019-07-25,56.797001,56.261627
2019-07-26,62.261002,61.674129
2019-07-29,62.091999,61.506714
2019-07-30,61.400002,60.821247
2019-07-31,60.910000,60.335861
2019-08-01,60.589001,60.017883
2019-08-02,59.816002,59.252178
2019-08-05,57.737499,57.193268
2019-08-06,58.554001,58.002068
2019-08-07,58.795502,58.241295
2019-08-08,60.309502,59.741028
2019-08-09,59.445000,58.884674
2019-08-12,58.724998,58.171459
2019-08-13,59.836498,59.272480
2019-08-14,58.212502,57.663792
2019-08-15,58.466000,57.914890
2019-08-16,58.960499,58.404739
2019-08-19,60.021999,59.456234
2019-08-20,59.176498,58.618702
2019-08-21,59.578999,59.017410
2019-08-22,59.576000,59.014435
2019-08-23,57.679001,57.135323
2019-08-26,58.558998,58.007027
2019-08-27,58.541000,57.989189
2019-08-28,58.687500,58.134308
2019-08-29,59.712002,59.149155
2019-08-30,59.526501,58.965401
2019-09-03,58.477501,57.926289
2019-09-04,59.113499,58.556297
2019-09-05,60.609501,60.038197
2019-09-06,60.316002,59.747471
2019-09-09,60.263500,59.695454
2019-09-10,60.285000,59.716751
2019-09-11,61.000000,60.425011
2019-09-12,61.748501,61.166462
2019-09-13,62.001499,61.417068
2019-09-16,61.581501,61.001034
2019-09-17,61.493999,60.914352
2019-09-18,61.632500,61.051556
2019-09-19,61.937500,61.353676
2019-09-20,61.492001,60.912373
2019-09-23,61.734501,61.152592
2019-09-24,60.916500,60.342297
2019-09-25,62.297001,61.709793
2019-09-26,62.114498,61.529003
2019-09-27,61.297501,60.719707
2019-09-30,61.056999,60.481472
2019-10-01,60.299999,59.731617
2019-10-02,58.896000,58.340843
2019-10-03,59.471500,58.910927
2019-10-04,60.548000,59.977272
2019-10-07,60.412498,59.843048
2019-10-08,59.506500,58.945591
2019-10-09,60.119999,59.553303
2019-10-10,60.473499,59.903473
2019-10-11,60.785500,60.212536
2019-10-14,60.888500,60.314568
2019-10-15,62.112000,61.526535
2019-10-16,62.150002,61.564175
2019-10-17,62.639999,62.049561
2019-10-18,62.220501,61.634014
2019-10-21,62.214001,61.627571
2019-10-22,62.060001,61.475025
2019-10-23,62.881500,62.288780
2019-10-24,62.955502,62.362087
2019-10-25,63.215000,62.619141
2019-10-28,64.448997,63.841499
2019-10-29,63.033001,62.438858
2019-10-30,63.035000,62.440830
2019-10-31,62.939999,62.346725
2019-11-01,63.612499,63.012890
2019-11-04,64.480499,63.872707
2019-11-05,64.571999,63.963348
2019-11-06,64.550499,63.942055
2019-11-07,65.347000,64.731041
2019-11-08,65.449997,64.833061
2019-11-11,64.914001,64.302124
2019-11-12,64.860497,64.249107
2019-11-13,64.808998,64.198097
2019-11-14,65.457497,64.840492
2019-11-15,66.677002,66.048500
2019-11-18,65.991997,65.369965
2019-11-19,65.629501,65.010880
2019-11-20,65.093002,64.479439
2019-11-21,65.007004,64.394249
2019-11-22,64.683502,64.073799
2019-11-25,65.281998,64.666664
2019-11-26,65.650002,65.031181
2019-11-27,65.606499,64.988106
2019-11-29,65.204498,64.589874
2019-12-02,64.443001,63.835560
2019-12-03,64.737000,64.126793
2019-12-04,65.946999,65.325394
2019-12-05,66.348000,65.722610
2019-12-06,66.969498,66.338234
2019-12-09,67.149498,66.516533
2019-12-10,67.144501,66.511597
2019-12-11,67.212502,66.578957
2019-12-12,67.424500,66.788948
2019-12-13,67.343498,66.708725
2019-12-16,68.035004,67.393700
2019-12-17,67.744499,67.105942
2019-12-18,67.595497,66.958344
2019-12-19,67.821999,67.182716
2019-12-20,67.560997,66.924171
2019-12-23,67.531502,66.894936
2019-12-24,67.221497,66.587875
2019-12-26,68.123497,67.481354
2019-12-27,67.732002,67.093567
2019-12-30,66.985497,66.354095
2019-12-31,66.969498,66.338234
2020-01-02,68.433998,67.788948
2020-01-03,68.075996,67.434311
2020-01-06,69.890503,69.231720
2020-01-07,69.755501,69.098000
2020-01-08,70.251999,69.589806
2020-01-09,70.989502,70.320358
2020-01-10,71.447998,70.774529
2020-01-13,72.001503,71.322823
2020-01-14,71.529503,70.855263
2020-01-15,71.959999,71.281700
2020-01-16,72.508003,71.824539
2020-01-17,73.975998,73.278702
2020-01-21,74.112503,73.413933
2020-01-22,74.193497,73.494148
2020-01-23,74.234497,73.534760
2020-01-24,73.308502,72.617493
2020-01-27,71.586502,70.911736
2020-01-28,72.525002,71.841393
2020-01-29,72.834999,72.148460
2020-01-30,72.712502,72.027115
2020-01-31,71.639000,70.963722
2020-02-03,74.129997,73.431252
2020-02-04,72.270500,71.589279
2020-02-05,72.302498,71.620979
2020-02-06,73.798500,73.102867
2020-02-07,73.955498,73.258400
2020-02-10,75.432999,74.721970
2020-02-11,75.502998,74.791313
2020-02-12,75.931503,75.215775
2020-02-13,75.669502,74.956238
2020-02-14,75.936501,75.220734
2020-02-18,75.972000,75.255898
2020-02-19,76.243500,75.524826
2020-02-20,75.849503,75.134544
2020-02-21,74.172997,73.473846
2020-02-24,70.992996,70.323814
2020-02-25,69.316002,68.662621
2020-02-26,69.523499,68.868179
2020-02-27,65.747498,65.127762
2020-02-28,66.962502,66.331314
2020-03-02,69.316002,68.662621
2020-03-03,66.886002,66.255539
2020-03-04,69.080002,68.428864
2020-03-05,65.737999,65.118355
2020-03-06,64.787003,64.176323
2020-03-09,60.789501,60.216503
2020-03-10,63.758499,63.157516
2020-03-11,60.544998,59.974297
2020-03-12,55.577499,55.053627
2020-03-13,60.713501,60.141212
2020-03-16,53.650002,53.144291
2020-03-17,55.903000,55.376057
2020-03-18,54.559502,54.045219
2020-03-19,55.583500,55.059574
2020-03-20,53.410500,52.907047
2020-03-23,52.706501,52.209686
2020-03-24,56.500500,55.967926
2020-03-25,55.081001,54.561806
2020-03-26,58.146000,57.597916
2020-03-27,55.513000,54.989731
2020-03-30,57.315498,56.775238
2020-03-31,58.097500,57.549877
2020-04-01,55.105000,54.585579
2020-04-02,55.851501,55.325047
2020-04-03,54.634998,54.120014
2020-04-06,59.159500,58.601864
2020-04-07,59.127998,58.570660
2020-04-08,60.349998,59.781147
2020-04-09,60.328499,59.759846
2020-04-13,60.520500,59.950031
2020-04-14,63.261501,62.665203
2020-04-15,62.865002,62.272438
2020-04-16,62.871498,62.278870
2020-04-17,63.950001,63.347206
2020-04-20,63.057499,62.463116
2020-04-21,60.608002,60.036709
2020-04-22,62.920502,62.327412
2020-04-23,63.558498,62.959393
2020-04-24,63.830002,63.228340
2020-04-27,63.542999,62.944042
2020-04-28,61.629501,61.048580
2020-04-29,67.109001,66.476433
2020-04-30,67.334999,66.700302
2020-05-01,65.865997,65.245148
2020-05-04,66.144997,65.521515
2020-05-05,67.450996,66.815208
2020-05-06,67.271500,66.637390
2020-05-07,68.463997,67.818642
2020-05-08,69.217003,68.564552
2020-05-11,70.179497,69.517982
2020-05-12,68.759003,68.110886
2020-05-13,67.416496,66.781036
2020-05-14,67.843002,67.203506
2020-05-15,68.653000,68.005882
2020-05-18,69.259003,68.606155
2020-05-19,68.720001,68.072243
2020-05-20,70.458000,69.793854
2020-05-21,70.337502,69.674507
2020-05-22,70.662003,69.995949
2020-05-26,71.068497,70.398605
2020-05-27,71.014000,70.344612
2020-05-28,70.912003,70.243584
2020-05-29,71.676003,71.000389
2020-06-01,71.743500,71.067238
2020-06-02,72.115501,71.435730
2020-06-03,71.962502,71.284180
2020-06-04,70.714996,70.048431
2020-06-05,72.000999,71.322319
2020-06-08,72.402000,71.719543
2020-06-09,72.603996,71.919624
2020-06-10,73.235001,72.544685
2020-06-11,70.095001,69.434280
2020-06-12,70.646004,69.980095
2020-06-15,71.037003,70.367416
2020-06-16,72.323502,71.641769
2020-06-17,72.626999,71.942413
2020-06-18,71.706001,71.030098
2020-06-19,71.232002,70.560562
2020-06-22,72.532997,71.849304
2020-06-23,73.198997,72.509026
2020-06-24,71.635002,70.959778
2020-06-25,72.055000,71.375824
2020-06-26,68.126999,67.484840
2020-06-29,69.858498,69.200012
2020-06-30,70.902496,70.234177
2020-07-01,72.099998,71.420387
2020-07-02,73.496498,72.803726
2020-07-06,74.982498,74.275711
2020-07-07,74.496002,73.793800
2020-07-08,75.180000,74.471359
2020-07-09,75.932999,75.217255
2020-07-10,76.950500,76.225166
2020-07-13,75.611504,74.898796
2020-07-14,76.042999,75.326210
2020-07-15,75.844002,75.129089
2020-07-16,75.746002,75.032021
2020-07-17,75.842499,75.127602
2020-07-20,78.192001,77.454956
2020-07-21,77.795998,77.062698
2020-07-22,78.242500,77.504982
2020-07-23,75.837502,75.122658
2020-07-24,75.410500,74.699699
2020-07-27,76.471497,75.750671
2020-07-28,75.182503,74.473831
2020-07-29,76.175499,75.457474
2020-07-30,76.918503,76.193466
2020-07-31,74.397499,73.696228
2020-08-03,74.138000,73.439186
2020-08-04,73.665001,72.970634
2020-08-05,73.954498,73.257408
2020-08-06,75.247498,74.538208
2020-08-07,74.918503,74.212318
2020-08-10,74.841003,74.135551
2020-08-11,74.027000,73.329216
2020-08-12,75.362000,74.651634
2020-08-13,75.832497,75.117699
2020-08-14,75.231499,74.522377
2020-08-17,75.811996,75.097389
2020-08-18,77.789001,77.055756
2020-08-19,77.230499,76.502518
2020-08-20,78.812500,78.069611
2020-08-21,78.778503,78.035934
2020-08-24,79.257500,78.510422
2020-08-25,80.292503,79.535667
2020-08-26,82.206497,81.431618
2020-08-27,81.426003,80.658478
2020-08-28,81.971497,81.198830
2020-08-31,81.476501,80.708504
2020-09-01,82.753998,81.973969
2020-09-02,85.869499,85.060089
2020-09-03,81.475502,80.707512
2020-09-04,79.060501,78.315269
2020-09-08,76.180000,75.461929
2020-09-09,77.361504,76.632301
2020-09-10,76.302498,75.583267
2020-09-11,75.788002,75.073608
2020-09-14,75.441498,74.730377
2020-09-15,76.755997,76.032486
2020-09-16,75.604500,74.891853
2020-09-17,74.351997,73.651161
2020-09-18,72.554497,71.870598
2020-09-21,71.507004,70.832977
2020-09-22,72.990997,72.302986
2020-09-23,70.469498,69.805244
2020-09-24,71.142998,70.472404
2020-09-25,71.953003,71.274773
2020-09-28,72.932999,72.245522
2020-09-29,73.301003,72.610077
2020-09-30,73.279999,72.589249
2020-10-01,74.394997,73.693741
2020-10-02,72.779999,72.093971
2020-10-05,74.141502,73.442635
2020-10-06,72.551003,71.867126
2020-10-07,72.957001,72.269310
2020-10-08,74.171501,73.472359
2020-10-09,75.522499,74.810623
2020-10-12,78.229500,77.492096
2020-10-13,78.353500,77.614944
2020-10-14,78.171997,77.435150
2020-10-15,77.773499,77.040405
2020-10-16,78.385002,77.646133
2020-10-19,76.497498,75.776428
2020-10-20,77.554001,76.822983
2020-10-21,79.299500,78.552025
2020-10-22,80.333000,79.575783
2020-10-23,81.649002,80.879379
2020-10-26,79.214500,78.467819
2020-10-27,79.944000,79.190445
2020-10-28,75.540001,74.827957
2020-10-29,77.844002,77.110252
2020-10-30,80.805496,80.043808
2020-11-02,81.216003,80.450470
2020-11-03,82.282997,81.507401
2020-11-04,87.292503,86.469696
2020-11-05,88.125000,87.294327
2020-11-06,87.986504,87.157150
2020-11-09,88.070999,87.240845
2020-11-10,86.886002,86.067024
2020-11-11,87.361504,86.538033
2020-11-12,87.140999,86.319626
2020-11-13,88.612999,87.777740
2020-11-16,88.701500,87.865410
2020-11-17,88.083000,87.252724
2020-11-18,87.031998,86.211639
2020-11-19,87.928497,87.099670
2020-11-20,86.819000,86.000633
2020-11-23,86.377998,85.563797
2020-11-24,88.195000,87.363670
2020-11-25,88.206497,87.375069
2020-11-27,89.350998,88.508774
2020-11-30,87.720001,86.893158
2020-12-01,89.767998,88.921837
2020-12-02,91.248497,90.388397
2020-12-03,91.092003,90.233360
2020-12-04,91.188004,90.328476
2020-12-07,90.851501,89.995125
2020-12-08,90.566498,89.712822
2020-12-09,88.892998,88.055092
2020-12-10,88.382500,87.549400
2020-12-11,88.739998,87.903534
2020-12-14,87.612999,86.787155
2020-12-15,88.054001,87.223999
2020-12-16,87.859497,87.031334
2020-12-17,87.025497,86.205200
2020-12-18,86.310997,85.497429
2020-12-21,86.727997,85.910492
2020-12-22,86.011002,85.200264
2020-12-23,86.411499,85.596985
2020-12-24,86.708000,85.890694
2020-12-28,88.697998,87.861931
2020-12-29,87.888000,87.059555
2020-12-30,86.812500,85.994209
2020-12-31,87.632004,86.805992
2021-01-04,86.306503,85.492973
2021-01-05,87.002502,86.182411
2021-01-06,86.143997,85.332001
2021-01-07,88.717003,87.880760
2021-01-08,89.891502,89.044182
2021-01-11,87.814499,86.986755
2021-01-12,86.871498,86.052643
2021-01-13,87.362503,86.539032
2021-01-14,86.545998,85.730217
2021-01-15,86.380997,85.566772
2021-01-19,89.223503,88.382484
2021-01-20,94.003502,93.117416
2021-01-21,94.207497,93.319496
2021-01-22,94.627998,93.736046
2021-01-25,94.713997,93.821220
2021-01-26,95.397499,94.498291
2021-01-27,90.946999,90.089737
2021-01-28,92.660004,91.786591
2021-01-29,91.367996,90.506767
2021-02-01,94.653503,93.761307
2021-02-02,95.956001,95.051514
2021-02-03,102.944000,101.973656
2021-02-04,102.681503,101.713623
2021-02-05,104.441498,103.457024
2021-02-08,104.225998,103.243561
2021-02-09,103.769501,102.791367
2021-02-10,104.323997,103.340630
2021-02-11,104.437500,103.453072
2021-02-12,104.751503,103.764114
2021-02-16,105.535004,104.540237
2021-02-17,105.931000,104.932495
2021-02-18,105.290497,104.298035
2021-02-19,104.440498,103.456039
2021-02-22,102.712997,101.744820
2021-02-23,103.005997,102.035057
2021-02-24,104.190498,103.208397
2021-02-25,100.797501,99.847389
2021-02-26,101.095497,100.142563
2021-03-01,103.483002,102.507576
2021-03-02,103.223999,102.250999
2021-03-03,100.570503,99.622528
2021-03-04,101.696503,100.737907
2021-03-05,104.853500,103.865143
2021-03-08,100.375000,99.428871
2021-03-09,102.017998,101.056374
2021-03-10,101.809502,100.849831
2021-03-11,105.027000,104.037025
2021-03-12,102.500000,101.533829
2021-03-15,102.722000,101.753746
2021-03-16,104.194504,103.212357
2021-03-17,104.111000,103.129646
2021-03-18,101.067001,100.114342
2021-03-19,101.348000,100.392700
2021-03-22,101.534500,100.577446
2021-03-23,102.066498,101.104424
2021-03-24,101.626503,100.668579
2021-03-25,101.623001,100.665092
2021-03-26,101.236504,100.282249
2021-03-29,102.289497,101.325310
2021-03-30,102.323502,101.359001
2021-03-31,103.125999,102.153931
2021-04-01,106.488998,105.485245
2021-04-05,110.947998,109.902191
2021-04-06,110.462997,109.421768
2021-04-07,111.951500,110.896248
2021-04-08,112.521500,111.460869
2021-04-09,113.533501,112.463333
2021-04-12,112.231003,111.173103
2021-04-13,112.721497,111.658974
2021-04-14,112.095497,111.038895
2021-04-15,114.262497,113.185463
2021-04-16,114.137497,113.061630
2021-04-19,114.487999,113.408844
2021-04-20,113.950500,112.876396
2021-04-21,113.917503,112.843704
2021-04-22,112.625999,111.564392
2021-04-23,114.996498,113.912544
2021-04-26,115.496498,114.407837
2021-04-27,114.549004,113.469261
2021-04-28,117.952003,116.840179
2021-04-29,119.638000,118.510300
2021-04-30,117.675003,116.565796
2021-05-03,117.153999,116.049698
2021-05-04,115.341499,114.254295
2021-05-05,115.738503,114.647545
2021-05-06,116.867500,115.765900
2021-05-07,117.596497,116.488029
2021-05-10,114.587502,113.507408
2021-05-11,113.502998,112.433128
2021-05-12,110.012497,108.975517
2021-05-13,111.452003,110.401459
2021-05-14,113.918999,112.845200
2021-05-17,114.445999,113.367233
2021-05-18,113.123497,112.057182
2021-05-19,113.574997,112.504448
2021-05-20,115.347504,114.260246
2021-05-21,114.706497,113.625275
2021-05-24,118.052002,116.939240
2021-05-25,118.143501,117.029877
2021-05-26,119.015503,117.893669
2021-05-27,118.134003,117.020477
2021-05-28,117.842499,116.731720
2021-06-01,119.058998,117.936745
2021-06-02,118.529503,117.412239
2021-06-03,117.378998,116.272583
2021-06-04,119.678497,118.550400
2021-06-07,120.114998,118.982796
2021-06-08,119.921997,118.791611
2021-06-09,120.397003,119.262146
2021-06-10,121.756500,120.608818
2021-06-11,121.510002,120.364655
2021-06-14,122.445503,121.291336
2021-06-15,121.419502,120.275017
2021-06-16,120.772499,119.634102
2021-06-17,121.743500,120.595947
2021-06-18,120.111000,118.978828
2021-06-21,121.812500,120.664299
2021-06-22,122.330498,121.177406
2021-06-23,122.126999,120.975822
2021-06-24,122.500000,121.345322
2021-06-25,122.508499,121.353737
2021-06-28,122.536003,121.380981
2021-06-29,122.272499,121.119957
2021-06-30,122.089500,120.938675
2021-07-01,122.444504,121.290344
2021-07-02,125.257500,124.076820
2021-07-06,126.190002,125.000542
2021-07-07,126.473999,125.281860
2021-07-08,125.043999,123.865334
2021-07-09,125.518501,124.335365
2021-07-12,126.975502,125.778625
2021-07-13,127.341499,126.141174
2021-07-14,128.237000,127.028244
2021-07-15,127.004997,125.807854
2021-07-16,126.970001,125.773186
2021-07-19,124.578003,123.403717
2021-07-20,126.209503,125.019852
2021-07-21,127.549004,126.346725
2021-07-22,128.421494,127.210991
2021-07-23,133.014999,131.761185
2021-07-26,134.035004,132.771606
2021-07-27,131.899994,130.656693
2021-07-28,136.093994,134.811172
2021-07-29,135.777496,134.497681
2021-07-30,134.726501,133.456558
2021-08-02,134.854507,133.583389
2021-08-03,135.630005,134.351547
2021-08-04,135.125504,133.851822
2021-08-05,136.251495,134.967209
2021-08-06,135.738495,134.459030
2021-08-09,136.912994,135.622452
2021-08-10,136.807007,135.517441
2021-08-11,136.279007,134.994431
2021-08-12,137.194000,135.900818
2021-08-13,137.727493,136.429260
2021-08-16,138.309494,137.005783
2021-08-17,136.661499,135.373306
2021-08-18,135.449005,134.172256
2021-08-19,135.679993,134.401062
2021-08-20,137.429504,136.134079
2021-08-23,140.041504,138.721466
2021-08-24,141.261505,139.929962
2021-08-25,142.078995,140.739731
2021-08-26,141.440506,140.107285
2021-08-27,144.003998,142.646637
2021-08-30,144.590500,143.227585
2021-08-31,144.697495,143.333557
2021-09-01,145.215500,143.846680
2021-09-02,143.287003,141.936386
2021-09-03,143.739502,142.384613
2021-09-07,144.280502,142.920517
2021-09-08,143.690994,142.336548
2021-09-09,143.541000,142.187973
2021-09-10,140.876007,139.548111
2021-09-13,142.332504,140.990875
2021-09-14,142.544495,141.200867
2021-09-15,144.429504,143.068130
2021-09-16,143.610001,142.256317
2021-09-17,140.800003,139.472809
2021-09-20,138.719498,137.411942
2021-09-21,139.033005,137.722504
2021-09-22,140.283493,138.961166
2021-09-23,141.216003,139.884872
2021-09-24,142.214996,140.874481
2021-09-27,141.072006,139.742264
2021-09-28,135.830002,134.549667
2021-09-29,134.353500,133.087082
2021-09-30,133.675995,132.415970
2021-10-01,136.542999,135.255951
2021-10-04,133.659500,132.399643
2021-10-05,136.022995,134.740845
2021-10-06,137.565002,136.268326
2021-10-07,139.225006,137.912659
2021-10-08,139.785507,138.467865
2021-10-11,138.914001,137.604599
2021-10-12,136.449005,135.162827
2021-10-13,137.582001,136.285141
2021-10-14,141.151001,139.820511
2021-10-15,141.367996,140.035446
2021-10-18,142.778000,141.432190
2021-10-19,143.237000,141.886841
2021-10-20,141.768997,140.432709
2021-10-21,141.886002,140.548599
2021-10-22,137.566498,136.269821
2021-10-25,137.447006,136.151443
2021-10-26,139.308502,137.995392
2021-10-27,146.217499,144.839249
2021-10-28,145.848999,144.474228
2021-10-29,148.046005,146.650513
2021-11-01,143.496994,142.144394
2021-11-02,145.432495,144.061646
2021-11-03,146.598007,145.216187
2021-11-04,148.267502,146.869919
2021-11-05,148.852005,147.448914
2021-11-08,149.031006,147.626205
2021-11-09,148.918503,147.514816
2021-11-10,145.893494,144.518295
2021-11-11,145.766495,144.392532
2021-11-12,148.677994,147.276535
2021-11-15,148.451996,147.052689
2021-11-16,147.876007,146.482117
2021-11-17,148.046997,146.651489
2021-11-18,149.838501,148.426132
2021-11-19,148.926498,147.522705
2021-11-22,146.302002,144.922989
2021-11-23,145.781998,144.407867
2021-11-24,146.119995,144.742661
2021-11-26,142.182999,140.842773
2021-11-29,145.530502,144.158752
2021-11-30,141.897507,140.559982
2021-12-01,141.051498,139.721939
2021-12-02,142.966003,141.618408
2021-12-03,142.001495,140.662979
2021-12-06,143.154999,141.805603
2021-12-07,147.269501,145.881332
2021-12-08,148.186493,146.789688
2021-12-09,147.638504,146.246872
2021-12-10,148.001495,146.606415
2021-12-13,145.826508,144.451935
2021-12-14,143.906998,142.550522
2021-12-15,146.440994,145.060638
2021-12-16,144.445007,143.083466
2021-12-17,141.725006,140.389099
2021-12-20,141.606995,140.272217
2021-12-21,143.472504,142.120148
2021-12-22,146.414993,145.034882
2021-12-23,146.916504,145.531662
2021-12-27,147.906494,146.512314
2021-12-28,146.686996,145.304337
2021-12-29,146.654999,145.272629
2021-12-30,146.200500,144.822403
2021-12-31,144.852005,143.486633
2022-01-03,144.991501,143.624817
2022-01-04,144.399506,143.038406
2022-01-05,137.774994,136.476318
2022-01-06,137.747498,136.449066
2022-01-07,137.016998,135.725479
2022-01-10,138.669495,137.362411
2022-01-11,139.735992,138.418839
2022-01-12,141.430496,140.097351
2022-01-13,138.587006,137.280685
2022-01-14,139.480499,138.165741
2022-01-18,135.998001,134.716110
2022-01-19,135.116501,133.842880
2022-01-20,133.307495,132.050934
2022-01-21,130.351501,129.122818
2022-01-24,130.804001,129.571045
2022-01-25,126.934998,125.738518
2022-01-26,129.233002,128.014847
2022-01-27,129.005005,127.788986
2022-01-28,133.350998,132.094040
2022-01-31,135.303497,134.028122
2022-02-01,137.643997,136.346573
2022-02-02,148.000000,146.604935
2022-02-03,143.089996,141.741226
2022-02-04,143.292999,141.942307
2022-02-07,139.201004,137.888885
2022-02-08,139.399002,138.085022
2022-02-09,141.591995,140.257355
2022-02-10,138.619995,137.313354
2022-02-11,134.282501,133.016769
2022-02-14,135.526001,134.248505
2022-02-15,136.608505,135.320831
2022-02-16,137.738007,136.439713
2022-02-17,132.539001,131.289673
2022-02-18,130.403000,129.173813
2022-02-22,129.813507,128.589890
2022-02-23,127.587997,126.385353
2022-02-24,132.690994,131.440247
2022-02-25,134.459503,133.192078
2022-02-28,135.057007,133.783981
2022-03-01,134.061493,132.797821
2022-03-02,134.571503,133.303040
2022-03-03,133.899506,132.637375
2022-03-04,131.906494,130.663147
2022-03-07,126.378502,125.187256
2022-03-08,127.104500,125.906410
2022-03-09,133.419998,132.162384
2022-03-10,132.429504,131.181229
2022-03-11,129.870499,128.646362
2022-03-14,125.950996,124.763779
2022-03-15,129.197998,127.980209
2022-03-16,133.280502,132.024200
2022-03-17,133.839005,132.577438
2022-03-18,136.125504,134.842377
2022-03-21,136.101501,134.818604
2022-03-22,139.867996,138.549606
2022-03-23,138.275497,136.972107
2022-03-24,141.572006,140.237549
2022-03-25,141.673004,140.337585
2022-03-28,141.455505,140.122116
2022-03-29,142.505493,141.162262
2022-03-30,141.938507,140.600601
2022-03-31,139.067505,137.756653
2022-04-01,140.150497,138.829422
2022-04-04,142.971497,141.623840
2022-04-05,140.591003,139.265778
2022-04-06,136.548004,135.260895
2022-04-07,135.888504,134.607620
2022-04-08,133.287506,132.031143
2022-04-11,128.823502,127.609222
2022-04-12,127.714500,126.510666
2022-04-13,129.893997,128.669617
2022-04-14,126.730003,125.535454
2022-04-18,127.676498,126.473022
2022-04-19,130.009003,128.783539
2022-04-20,128.039993,126.833076
2022-04-21,124.814499,123.638008
2022-04-22,119.635498,118.507820
2022-04-25,123.073997,121.913918
2022-04-26,118.650002,117.531609
2022-04-27,114.294502,113.217171
2022-04-28,118.522499,117.405304
2022-04-29,114.109497,113.033897
2022-05-02,116.583000,115.484085
2022-05-03,117.334000,116.228012
2022-05-04,122.261002,121.108574
2022-05-05,116.505501,115.407318
2022-05-06,115.746498,114.655464
2022-05-09,112.511002,111.450478
2022-05-10,114.394997,113.316719
2022-05-11,113.602501,112.531693
2022-05-12,112.844002,111.780342
2022-05-13,116.050499,114.956604
2022-05-16,114.445000,113.366234
2022-05-17,116.473000,115.375122
2022-05-18,111.899498,110.844734
2022-05-19,110.384003,109.343521
2022-05-20,108.907997,107.881424
2022-05-23,111.487999,110.437111
2022-05-24,105.970001,104.971123
2022-05-25,105.805000,104.807686
2022-05-26,107.792503,106.776451
2022-05-27,112.316498,111.257805
2022-05-31,113.762001,112.689682
2022-06-01,113.891998,112.818443
2022-06-02,117.622498,116.513786
2022-06-03,114.541000,113.461334
2022-06-06,116.820503,115.719353
2022-06-07,117.149498,116.045250
2022-06-08,117.194000,116.089333
2022-06-09,114.835503,113.753052
2022-06-10,111.161499,110.113686
2022-06-13,106.392502,105.389648
2022-06-14,106.715500,105.709595
2022-06-15,109.764503,108.729851
2022-06-16,106.033501,105.034027
2022-06-17,107.143501,106.133583
2022-06-21,111.543999,110.492584
2022-06-22,111.487503,110.436615
2022-06-23,112.241997,111.184006
2022-06-24,117.974998,116.862961
2022-06-27,115.833504,114.741661
2022-06-28,112.007500,110.951721
2022-06-29,111.701500,110.648605
2022-06-30,108.962997,107.935921
2022-07-01,108.737503,107.712540
2022-07-05,113.263000,112.195389
2022-07-06,114.571999,113.492035
2022-07-07,118.782997,117.663353
2022-07-08,119.353500,118.228470
2022-07-11,115.676498,114.586128
2022-07-12,114.020500,112.945740
2022-07-13,111.353500,110.303886
2022-07-14,110.367500,109.327171
2022-07-15,111.777496,110.723885
2022-07-18,109.029999,108.002289
2022-07-19,113.809998,112.737213
2022-07-20,113.900002,112.826370
2022-07-21,114.339996,113.262230
2022-07-22,107.900002,106.882927
2022-07-25,107.510002,106.496613
2022-07-26,105.019997,104.030083
2022-07-27,113.059998,111.994293
2022-07-28,114.220001,113.143364
2022-07-29,116.320000,115.223564
2022-08-01,114.860001,113.777328
2022-08-02,115.129997,114.044785
2022-08-03,118.080002,116.966980
2022-08-04,118.190002,117.075935
2022-08-05,117.470001,116.362724
2022-08-08,117.300003,116.194336
2022-08-09,116.629997,115.530655
2022-08-10,119.699997,118.571693
2022-08-11,118.839996,117.719818
2022-08-12,121.680000,120.533043
2022-08-15,122.080002,120.929276
2022-08-16,121.699997,120.552856
2022-08-17,119.550003,118.423126
2022-08-18,120.169998,119.037277
2022-08-19,117.209999,116.105179
2022-08-22,114.239998,113.163177
2022-08-23,113.860001,112.786751
2022-08-24,113.690002,112.618362
2022-08-25,116.650002,115.550461
2022-08-26,110.339996,109.299942
2022-08-29,109.419998,108.388611
2022-08-30,108.940002,107.913139
2022-08-31,108.220001,107.199921
2022-09-01,109.739998,108.705589
2022-09-02,107.849998,106.833412
2022-09-06,106.809998,105.803207
2022-09-07,109.449997,108.418320
2022-09-08,108.379997,107.358398
2022-09-09,110.650002,109.607018
2022-09-12,110.860001,109.815033
2022-09-13,104.320000,103.336693
2022-09-14,105.000000,104.010269
2022-09-15,102.910004,101.939972
2022-09-16,102.800003,101.831017
2022-09-19,103.070000,102.098457
2022-09-20,101.139999,100.186653
2022-09-21,99.279999,98.344200
2022-09-22,100.139999,99.196083
2022-09-23,98.739998,97.809273
2022-09-26,98.169998,97.244644
2022-09-27,97.500000,96.580971
2022-09-28,100.050003,99.106926
2022-09-29,97.419998,96.501724
2022-09-30,95.650002,94.748405
2022-10-03,98.639999,97.710220
2022-10-04,101.639999,100.681938
2022-10-05,101.430000,100.473923
2022-10-06,101.419998,100.464012
2022-10-07,98.680000,97.749847
2022-10-10,97.860001,96.937576
2022-10-11,97.180000,96.263985
2022-10-12,97.559998,96.640404
2022-10-13,99.059998,98.126266
2022-10-14,96.559998,95.649811
2022-10-17,99.970001,99.027679
2022-10-18,100.769997,99.820129
2022-10-19,99.629997,98.690872
2022-10-20,99.970001,99.027679
2022-10-21,101.129997,100.176743
2022-10-24,102.519997,101.553642
2022-10-25,104.480003,103.495171
2022-10-26,94.930000,94.035187
2022-10-27,92.220001,91.350731
2022-10-28,96.290001,95.382370
2022-10-31,94.510002,93.619164
2022-11-01,90.470001,89.617233
2022-11-02,86.970001,86.150223
2022-11-03,83.430000,82.643585
2022-11-04,86.580002,85.763901
2022-11-07,88.489998,87.655891
2022-11-08,88.900002,88.062035
2022-11-09,87.320000,86.496933
2022-11-10,93.940002,93.054504
2022-11-11,96.410004,95.501244
2022-11-14,95.699997,94.797920
2022-11-15,98.440002,97.512115
2022-11-16,98.849998,97.918243
2022-11-17,98.360001,97.432869
2022-11-18,97.430000,96.511620
2022-11-21,95.599998,94.698875
2022-11-22,97.050003,96.135208
2022-11-23,98.459999,97.531914
2022-11-25,97.459999,96.541336
2022-11-28,96.050003,95.144630
2022-11-29,95.190002,94.292747
2022-11-30,100.989998,100.038078
2022-12-01,100.989998,100.038078
2022-12-02,100.440002,99.493263
2022-12-05,99.480003,98.542305
2022-12-06,96.980003,96.065865
2022-12-07,94.940002,94.045097
2022-12-08,93.709999,92.826683
2022-12-09,92.830002,91.954987
2022-12-12,93.309998,92.430458
2022-12-13,95.629997,94.728584
2022-12-14,95.070000,94.173866
2022-12-15,90.860001,90.003555
2022-12-16,90.260002,89.409218
2022-12-19,88.440002,87.606369
2022-12-20,89.019997,88.180901
2022-12-21,89.580002,88.735626
2022-12-22,87.760002,86.932777
2022-12-23,89.230003,88.388908
2022-12-27,87.389999,86.566254
2022-12-28,86.019997,85.209175
2022-12-29,88.449997,87.616264
2022-12-30,88.230003,87.398346
2023-01-03,89.120003,88.279953
2023-01-04,88.080002,87.249771
2023-01-05,86.199997,85.387474
2023-01-06,87.339996,86.516731
2023-01-09,88.019997,87.190323
2023-01-10,88.419998,87.586548
2023-01-11,91.519997,90.657341
2023-01-12,91.129997,90.270996
2023-01-13,92.120003,91.251678
2023-01-17,91.290001,90.429497
2023-01-18,91.120003,90.261116
2023-01-19,93.050003,92.172913
2023-01-20,98.019997,97.096062
2023-01-23,99.790001,98.849380
2023-01-24,97.699997,96.779076
2023-01-25,95.220001,94.322449
2023-01-26,97.519997,96.600777
2023-01-27,99.370003,98.433327
2023-01-30,96.940002,96.026245
2023-01-31,98.839996,97.908325
2023-02-01,100.430000,99.483345
2023-02-02,107.739998,106.724442
2023-02-03,104.779999,103.792336
2023-02-06,102.900002,101.930069
2023-02-07,107.639999,106.625381
2023-02-08,99.370003,98.433327
2023-02-09,95.010002,94.114433
2023-02-10,94.570000,93.678589
2023-02-13,94.610001,93.718216
2023-02-14,94.680000,93.787537
2023-02-15,96.940002,96.026245
2023-02-16,95.510002,94.609718
2023-02-17,94.349998,93.460663
2023-02-21,91.790001,90.924797
2023-02-22,91.650002,90.786102
2023-02-23,90.889999,90.033272
2023-02-24,89.129997,88.289856
2023-02-27,89.870003,89.022881
2023-02-28,90.059998,89.211082
2023-03-01,90.360001,89.508270
2023-03-02,92.000000,91.132797
2023-03-03,93.650002,92.767250
2023-03-06,95.129997,94.233299
2023-03-07,93.860001,92.975281
2023-03-08,94.250000,93.361603
2023-03-09,92.320000,91.449776
2023-03-10,90.629997,89.775719
2023-03-13,91.110001,90.251198
2023-03-14,93.970001,93.084244
2023-03-15,96.110001,95.204063
2023-03-16,100.320000,99.374367
2023-03-17,101.620003,100.662140
2023-03-20,101.220001,100.265907
2023-03-21,104.919998,103.931023
2023-03-22,103.370003,102.395645
2023-03-23,105.599998,104.604607
2023-03-24,105.440002,104.446121
2023-03-27,102.459999,101.494202
2023-03-28,101.029999,100.077698
2023-03-29,101.389999,100.434288
2023-03-30,100.889999,99.939003
2023-03-31,103.730003,102.752258
2023-04-03,104.360001,103.376305
2023-04-04,104.720001,103.732903
2023-04-05,104.470001,103.485275
2023-04-06,108.419998,107.398033
2023-04-10,106.440002,105.436699
2023-04-11,105.349998,104.356972
2023-04-12,104.639999,103.653656
2023-04-13,107.430000,106.417351
2023-04-14,108.870003,107.843803
2023-04-17,105.970001,104.971123
2023-04-18,104.500000,103.514977
2023-04-19,104.180000,103.198006
2023-04-20,105.290001,104.297539
2023-04-21,105.410004,104.416428
2023-04-24,105.970001,104.971123
2023-04-25,103.849998,102.871117
2023-04-26,103.709999,102.732430
2023-04-27,107.589996,106.575859
2023-04-28,107.339996,106.328209
2023-05-01,107.199997,106.189537
2023-05-02,105.320000,104.327248
2023-05-03,105.410004,104.416428
2023-05-04,104.690002,103.703201
2023-05-05,105.570000,104.574898
2023-05-08,107.769997,106.754150
2023-05-09,107.349998,106.338127
2023-05-10,111.750000,110.696648
2023-05-11,116.570000,115.471207
2023-05-12,117.510002,116.402351
2023-05-15,116.510002,115.411781
2023-05-16,119.510002,118.383492
2023-05-17,120.839996,119.700974
2023-05-18,122.830002,121.672203
2023-05-19,122.760002,121.602859
2023-05-22,125.050003,123.871284
2023-05-23,122.559998,121.404747
2023-05-24,120.900002,119.760399
2023-05-25,123.480003,122.316078
2023-05-26,124.610001,123.435425
2023-05-30,123.669998,122.504280
2023-05-31,122.870003,121.711830
2023-06-01,123.720001,122.553818
2023-06-02,124.669998,123.494865
2023-06-05,126.010002,124.822227
2023-06-06,127.309998,126.109978
2023-06-07,122.500000,121.345322
2023-06-08,122.139999,120.988701
2023-06-09,122.230003,121.077873
2023-06-12,123.639999,122.474564
2023-06-13,123.830002,122.662781
2023-06-14,123.669998,122.504280
2023-06-15,125.089996,123.910896
2023-06-16,123.529999,122.365608
2023-06-20,123.099998,121.939674
2023-06-21,120.550003,119.413704
2023-06-22,123.150002,121.989182
2023-06-23,122.339996,121.186821
2023-06-26,118.339996,117.224518
2023-06-27,118.330002,117.214622
2023-06-28,120.180000,119.047173
2023-06-29,119.099998,117.977348
2023-06-30,119.699997,118.571693
2023-07-03,119.900002,118.769821
2023-07-05,121.750000,120.602386
2023-07-06,120.110001,118.977852
2023-07-07,119.480003,118.353790
2023-07-10,116.449997,115.352333
2023-07-11,117.139999,116.035828
2023-07-12,118.930000,117.808968
2023-07-13,124.540001,123.366089
2023-07-14,125.419998,124.237793
2023-07-17,124.650002,123.475044
2023-07-18,123.760002,122.593437
2023-07-19,122.029999,120.879745
2023-07-20,119.199997,118.076408
2023-07-21,120.019997,118.888687
2023-07-24,121.529999,120.384468
2023-07-25,122.209999,121.058044
2023-07-26,129.270004,128.051498
2023-07-27,129.399994,128.180267
2023-07-28,132.580002,131.330322
2023-07-31,132.720001,131.469009
2023-08-01,131.550003,130.310028
2023-08-02,128.380005,127.169899
2023-08-03,128.449997,127.239235
2023-08-04,128.110001,126.902435
2023-08-07,131.529999,130.290176
2023-08-08,131.399994,130.161438
2023-08-09,129.660004,128.437836
2023-08-10,129.690002,128.467560
2023-08-11,129.559998,128.338776
2023-08-14,131.330002,130.092102
2023-08-15,129.779999,128.556702
2023-08-16,128.699997,127.486862
2023-08-17,129.919998,128.695389
2023-08-18,127.459999,126.258568
2023-08-21,128.369995,127.159981
2023-08-22,129.080002,127.863304
2023-08-23,132.369995,131.122284
2023-08-24,129.779999,128.556702
2023-08-25,129.880005,128.655762
2023-08-28,131.009995,129.775101
2023-08-29,134.570007,133.301544
2023-08-30,135.880005,134.599228
2023-08-31,136.169998,134.886475
2023-09-01,135.660004,134.381241
2023-09-05,135.770004,134.490250
2023-09-06,134.460007,133.192566
2023-09-07,135.259995,133.985016
2023-09-08,136.380005,135.094467
2023-09-11,136.919998,135.629410
2023-09-12,135.339996,134.064285
2023-09-13,136.710007,135.421371
2023-09-14,138.100006,136.798279
2023-09-15,137.399994,136.104858
2023-09-18,138.210007,136.907242
2023-09-19,138.039993,136.738815
2023-09-20,133.740005,132.479370
2023-09-21,130.440002,129.210464
2023-09-22,130.250000,129.022263
2023-09-25,131.110001,129.874161
2023-09-26,128.570007,127.358109
2023-09-27,130.539993,129.309555
2023-09-28,132.309998,131.062866
2023-09-29,130.860001,129.626511
2023-10-02,134.169998,132.905289
2023-10-03,132.429993,131.181717
2023-10-04,135.240005,133.965210
2023-10-05,135.070007,133.796844
2023-10-06,137.580002,136.283157
2023-10-09,138.419998,137.115280
2023-10-10,138.059998,136.758667
2023-10-11,140.550003,139.225174
2023-10-12,138.970001,137.660049
2023-10-13,137.360001,136.065231
2023-10-16,139.100006,137.788879
2023-10-17,139.720001,138.403015
2023-10-18,137.960007,136.659607
2023-10-19,137.750000,136.451569
2023-10-20,135.600006,134.321838
2023-10-23,136.500000,135.213333
2023-10-24,138.809998,137.501556
2023-10-25,125.610001,124.425995
2023-10-26,122.279999,121.127388
2023-10-27,122.169998,121.018425
2023-10-30,124.459999,123.286842
2023-10-31,124.080002,122.910423
2023-11-01,126.449997,125.258087
2023-11-02,127.489998,126.288277
2023-11-03,129.100006,127.883118
2023-11-06,130.250000,129.022263
2023-11-07,130.970001,129.735489
2023-11-08,131.839996,130.597290
2023-11-09,130.240005,129.012360
2023-11-10,132.589996,131.340210
2023-11-13,132.089996,130.844894
2023-11-14,133.619995,132.360489
2023-11-15,134.619995,133.351089
2023-11-16,136.929993,135.639282
2023-11-17,135.309998,134.034576
2023-11-20,136.250000,134.965714
2023-11-21,136.970001,135.678925
2023-11-22,138.490005,137.184601
2023-11-24,136.690002,135.401550
2023-11-27,136.410004,135.124191
2023-11-28,137.199997,135.906754
2023-11-29,134.990005,133.717606
2023-11-30,132.529999,131.280777
2023-12-01,131.860001,130.617065
2023-12-04,129.270004,128.051498
2023-12-05,130.990005,129.755280
2023-12-06,130.020004,128.794464
2023-12-07,136.929993,135.639282
2023-12-08,134.990005,133.717606
2023-12-11,133.289993,132.033585
2023-12-12,132.520004,131.270859
2023-12-13,132.570007,131.320389
2023-12-14,131.940002,130.696320
2023-12-15,132.600006,131.350128
2023-12-18,135.800003,134.519958
2023-12-19,136.649994,135.361923
2023-12-20,138.339996,137.036011
2023-12-21,140.419998,139.096405
2023-12-22,141.490005,140.156326
2023-12-26,141.520004,140.186020
2023-12-27,140.369995,139.046875
2023-12-28,140.229996,138.908218
2023-12-29,139.690002,138.373276
2024-01-02,138.169998,136.867584
2024-01-03,138.919998,137.610535
2024-01-04,136.389999,135.104416
2024-01-05,135.729996,134.450592
2024-01-08,138.839996,137.531281
2024-01-09,140.949997,139.621399
2024-01-10,142.279999,140.938858
2024-01-11,142.080002,140.740738
2024-01-12,142.649994,141.305374
2024-01-16,142.490005,141.146866
2024-01-17,141.470001,140.136505
2024-01-18,143.479996,142.127563
2024-01-19,146.380005,145.000244
2024-01-22,145.990005,144.613892
2024-01-23,147.039993,145.653976
2024-01-24,148.699997,147.298340
2024-01-25,151.869995,150.438461
2024-01-26,152.190002,150.755447
2024-01-29,153.509995,152.062973
2024-01-30,151.460007,150.032349
2024-01-31,140.100006,138.779434
2024-02-01,141.160004,139.829437
2024-02-02,142.380005,141.037933
2024-02-05,143.679993,142.325668
2024-02-06,144.100006,142.741730
2024-02-07,145.539993,144.168121
2024-02-08,145.910004,144.534653
2024-02-09,149.000000,147.595551
2024-02-12,147.529999,146.139389
2024-02-13,145.139999,143.771912
2024-02-14,145.940002,144.564377
2024-02-15,142.770004,141.424240
2024-02-16,140.520004,139.195450
2024-02-20,141.119995,139.789810
2024-02-21,142.550003,141.206329
2024-02-22,144.089996,142.731812
2024-02-23,143.960007,142.603058
2024-02-26,137.570007,136.273300
2024-02-27,138.880005,137.570923
2024-02-28,136.380005,135.094467
2024-02-29,138.460007,137.154877
2024-03-01,137.139999,135.847290
2024-03-04,133.350006,132.093063
2024-03-05,132.669998,131.419464
2024-03-06,131.399994,130.161438
2024-03-07,134.380005,133.113327
2024-03-08,135.410004,134.133636
2024-03-11,137.669998,136.372314
2024-03-12,138.500000,137.194519
2024-03-13,139.789993,138.472336
2024-03-14,143.100006,141.751160
2024-03-15,141.179993,139.849228
2024-03-18,147.679993,146.287964
2024-03-19,147.029999,145.644104
2024-03-20,148.740005,147.337967
2024-03-21,147.600006,146.208710
2024-03-22,150.770004,149.348862
2024-03-25,150.070007,148.655457
2024-03-26,150.669998,149.249786
2024-03-27,150.869995,149.447906
2024-03-28,150.929993,149.507309
2024-04-01,155.490005,154.024368
2024-04-02,154.559998,153.103134
2024-04-03,154.919998,153.459717
2024-04-04,150.529999,149.111115
2024-04-05,152.500000,151.062531
2024-04-08,154.850006,153.390381
2024-04-09,156.600006,155.123901
2024-04-10,156.139999,154.668213
2024-04-11,159.410004,157.907379
2024-04-12,157.729996,156.243240
2024-04-15,154.860001,153.400299
2024-04-16,154.399994,152.944626
2024-04-17,155.470001,154.004547
2024-04-18,156.009995,154.539459
2024-04-19,154.089996,152.637527
2024-04-22,156.279999,154.806900
2024-04-23,158.259995,156.768234
2024-04-24,159.130005,157.630035
2024-04-25,156.000000,154.529556
2024-04-26,171.949997,170.329193
2024-04-29,166.149994,164.583878
2024-04-30,162.779999,161.245636
2024-05-01,163.860001,162.315475
2024-05-02,166.619995,165.049438
2024-05-03,167.240005,165.663589
2024-05-06,168.100006,166.515518
2024-05-07,171.250000,169.635818
2024-05-08,169.380005,167.783432
2024-05-09,169.960007,168.357971
2024-05-10,168.649994,167.060287
2024-05-13,169.139999,167.545685
2024-05-14,170.339996,168.734344
2024-05-15,172.509995,170.883926
2024-05-16,174.179993,172.538177
2024-05-17,176.059998,174.400436
2024-05-20,176.919998,175.252365
2024-05-21,177.850006,176.173615
2024-05-22,176.380005,174.717453
2024-05-23,173.550003,171.914093
2024-05-24,174.990005,173.340546
2024-05-28,176.399994,174.737259
2024-05-29,175.899994,174.241959
2024-05-30,172.110001,170.487686
2024-05-31,172.500000,170.874008
2024-06-03,173.169998,171.537689
2024-06-04,173.789993,172.151825
2024-06-05,175.410004,173.756607
2024-06-06,176.729996,175.064117
2024-06-07,174.460007,172.815521
2024-06-10,175.009995,173.559311
2024-06-11,176.619995,175.155975
2024-06-12,177.789993,176.316269
2024-06-13,175.160004,173.708084
2024-06-14,176.789993,175.324554
2024-06-17,177.240005,175.770859
2024-06-18,175.089996,173.638672
2024-06-20,176.300003,174.838623
2024-06-21,179.630005,178.141022
2024-06-24,179.220001,177.734421
2024-06-25,184.029999,182.504562
2024-06-26,183.880005,182.355804
2024-06-27,185.410004,183.873108
2024-06-28,182.149994,180.640152
2024-07-01,182.990005,181.473175
2024-07-02,185.240005,183.704514
2024-07-03,185.820007,184.279709
2024-07-05,190.600006,189.020111
2024-07-08,189.029999,187.463104
2024-07-09,188.979996,187.413528
2024-07-10,191.179993,189.595291
2024-07-11,185.570007,184.031799
2024-07-12,185.070007,183.535950
2024-07-15,186.529999,184.983826
2024-07-16,183.919998,182.395447
2024-07-17,181.020004,179.519501
2024-07-18,177.690002,176.217102
2024-07-19,177.660004,176.187347
2024-07-22,181.669998,180.164124
2024-07-23,181.789993,180.283112
2024-07-24,172.630005,171.199020
2024-07-25,167.279999,165.893402
2024-07-26,167.000000,165.615677
2024-07-29,169.529999,168.124756
2024-07-30,170.289993,168.878433
2024-07-31,171.539993,170.118088
2024-08-01,170.759995,169.344543
2024-08-02,166.660004,165.278564
2024-08-05,159.250000,157.929962
2024-08-06,158.289993,156.977921
2024-08-07,158.940002,157.622513
2024-08-08,162.029999,160.686890
2024-08-09,163.669998,162.313324
2024-08-12,162.289993,160.944748
2024-08-13,164.160004,162.799240
2024-08-14,160.369995,159.040634
2024-08-15,161.300003,159.962967
2024-08-16,162.960007,161.609222
2024-08-19,166.669998,165.288437
2024-08-20,167.179993,165.794220
2024-08-21,165.850006,164.475250
2024-08-22,163.800003,162.442215
2024-08-23,165.619995,164.247147
2024-08-26,166.160004,164.782684
2024-08-27,164.679993,163.314941
2024-08-28,162.850006,161.500122
2024-08-29,161.779999,160.439011
2024-08-30,163.380005,162.025742
2024-09-03,157.360001,156.055618
2024-09-04,156.449997,155.153152
2024-09-05,157.240005,155.936646
2024-09-06,150.919998,149.669022
2024-09-09,148.710007,147.673019
2024-09-10,148.660004,147.623352
2024-09-11,151.160004,150.105957
2024-09-12,154.690002,153.611328
2024-09-13,157.460007,156.362000
2024-09-16,158.059998,156.957809
2024-09-17,159.320007,158.209030
2024-09-18,159.809998,158.695618
2024-09-19,162.139999,161.009399
2024-09-20,163.589996,162.449265
2024-09-23,161.850006,160.721420
2024-09-24,162.289993,161.158310
2024-09-25,161.490005,160.363907
2024-09-26,162.729996,161.595245
2024-09-27,163.949997,162.806747
2024-09-30,165.850006,164.693481
2024-10-01,166.990005,165.825562
2024-10-02,165.860001,164.703445
2024-10-03,165.860001,164.703445
2024-10-04,167.059998,165.895081
2024-10-07,162.979996,161.843506
2024-10-08,164.380005,163.233780
2024-10-09,161.860001,160.731339
2024-10-10,162.080002,160.949783
2024-10-11,163.240005,162.101715
2024-10-14,164.960007,163.809723
2024-10-15,165.460007,164.306213
2024-10-16,165.160004,164.008316
2024-10-17,162.929993,161.793839
2024-10-18,163.419998,162.280457
2024-10-21,164.070007,162.925934
2024-10-22,165.139999,163.988464
2024-10-23,162.779999,161.644913
2024-10-24,162.720001,161.585327
2024-10-25,165.270004,164.117554
2024-10-28,166.720001,165.557404
2024-10-29,169.679993,168.496780
2024-10-30,174.460007,173.243439
2024-10-31,171.110001,169.916794
2024-11-01,171.289993,170.095581
2024-11-04,169.240005,168.059875
2024-11-05,169.740005,168.556396
2024-11-06,176.509995,175.279144
2024-11-07,180.750000,179.489609
2024-11-08,178.350006,177.106323
2024-11-11,180.350006,179.092377
2024-11-12,181.619995,180.353516
2024-11-13,178.880005,177.632645
2024-11-14,175.580002,174.355652
2024-11-15,172.490005,171.287216
2024-11-18,175.300003,174.077606
2024-11-19,178.119995,176.877930
2024-11-20,175.979996,174.752869
2024-11-21,167.630005,166.461105
2024-11-22,164.759995,163.611099
2024-11-25,167.649994,166.480957
2024-11-26,169.119995,167.940689
2024-11-27,169.229996,168.049927
2024-11-29,168.949997,167.771896
2024-12-02,171.490005,170.294189
2024-12-03,171.339996,170.145203
2024-12-04,174.369995,173.154083
2024-12-05,172.639999,171.436157
2024-12-06,174.710007,173.491730
2024-12-09,175.369995,174.346725
2024-12-10,185.169998,184.089508
2024-12-11,195.399994,194.259827
2024-12-12,191.960007,190.839905
2024-12-13,189.820007,188.712387
2024-12-16,196.660004,195.512466
2024-12-17,195.419998,194.279694
2024-12-18,188.399994,187.300674
2024-12-19,188.509995,187.410004
2024-12-20,191.410004,190.293106
2024-12-23,194.630005,193.494339
2024-12-24,196.110001,194.965683
2024-12-26,195.600006,194.458664
2024-12-27,192.759995,191.635208
2024-12-30,191.240005,190.124115
2024-12-31,189.300003,188.195404
2025-01-02,189.429993,188.324661
2025-01-03,191.789993,190.670868
2025-01-06,196.869995,195.721237
2025-01-07,195.490005,194.349304
2025-01-08,193.949997,192.818283
2025-01-10,192.039993,190.919434
2025-01-13,191.009995,189.895462
2025-01-14,189.660004,188.553314
2025-01-15,195.550003,194.408966
2025-01-16,192.910004,191.784378
2025-01-17,196.000000,194.856339
2025-01-21,198.050003,196.894363
2025-01-22,198.369995,197.212494
2025-01-23,197.979996,196.824783
2025-01-24,200.210007,199.041763
2025-01-27,191.809998,190.690765
2025-01-28,195.300003,194.160416
2025-01-29,195.410004,194.269760
2025-01-30,200.869995,199.697906
2025-01-31,204.020004,202.829529
2025-02-03,201.229996,200.055801
2025-02-04,206.380005,205.175751
2025-02-05,191.330002,190.213562
2025-02-06,191.600006,190.481995
2025-02-07,185.339996,184.258530
2025-02-10,186.470001,185.381927
2025-02-11,185.320007,184.238647
2025-02-12,183.610001,182.538605
2025-02-13,186.139999,185.053848
2025-02-14,185.229996,184.149155
2025-02-18,183.770004,182.697693
2025-02-19,185.270004,184.188950
2025-02-20,184.559998,183.483078
2025-02-21,179.660004,178.611664
2025-02-24,179.250000,178.204041
2025-02-25,175.419998,174.396423
2025-02-26,172.729996,171.722092
2025-02-27,168.500000,167.516785
2025-02-28,170.279999,169.286392
2025-03-03,167.009995,166.035477
2025-03-04,170.919998,169.922668
2025-03-05,173.020004,172.010422
2025-03-06,172.350006,171.344330
2025-03-07,173.860001,172.845520
2025-03-10,165.869995,165.092056
2025-03-11,164.039993,163.270630
2025-03-12,167.110001,166.326248
2025-03-13,162.759995,161.996628
2025-03-14,165.490005,164.713821
2025-03-17,164.289993,163.519455
2025-03-18,160.669998,159.916458
2025-03-19,163.889999,163.121353
2025-03-20,162.800003,162.036438
2025-03-21,163.990005,163.220871
2025-03-24,167.679993,166.893570
2025-03-25,170.559998,169.760071
2025-03-26,165.059998,164.285858
2025-03-27,162.240005,161.479080
2025-03-28,154.330002,153.606155
2025-03-31,154.639999,153.914719
2025-04-01,157.070007,156.333344
2025-04-02,157.039993,156.303452
2025-04-03,150.720001,150.013107
2025-04-04,145.600006,144.917114
2025-04-07,146.750000,146.061722
2025-04-08,144.699997,144.021332
2025-04-09,158.710007,157.965652
2025-04-10,152.820007,152.103256
2025-04-11,157.139999,156.402985
2025-04-14,159.070007,158.323944
2025-04-15,156.309998,155.576889
2025-04-16,153.330002,152.610870
2025-04-17,151.160004,150.451050
2025-04-21,147.669998,146.977417
2025-04-22,151.470001,150.759598
2025-04-23,155.350006,154.621399
2025-04-24,159.279999,158.532974
2025-04-25,161.960007,161.200363
2025-04-28,160.610001,159.856705
2025-04-29,160.160004,159.408844
2025-04-30,158.800003,158.055222
2025-05-01,161.300003,160.543503
2025-05-02,164.029999,163.260681
2025-05-05,164.210007,163.439819
2025-05-06,163.229996,162.464432
2025-05-07,151.380005,150.670013
2025-05-08,154.279999,153.556381
2025-05-09,152.750000,152.033615
2025-05-12,158.460007,157.716812
2025-05-13,159.529999,158.781784
2025-05-14,165.369995,164.594406
2025-05-15,163.960007,163.191025
2025-05-16,166.190002,165.410553
2025-05-19,166.539993,165.758896
2025-05-20,163.979996,163.210907
2025-05-21,168.559998,167.769440
2025-05-22,170.869995,170.068588
2025-05-23,168.470001,167.679855
2025-05-27,172.899994,172.089081
2025-05-28,172.360001,171.551605
2025-05-29,171.860001,171.053955
2025-05-30,171.740005,170.934509
2025-06-02,169.029999,168.237228
2025-06-03,166.179993,165.400604
2025-06-04,168.050003,167.261841
2025-06-05,168.210007,167.421066
2025-06-06,173.679993,172.865433
2025-06-09,176.089996,175.476288
2025-06-10,178.600006,177.977554
2025-06-11,177.350006,176.731903
2025-06-12,175.699997,175.087646
2025-06-13,174.669998,174.061249
2025-06-16,176.770004,176.153931
2025-06-17,175.949997,175.336792
2025-06-18,173.320007,172.715958
2025-06-20,166.639999,166.059235
2025-06-23,165.190002,164.614288
2025-06-24,166.770004,166.188782
2025-06-25,170.679993,170.085144
2025-06-26,173.539993,172.935181
2025-06-27,178.529999,177.907791
2025-06-30,176.229996,175.615814
2025-07-01,175.839996,175.227158
2025-07-02,178.639999,178.017395
2025-07-03,179.529999,178.904297
2025-07-07,176.789993,176.173859
2025-07-08,174.360001,173.752335
2025-07-09,176.619995,176.004456
2025-07-10,177.619995,177.000961
2025-07-11,180.190002,179.562012
2025-07-14,181.559998,180.927231
2025-07-15,182.000000,181.365692
2025-07-16,182.970001,182.332306
2025-07-17,183.580002,182.940201
2025-07-18,185.059998,184.415039
2025-07-21,190.100006,189.437469
2025-07-22,191.339996,190.673141
2025-07-23,190.229996,189.567032
2025-07-24,192.169998,191.500259
2025-07-25,193.179993,192.506729
2025-07-28,192.580002,191.908829
2025-07-29,195.750000,195.067780
2025-07-30,196.529999,195.845047
2025-07-31,191.899994,191.231171
2025-08-01,189.130005,188.470856
2025-08-04,195.039993,194.360260
2025-08-05,194.669998,193.991547
2025-08-06,196.089996,195.406586
2025-08-07,196.520004,195.835114
2025-08-08,201.419998,200.718002
2025-08-11,201.000000,200.299469
2025-08-12,203.339996,202.631317
2025-08-13,201.960007,201.256134
2025-08-14,202.940002,202.232712
2025-08-15,203.899994,203.189362
2025-08-18,203.500000,202.790756
2025-08-19,201.570007,200.867508
2025-08-20,199.320007,198.625336
2025-08-21,199.750000,199.053833
2025-08-22,206.089996,205.371735
2025-08-25,208.490005,207.763382
2025-08-26,207.139999,206.418076
2025-08-27,207.479996,206.756866
2025-08-28,211.639999,210.902405
2025-08-29,212.910004,212.167969
2025-09-02,211.350006,210.613403
2025-09-03,230.660004,229.856094
2025-09-04,232.300003,231.490402
2025-09-05,235.000000,234.180984
2025-09-08,234.039993,233.432922
2025-09-09,239.630005,239.008408
2025-09-10,239.169998,238.549606
2025-09-11,240.369995,239.746490
2025-09-12,240.800003,240.175400
2025-09-15,251.610001,250.957352
2025-09-16,251.160004,250.508514
2025-09-17,249.529999,248.882751
2025-09-18,252.029999,251.376266
2025-09-19,254.720001,254.059280
2025-09-22,252.529999,251.874969
2025-09-23,251.660004,251.007217
2025-09-24,247.139999,246.498947
2025-09-25,245.789993,245.152435
2025-09-26,246.539993,245.900497
2025-09-29,244.050003,243.416946
2025-09-30,243.100006,242.469437
2025-10-01,244.899994,244.264740
2025-10-02,245.690002,245.052689
2025-10-03,245.350006,244.713608
2025-10-06,250.429993,249.780396
2025-10-07,245.759995,245.122513
2025-10-08,244.619995,243.985474
2025-10-09,241.529999,240.903488
2025-10-10,236.570007,235.956345
2025-10-13,244.149994,243.516693
2025-10-14,245.449997,244.813324
2025-10-15,251.029999,250.378845
2025-10-16,251.460007,250.807755
2025-10-17,253.300003,252.642960
2025-10-20,256.549988,255.884537
2025-10-21,250.460007,249.810349
2025-10-22,251.690002,251.037140
2025-10-23,253.080002,252.423538
2025-10-24,259.920013,259.245819
2025-10-27,269.269989,268.571533
2025-10-28,267.470001,266.776184
2025-10-29,274.570007,273.857788
2025-10-30,281.480011,280.749878
2025-10-31,281.190002,280.460632
2025-11-03,283.720001,282.984039
2025-11-04,277.540009,276.820099
2025-11-05,284.309998,283.572540
2025-11-06,284.750000,284.011353
2025-11-07,278.829987,278.106720
2025-11-10,290.100006,289.347504
2025-11-11,291.309998,290.554352
2025-11-12,286.709991,285.966278
2025-11-13,278.570007,277.847443
2025-11-14,276.410004,275.692993
2025-11-17,285.019989,284.280670
2025-11-18,284.279999,283.542572
2025-11-19,292.809998,292.050476
2025-11-20,289.450012,288.699188
2025-11-21,299.660004,298.882690
2025-11-24,318.579987,317.753601
2025-11-25,323.440002,322.601013
2025-11-26,319.950012,319.120117
2025-11-28,320.179993,319.349487
2025-12-01,314.890015,314.073242
2025-12-02,315.809998,314.990814
2025-12-03,319.630005,318.800903
2025-12-04,317.619995,316.796143
2025-12-05,321.269989,320.436676
2025-12-08,313.720001,313.110901
2025-12-09,317.079987,316.464386
2025-12-10,320.209991,319.588318
2025-12-11,312.429993,311.823425
2025-12-12,309.290009,308.689514
2025-12-15,308.220001,307.621613
2025-12-16,306.570007,305.974792
2025-12-17,296.720001,296.143921
2025-12-18,302.459991,301.872772
2025-12-19,307.160004,306.563660
2025-12-22,309.779999,309.178589
2025-12-23,314.350006,313.739685
2025-12-24,314.089996,313.480164
2025-12-26,313.510010,312.901367
2025-12-29,313.559998,312.951263
2025-12-30,313.850006,313.240662
2025-12-31,313.000000,312.392303
2026-01-02,315.149994,314.538116
2026-01-05,316.540009,315.925446
2026-01-06,314.339996,313.729706
2026-01-07,321.980011,321.354919
2026-01-08,325.440002,324.808167
2026-01-09,328.570007,327.932098
2026-01-12,331.859985,331.215698
2026-01-13,335.970001,335.317688
2026-01-14,335.839996,335.187958
2026-01-15,332.779999,332.133911
2026-01-16,330.000000,329.359314
2026-01-20,322.000000,321.374847
2026-01-21,328.380005,327.742462
2026-01-22,330.540009,329.898254
2026-01-23,327.929993,327.293304
2026-01-26,333.260010,332.612976
2026-01-27,334.549988,333.900452
2026-01-28,336.010010,335.357635
2026-01-29,338.250000,337.593292
2026-01-30,338.000000,337.343781
2026-02-02,343.690002,343.022705
2026-02-03,339.709991,339.050446
2026-02-04,333.040009,332.393433
2026-02-05,331.250000,330.606903
2026-02-06,322.859985,322.233154
2026-02-09,324.320007,323.690338
2026-02-10,318.579987,317.961456
2026-02-11,310.959991,310.356232
2026-02-12,309.000000,308.400085
2026-02-13,305.720001,305.126434
2026-02-17,302.019989,301.433594
2026-02-18,303.329987,302.741089
2026-02-19,302.850006,302.262024
2026-02-20,314.980011,314.368500
2026-02-23,311.489990,310.885223
2026-02-24,310.899994,310.296387
2026-02-25,312.899994,312.292511
2026-02-26,307.380005,306.783203
2026-02-27,311.760010,311.154724
2026-03-02,306.519989,305.924896
2026-03-03,303.579987,302.990570
2026-03-04,303.130005,302.541504
2026-03-05,300.880005,300.295868
2026-03-06,298.519989,297.940430
2026-03-09,306.359985,305.980408
2026-03-10,307.040009,306.659607
2026-03-11,308.700012,308.317566
2026-03-12,303.549988,303.173889
2026-03-13,302.279999,301.905487
2026-03-16,305.559998,305.181427
2026-03-17,310.920013,310.534790
2026-03-18,307.690002,307.308777
2026-03-19,307.130005,306.749481
2026-03-20,301.000000,300.627075
2026-03-23,302.059998,301.685791
2026-03-24,290.440002,290.080170
2026-03-25,290.929993,290.569550
2026-03-26,280.920013,280.571960
2026-03-27,274.339996,274.000122
2026-03-30,273.500000,273.161163
2026-03-31,287.559998,287.203735
2026-04-01,297.390015,297.021576
2026-04-02,295.769989,295.403564
2026-04-06,299.989990,299.618317
2026-04-07,305.459991,305.081543
2026-04-08,317.320007,316.926880
2026-04-09,318.489990,318.095398
2026-04-10,317.239990,316.846954
2026-04-13,321.309998,320.911926
2026-04-14,332.910004,332.497559
2026-04-15,337.119995,336.702332
2026-04-16,336.019989,335.603668
2026-04-17,341.679993,341.256683
2026-04-20,337.420013,337.001984
2026-04-21,332.290009,331.878326
2026-04-22,339.320007,338.899628
2026-04-23,338.890015,338.470154
2026-04-24,344.399994,343.973297
2026-04-27,350.339996,349.905945
2026-04-28,349.779999,349.346649
2026-04-29,349.940002,349.506470
2026-04-30,384.799988,384.323242
2026-05-01,385.690002,385.212189
2026-05-04,383.250000,382.775177
2026-05-05,388.429993,387.948761
2026-05-06,398.040009,397.546875
2026-05-07,397.989990,397.496918
2026-05-08,400.799988,400.303436
2026-05-11,388.640015,388.158508
2026-05-12,387.350006,386.870117
2026-05-13,402.619995,402.121185
2026-05-14,401.070007,400.573120
2026-05-15,396.779999,396.288422
2026-05-18,396.940002,396.448242
2026-05-19,387.660004,387.179718
2026-05-20,388.910004,388.428192
2026-05-21,387.660004,387.179718
2026-05-22,382.970001,382.495544
2026-05-26,388.880005,388.398193
2026-05-27,388.829987,388.348236
2026-05-28,390.130005,389.646667
2026-05-29,380.339996,379.868774
2026-06-01,376.369995,375.903717
2026-06-02,361.850006,361.401703
2026-06-03,358.989990,358.545227
2026-06-04,372.190002,371.728912
2026-06-05,368.529999,368.073425
2026-06-08,363.309998,363.076630
2026-06-09,364.260010,364.026031
2026-06-10,356.380005,356.151093
2026-06-11,357.769989,357.540161
2026-06-12,359.679993,359.448944
2026-06-15,369.350006,369.112762
2026-06-16,373.250000,373.010254
2026-06-17,363.790009,363.556335
2026-06-18,368.029999,367.793579
2026-06-22,349.679993,349.455383
2026-06-23,346.130005,345.907654
2026-06-24,345.290009,345.068207
2026-06-25,343.709991,343.489197
2026-06-26,337.390015,337.173279
2026-06-29,353.649994,353.422821
2026-06-30,357.369995,357.140442
2026-07-01,361.209991,360.977966
2026-07-02,359.910004,359.678802
2026-07-06,366.459991,366.224579
2026-07-07,367.029999,366.794220
2026-07-08,361.920013,361.687531
2026-07-09,358.890015,358.659485
2026-07-10,357.179993,356.950562
2026-07-13,352.510010,352.283569
2026-07-14,359.510010,359.279083
2026-07-15,370.920013,370.681763
2026-07-16,354.459991,354.232300
2026-07-17,346.769989,346.547241
2026-07-20,351.989990,351.763885
2026-07-21,347.149994,346.927002
2026-07-22,342.089996,341.870239
2026-07-23,317.690002,317.485931
2026-07-24,319.739990,319.534607
2026-07-27,326.559998,326.350220
2026-07-28,333.709991,333.495636
2026-07-29,336.709991,336.493713
2026-07-30,333.660004,333.445679
2026-07-31,356.130005,355.901245
2026-08-03,373.510010,373.270081
2026-08-04,377.649994,377.407410
2026-08-05,362.429993,362.197174
2026-08-06,357.750000,357.520203
2026-08-07,354.299988,354.072388
2026-08-10,357.519989,357.290344
2026-08-11,343.799988,343.579132
2026-08-12,343.540009,343.319336
2026-08-13,346.359985,346.137512
2026-08-14,345.899994,345.677795
2026-08-17,344.000000,343.779022
2026-08-18,344.200012,343.978912
2026-08-19,344.720001,344.498566
2026-08-20,340.670013,340.451172
2026-08-21,344.820007,344.598511
2026-08-24,348.059998,347.836426
2026-08-25,346.959991,346.737122
2026-08-26,342.000000,341.780304
2026-08-27,340.649994,340.431183
2026-08-28,346.589996,346.367371
2026-08-31,339.350006,339.132019
2026-09-01,335.019989,334.804779
2026-09-02,337.119995,336.903442
2026-09-03,342.480011,342.260010
2026-09-04,338.459991,338.459991
2026-09-08,338.359985,338.359985
2026-09-09,330.649994,330.649994
2026-09-10,332.600006,332.600006
2026-09-11,338.500000,338.500000
2026-09-14,349.390015,349.390015
2026-09-15,344.980011,344.980011
2026-09-16,342.869995,342.869995
2026-09-17,347.329987,347.329987
2026-09-18,349.540009,349.540009
2026-09-21,354.970001,354.970001
2026-09-22,351.160004,351.160004
2026-09-23,337.829987,337.829987
2026-09-24,342.359985,342.359985
2026-09-25,343.920013,343.920013
2026-09-28,342.750000,342.750000
