date,close,adjclose
2012-05-18,38.230000,37.867317
2012-05-21,34.029999,33.707165
2012-05-22,31.000000,30.705910
2012-05-23,32.000000,31.696423
2012-05-24,33.029999,32.716652
2012-05-25,31.910000,31.607275
2012-05-29,28.840000,28.566401
2012-05-30,28.190001,27.922567
2012-05-31,29.600000,29.319189
2012-06-01,27.719999,27.457026
2012-06-04,26.900000,26.644802
2012-06-05,25.870001,25.624573
2012-06-06,26.809999,26.555656
2012-06-07,26.309999,26.060396
2012-06-08,27.100000,26.842903
2012-06-11,27.010000,26.753763
2012-06-12,27.400000,27.140060
2012-06-13,27.270000,27.011295
2012-06-14,28.290001,28.021618
2012-06-15,30.010000,29.725302
2012-06-18,31.410000,31.112019
2012-06-19,31.910000,31.607275
2012-06-20,31.600000,31.300217
2012-06-21,31.840000,31.537941
2012-06-22,33.049999,32.736458
2012-06-25,32.060001,31.755857
2012-06-26,33.099998,32.785980
2012-06-27,32.230000,31.924238
2012-06-28,31.360001,31.062492
2012-06-29,31.100000,30.804960
2012-07-02,30.770000,30.478090
2012-07-03,31.200001,30.904015
2012-07-05,31.469999,31.171448
2012-07-06,31.730000,31.428984
2012-07-09,32.169998,31.864807
2012-07-10,31.469999,31.171448
2012-07-11,30.969999,30.676191
2012-07-12,30.809999,30.517714
2012-07-13,30.719999,30.428566
2012-07-16,28.250000,27.981997
2012-07-17,28.090000,27.823515
2012-07-18,29.110001,28.833839
2012-07-19,29.000000,28.724886
2012-07-20,28.760000,28.487158
2012-07-23,28.750000,28.477253
2012-07-24,28.450001,28.180101
2012-07-25,29.340000,29.061657
2012-07-26,26.850000,26.595282
2012-07-27,23.709999,23.485065
2012-07-30,23.150000,22.930378
2012-07-31,21.709999,21.504040
2012-08-01,20.879999,20.681915
2012-08-02,20.040001,19.849886
2012-08-03,21.090000,20.889925
2012-08-06,21.920000,21.712049
2012-08-07,20.719999,20.523434
2012-08-08,20.719999,20.523434
2012-08-09,21.010000,20.810682
2012-08-10,21.809999,21.603090
2012-08-13,21.600000,21.395084
2012-08-14,20.379999,20.186653
2012-08-15,21.200001,20.998878
2012-08-16,19.870001,19.681499
2012-08-17,19.049999,18.869278
2012-08-20,20.010000,19.820166
2012-08-21,19.160000,18.978233
2012-08-22,19.440001,19.255573
2012-08-23,19.440001,19.255573
2012-08-24,19.410000,19.225861
2012-08-27,19.150000,18.968328
2012-08-28,19.340000,19.156523
2012-08-29,19.100000,18.918804
2012-08-30,19.090000,18.908897
2012-08-31,18.059999,17.888670
2012-09-04,17.730000,17.561804
2012-09-05,18.580000,18.403734
2012-09-06,18.959999,18.780127
2012-09-07,18.980000,18.799940
2012-09-10,18.809999,18.631552
2012-09-11,19.430000,19.245672
2012-09-12,20.930000,20.731441
2012-09-13,20.709999,20.513525
2012-09-14,22.000000,21.791292
2012-09-17,21.520000,21.315844
2012-09-18,21.870001,21.662525
2012-09-19,23.290001,23.069052
2012-09-20,22.590000,22.375692
2012-09-21,22.860001,22.643135
2012-09-24,20.790001,20.592768
2012-09-25,20.280001,20.087606
2012-09-26,20.620001,20.424381
2012-09-27,20.320000,20.127226
2012-09-28,21.660000,21.454517
2012-10-01,21.990000,21.781384
2012-10-02,22.270000,22.058731
2012-10-03,21.830000,21.622902
2012-10-04,21.950001,21.741764
2012-10-05,20.910000,20.711630
2012-10-08,20.400000,20.206467
2012-10-09,20.230000,20.038080
2012-10-10,19.639999,19.453678
2012-10-11,19.750000,19.562635
2012-10-12,19.520000,19.334818
2012-10-15,19.520000,19.334818
2012-10-16,19.480000,19.295197
2012-10-17,19.879999,19.691399
2012-10-18,18.980000,18.799940
2012-10-19,19.000000,18.819752
2012-10-22,19.320000,19.136713
2012-10-23,19.500000,19.315004
2012-10-24,23.230000,23.009617
2012-10-25,22.559999,22.345976
2012-10-26,21.940001,21.731861
2012-10-31,21.110001,20.909735
2012-11-01,21.209999,21.008783
2012-11-02,21.180000,20.979073
2012-11-05,21.250000,21.048410
2012-11-06,21.170000,20.969166
2012-11-07,20.469999,20.275805
2012-11-08,19.990000,19.800356
2012-11-09,19.209999,19.027758
2012-11-12,20.070000,19.879601
2012-11-13,19.860001,19.671595
2012-11-14,22.360001,22.147875
2012-11-15,22.170000,21.959679
2012-11-16,23.559999,23.336487
2012-11-19,22.920000,22.702562
2012-11-20,23.100000,22.880852
2012-11-21,24.320000,24.089283
2012-11-23,24.000000,23.772316
2012-11-26,25.940001,25.693911
2012-11-27,26.150000,25.901920
2012-11-28,26.360001,26.109928
2012-11-29,27.320000,27.060820
2012-11-30,28.000000,27.734373
2012-12-03,27.040001,26.783474
2012-12-04,27.459999,27.199493
2012-12-05,27.709999,27.447117
2012-12-06,26.969999,26.714140
2012-12-07,27.490000,27.229210
2012-12-10,27.840000,27.575888
2012-12-11,27.980000,27.714561
2012-12-12,27.580000,27.318357
2012-12-13,28.240000,27.972088
2012-12-14,26.809999,26.555656
2012-12-17,26.750000,26.496225
2012-12-18,27.709999,27.447117
2012-12-19,27.410000,27.149965
2012-12-20,27.360001,27.100439
2012-12-21,26.260000,26.010876
2012-12-24,26.930000,26.674520
2012-12-26,26.510000,26.258505
2012-12-27,26.049999,25.802870
2012-12-28,25.910000,25.664194
2012-12-31,26.620001,26.367460
2013-01-02,28.000000,27.734373
2013-01-03,27.770000,27.506554
2013-01-04,28.760000,28.487158
2013-01-07,29.420000,29.140900
2013-01-08,29.059999,28.784313
2013-01-09,30.590000,30.299801
2013-01-10,31.299999,31.003063
2013-01-11,31.719999,31.419077
2013-01-14,30.950001,30.656385
2013-01-15,30.100000,29.814447
2013-01-16,29.850000,29.566816
2013-01-17,30.139999,29.854067
2013-01-18,29.660000,29.378618
2013-01-22,30.730000,30.438469
2013-01-23,30.820000,30.527617
2013-01-24,31.080000,30.785151
2013-01-25,31.540001,31.240786
2013-01-28,32.470001,32.161961
2013-01-29,30.790001,30.497904
2013-01-30,31.240000,30.943634
2013-01-31,30.980000,30.686102
2013-02-01,29.730000,29.447960
2013-02-04,28.110001,27.843325
2013-02-05,28.639999,28.368294
2013-02-06,29.049999,28.774410
2013-02-07,28.650000,28.378204
2013-02-08,28.549999,28.279148
2013-02-11,28.260000,27.991903
2013-02-12,27.370001,27.110348
2013-02-13,27.910000,27.645224
2013-02-14,28.500000,28.229628
2013-02-15,28.320000,28.051332
2013-02-19,28.930000,28.655546
2013-02-20,28.459999,28.190006
2013-02-21,27.280001,27.021202
2013-02-22,27.129999,26.872622
2013-02-25,27.270000,27.011295
2013-02-26,27.389999,27.130159
2013-02-27,26.870001,26.615091
2013-02-28,27.250000,26.991482
2013-03-01,27.780001,27.516457
2013-03-04,27.719999,27.457026
2013-03-05,27.520000,27.258923
2013-03-06,27.450001,27.189589
2013-03-07,28.580000,28.308870
2013-03-08,27.959999,27.694748
2013-03-11,28.139999,27.873039
2013-03-12,27.830000,27.565983
2013-03-13,27.080000,26.823093
2013-03-14,27.040001,26.783474
2013-03-15,26.650000,26.397177
2013-03-18,26.490000,26.238693
2013-03-19,26.549999,26.298126
2013-03-20,25.860001,25.614672
2013-03-21,25.740000,25.495811
2013-03-22,25.730000,25.485905
2013-03-25,25.129999,24.891598
2013-03-26,25.209999,24.970837
2013-03-27,26.090000,25.842487
2013-03-28,25.580000,25.337328
2013-04-01,25.530001,25.287802
2013-04-02,25.420000,25.178846
2013-04-03,26.250000,26.000971
2013-04-04,27.070000,26.813194
2013-04-05,27.389999,27.130159
2013-04-08,26.850000,26.595282
2013-04-09,26.590000,26.337744
2013-04-10,27.570000,27.308449
2013-04-11,28.020000,27.754179
2013-04-12,27.400000,27.140060
2013-04-15,26.520000,26.268410
2013-04-16,26.920000,26.664614
2013-04-17,26.629999,26.377365
2013-04-18,25.690001,25.446285
2013-04-19,25.730000,25.485905
2013-04-22,25.969999,25.723625
2013-04-23,25.980000,25.733528
2013-04-24,26.110001,25.862299
2013-04-25,26.139999,25.892014
2013-04-26,26.850000,26.595282
2013-04-29,26.980000,26.724041
2013-04-30,27.770000,27.506554
2013-05-01,27.430000,27.169779
2013-05-02,28.969999,28.695164
2013-05-03,28.309999,28.041426
2013-05-06,27.570000,27.308449
2013-05-07,26.889999,26.634897
2013-05-08,27.120001,26.862720
2013-05-09,27.040001,26.783474
2013-05-10,26.680000,26.426893
2013-05-13,26.820000,26.565561
2013-05-14,27.070000,26.813194
2013-05-15,26.600000,26.347651
2013-05-16,26.129999,25.882111
2013-05-17,26.250000,26.000971
2013-05-20,25.760000,25.515619
2013-05-21,25.660000,25.416571
2013-05-22,25.160000,24.921309
2013-05-23,25.059999,24.822258
2013-05-24,24.309999,24.079378
2013-05-28,24.100000,23.871368
2013-05-29,23.320000,23.098768
2013-05-30,24.549999,24.317097
2013-05-31,24.350000,24.118999
2013-06-03,23.850000,23.623739
2013-06-04,23.520000,23.296873
2013-06-05,22.900000,22.682751
2013-06-06,22.969999,22.752085
2013-06-07,23.290001,23.069052
2013-06-10,24.330000,24.099186
2013-06-11,24.030001,23.802032
2013-06-12,23.770000,23.544497
2013-06-13,23.730000,23.504875
2013-06-14,23.629999,23.405827
2013-06-17,24.020000,23.792126
2013-06-18,24.209999,23.980328
2013-06-19,24.309999,24.079378
2013-06-20,23.900000,23.673264
2013-06-21,24.530001,24.297289
2013-06-24,23.940001,23.712885
2013-06-25,24.250000,24.019945
2013-06-26,24.160000,23.930801
2013-06-27,24.660000,24.426056
2013-06-28,24.879999,24.643965
2013-07-01,24.809999,24.574633
2013-07-02,24.410000,24.178429
2013-07-03,24.520000,24.287386
2013-07-05,24.370001,24.138809
2013-07-08,24.709999,24.475582
2013-07-09,25.480000,25.238276
2013-07-10,25.799999,25.555239
2013-07-11,25.809999,25.565145
2013-07-12,25.910000,25.664194
2013-07-15,26.280001,26.030687
2013-07-16,26.320000,26.070309
2013-07-17,26.650000,26.397177
2013-07-18,26.180000,25.931635
2013-07-19,25.879999,25.634480
2013-07-22,26.049999,25.802870
2013-07-23,26.129999,25.882111
2013-07-24,26.510000,26.258505
2013-07-25,34.360001,34.034035
2013-07-26,34.009998,33.687351
2013-07-29,35.430000,35.093884
2013-07-30,37.630001,37.273006
2013-07-31,36.799999,36.450882
2013-08-01,37.490002,37.134346
2013-08-02,38.049999,37.689022
2013-08-05,39.189999,38.818211
2013-08-06,38.549999,38.184277
2013-08-07,38.869999,38.501247
2013-08-08,38.540001,38.174377
2013-08-09,38.500000,38.134762
2013-08-12,38.220001,37.857418
2013-08-13,37.020000,36.668800
2013-08-14,36.650002,36.302311
2013-08-15,36.560001,36.213169
2013-08-16,37.080002,36.728230
2013-08-19,37.810001,37.451309
2013-08-20,38.410000,38.045612
2013-08-21,38.320000,37.956467
2013-08-22,38.549999,38.184277
2013-08-23,40.549999,40.165314
2013-08-26,41.340000,40.947815
2013-08-27,39.639999,39.263939
2013-08-28,40.549999,40.165314
2013-08-29,41.279999,40.888382
2013-08-30,41.290001,40.898289
2013-09-03,41.869999,41.472786
2013-09-04,41.779999,41.383633
2013-09-05,42.660000,42.255295
2013-09-06,43.950001,43.533054
2013-09-09,44.040001,43.622208
2013-09-10,43.599998,43.186378
2013-09-11,45.040001,44.612717
2013-09-12,44.750000,44.325466
2013-09-13,44.310001,43.889641
2013-09-16,42.509998,42.106712
2013-09-17,45.070000,44.642429
2013-09-18,45.230000,44.800911
2013-09-19,45.980000,45.543797
2013-09-20,47.490002,47.039474
2013-09-23,47.189999,46.742321
2013-09-24,48.450001,47.990364
2013-09-25,49.459999,48.990784
2013-09-26,50.389999,49.911957
2013-09-27,51.240002,50.753899
2013-09-30,50.230000,49.753475
2013-10-01,50.419998,49.941673
2013-10-02,50.279999,49.803001
2013-10-03,49.180000,48.713440
2013-10-04,51.040001,50.555798
2013-10-07,50.520000,50.040722
2013-10-08,47.139999,46.692783
2013-10-09,46.770000,46.326302
2013-10-10,49.049999,48.584667
2013-10-11,49.110001,48.644104
2013-10-14,49.509998,49.040298
2013-10-15,49.500000,49.030396
2013-10-16,51.139999,50.654839
2013-10-17,52.209999,51.714687
2013-10-18,54.220001,53.705620
2013-10-21,53.849998,53.339138
2013-10-22,52.680000,52.180237
2013-10-23,51.900002,51.407631
2013-10-24,52.450001,51.952419
2013-10-25,51.950001,51.457157
2013-10-28,50.230000,49.753475
2013-10-29,49.400002,48.931355
2013-10-30,49.009998,48.545052
2013-10-31,50.209999,49.733662
2013-11-01,49.750000,49.278027
2013-11-04,48.220001,47.762550
2013-11-05,50.110001,49.634609
2013-11-06,49.119999,48.654007
2013-11-07,47.560001,47.108807
2013-11-08,47.529999,47.079086
2013-11-11,46.200001,45.761703
2013-11-12,46.610001,46.167820
2013-11-13,48.709999,48.247898
2013-11-14,48.990002,48.525246
2013-11-15,49.009998,48.545052
2013-11-18,45.830002,45.395222
2013-11-19,46.360001,45.920185
2013-11-20,46.430000,45.989529
2013-11-21,46.700001,46.256962
2013-11-22,46.230000,45.791428
2013-11-25,44.820000,44.394802
2013-11-26,45.889999,45.454651
2013-11-27,46.490002,46.048958
2013-11-29,47.009998,46.564026
2013-12-02,47.060001,46.613552
2013-12-03,46.730000,46.286686
2013-12-04,48.619999,48.158756
2013-12-05,48.340000,47.881405
2013-12-06,47.939999,47.485199
2013-12-09,48.840000,48.376667
2013-12-10,50.250000,49.773289
2013-12-11,49.380001,48.911541
2013-12-12,51.830002,51.338299
2013-12-13,53.320000,52.814167
2013-12-16,53.810001,53.299519
2013-12-17,54.860001,54.339558
2013-12-18,55.570000,55.042820
2013-12-19,55.049999,54.527748
2013-12-20,55.119999,54.597088
2013-12-23,57.770000,57.221951
2013-12-24,57.959999,57.410149
2013-12-26,57.730000,57.182323
2013-12-27,55.439999,54.914051
2013-12-30,53.709999,53.200462
2013-12-31,54.650002,54.131546
2014-01-02,54.709999,54.190979
2014-01-03,54.560001,54.042404
2014-01-06,57.200001,56.657360
2014-01-07,57.919998,57.370522
2014-01-08,58.230000,57.677586
2014-01-09,57.220001,56.677170
2014-01-10,57.939999,57.390327
2014-01-13,55.910000,55.379597
2014-01-14,57.740002,57.192234
2014-01-15,57.599998,57.053555
2014-01-16,57.189999,56.647438
2014-01-17,56.299999,55.765888
2014-01-21,58.509998,57.954926
2014-01-22,57.509998,56.964413
2014-01-23,56.630001,56.092762
2014-01-24,54.450001,53.933445
2014-01-27,53.549999,53.041985
2014-01-28,55.139999,54.616898
2014-01-29,53.529999,53.022175
2014-01-30,61.080002,60.500549
2014-01-31,62.570000,61.976410
2014-02-03,61.480000,60.896751
2014-02-04,62.750000,62.154701
2014-02-05,62.189999,61.600014
2014-02-06,62.160000,61.570301
2014-02-07,64.320000,63.709820
2014-02-10,63.549999,62.947109
2014-02-11,64.849998,64.234772
2014-02-12,64.449997,63.838573
2014-02-13,67.330002,66.691254
2014-02-14,67.089996,66.453537
2014-02-18,67.300003,66.661537
2014-02-19,68.059998,67.414330
2014-02-20,69.629997,68.969429
2014-02-21,68.589996,67.939285
2014-02-24,70.779999,70.108528
2014-02-25,69.849998,69.187347
2014-02-26,69.260002,68.602943
2014-02-27,68.940002,68.285973
2014-02-28,68.459999,67.810532
2014-03-03,67.410004,66.770493
2014-03-04,68.800003,68.147301
2014-03-05,71.570000,70.891022
2014-03-06,70.839996,70.167969
2014-03-07,69.800003,69.137825
2014-03-10,72.029999,71.346664
2014-03-11,70.099998,69.434982
2014-03-12,70.879997,70.207581
2014-03-13,68.830002,68.177017
2014-03-14,67.720001,67.077545
2014-03-17,68.739998,68.087883
2014-03-18,69.190002,68.533615
2014-03-19,68.239998,67.592621
2014-03-20,66.970001,66.334663
2014-03-21,67.239998,66.602119
2014-03-24,64.099998,63.491898
2014-03-25,64.889999,64.274399
2014-03-26,60.389999,59.817093
2014-03-27,60.970001,60.391590
2014-03-28,60.009998,59.440693
2014-03-31,60.240002,59.668518
2014-04-01,62.619999,62.025936
2014-04-02,62.720001,62.124985
2014-04-03,59.490002,58.925629
2014-04-04,56.750000,56.211620
2014-04-07,56.950001,56.409725
2014-04-08,58.189999,57.637962
2014-04-09,62.410000,61.817924
2014-04-10,59.160000,58.598751
2014-04-11,58.529999,57.974728
2014-04-14,58.889999,58.331322
2014-04-15,59.090000,58.529423
2014-04-16,59.720001,59.153446
2014-04-17,58.939999,58.380844
2014-04-21,61.240002,60.659027
2014-04-22,63.029999,62.432041
2014-04-23,61.360001,60.777889
2014-04-24,60.869999,60.292538
2014-04-25,57.709999,57.162518
2014-04-28,56.139999,55.607407
2014-04-29,58.150002,57.598347
2014-04-30,59.779999,59.212872
2014-05-01,61.150002,60.569881
2014-05-02,60.459999,59.886421
2014-05-05,61.220001,60.639221
2014-05-06,58.529999,57.974728
2014-05-07,57.389999,56.845551
2014-05-08,56.759998,56.221527
2014-05-09,57.240002,56.696976
2014-05-12,59.830002,59.262405
2014-05-13,59.830002,59.262405
2014-05-14,59.230000,58.668102
2014-05-15,57.919998,57.370522
2014-05-16,58.020000,57.469574
2014-05-19,59.209999,58.648289
2014-05-20,58.560001,58.004448
2014-05-21,60.490002,59.916142
2014-05-22,60.520000,59.945858
2014-05-23,61.349998,60.767979
2014-05-27,63.480000,62.877777
2014-05-28,63.509998,62.907494
2014-05-29,63.830002,63.224461
2014-05-30,63.299999,62.699486
2014-06-02,63.080002,62.481571
2014-06-03,62.869999,62.273563
2014-06-04,63.340000,62.739105
2014-06-05,63.189999,62.590523
2014-06-06,62.500000,61.907082
2014-06-09,62.880001,62.283466
2014-06-10,65.769997,65.146049
2014-06-11,65.779999,65.155952
2014-06-12,64.290001,63.680099
2014-06-13,64.500000,63.888096
2014-06-16,64.190002,63.581043
2014-06-17,64.400002,63.789043
2014-06-18,65.599998,64.977669
2014-06-19,64.339996,63.729614
2014-06-20,64.500000,63.888096
2014-06-23,65.370003,64.749855
2014-06-24,65.720001,65.096519
2014-06-25,67.440002,66.800201
2014-06-26,67.129997,66.493141
2014-06-27,67.599998,66.958694
2014-06-30,67.290001,66.651634
2014-07-01,68.059998,67.414330
2014-07-02,66.449997,65.819611
2014-07-03,66.290001,65.661118
2014-07-07,65.290001,64.670601
2014-07-08,62.759998,62.164608
2014-07-09,64.970001,64.353638
2014-07-10,64.870003,64.254578
2014-07-11,66.339996,65.710648
2014-07-14,67.900002,67.255859
2014-07-15,67.169998,66.532776
2014-07-16,67.660004,67.018143
2014-07-17,66.410004,65.779991
2014-07-18,68.419998,67.770912
2014-07-21,69.400002,68.741600
2014-07-22,69.269997,68.612839
2014-07-23,71.290001,70.613686
2014-07-24,74.980003,74.268692
2014-07-25,75.190002,74.476685
2014-07-28,74.919998,74.209244
2014-07-29,73.709999,73.010727
2014-07-30,74.680000,73.971519
2014-07-31,72.650002,71.960770
2014-08-01,72.360001,71.673538
2014-08-04,73.510002,72.812622
2014-08-05,72.690002,72.000389
2014-08-06,72.470001,71.782509
2014-08-07,73.169998,72.475838
2014-08-08,73.059998,72.366890
2014-08-11,73.440002,72.743279
2014-08-12,72.830002,72.139069
2014-08-13,73.769997,73.070152
2014-08-14,74.300003,73.595139
2014-08-15,73.629997,72.931473
2014-08-18,74.589996,73.882378
2014-08-19,75.290001,74.575737
2014-08-20,74.809998,74.100304
2014-08-21,74.570000,73.862579
2014-08-22,74.570000,73.862579
2014-08-25,75.019997,74.308289
2014-08-26,75.959999,75.239388
2014-08-27,74.629997,73.921982
2014-08-28,73.860001,73.159302
2014-08-29,74.820000,74.110184
2014-09-02,76.680000,75.952545
2014-09-03,75.830002,75.110619
2014-09-04,75.949997,75.229469
2014-09-05,77.260002,76.527039
2014-09-08,77.889999,77.151070
2014-09-09,76.669998,75.942657
2014-09-10,77.430000,76.695427
2014-09-11,77.919998,77.180786
2014-09-12,77.480003,76.744965
2014-09-15,74.580002,73.872467
2014-09-16,76.080002,75.358246
2014-09-17,76.430000,75.704933
2014-09-18,77.000000,76.269524
2014-09-19,77.910004,77.170883
2014-09-22,76.800003,76.071426
2014-09-23,78.290001,77.547272
2014-09-24,78.540001,77.794914
2014-09-25,77.220001,76.487427
2014-09-26,78.790001,78.042526
2014-09-29,79.000000,78.250542
2014-09-30,79.040001,78.290169
2014-10-01,76.550003,75.823784
2014-10-02,77.080002,76.348755
2014-10-03,77.440002,76.705338
2014-10-06,77.559998,76.824196
2014-10-07,76.290001,75.566254
2014-10-08,77.519997,76.784569
2014-10-09,75.910004,75.189865
2014-10-10,72.910004,72.218330
2014-10-13,72.989998,72.297546
2014-10-14,73.589996,72.891853
2014-10-15,73.209999,72.515465
2014-10-16,72.629997,71.940964
2014-10-17,75.949997,75.229469
2014-10-20,76.949997,76.219971
2014-10-21,78.690002,77.943489
2014-10-22,78.370003,77.626518
2014-10-23,80.040001,79.280663
2014-10-24,80.669998,79.904701
2014-10-27,80.279999,79.518402
2014-10-28,80.769997,80.003746
2014-10-29,75.860001,75.140327
2014-10-30,74.110001,73.406937
2014-10-31,74.989998,74.278587
2014-11-03,73.879997,73.179108
2014-11-04,75.760002,75.041283
2014-11-05,74.830002,74.120094
2014-11-06,75.260002,74.546013
2014-11-07,75.599998,74.882790
2014-11-10,75.000000,74.288498
2014-11-11,74.610001,73.902184
2014-11-12,74.720001,74.011147
2014-11-13,74.250000,73.545601
2014-11-14,74.879997,74.169632
2014-11-17,74.239998,73.535683
2014-11-18,74.339996,73.634727
2014-11-19,73.330002,72.634331
2014-11-20,73.599998,72.901764
2014-11-21,73.750000,73.050346
2014-11-24,74.010002,73.307869
2014-11-25,75.629997,74.912506
2014-11-26,77.620003,76.883644
2014-11-28,77.699997,76.962875
2014-12-01,75.099998,74.387527
2014-12-02,75.459999,74.744110
2014-12-03,74.879997,74.169632
2014-12-04,75.239998,74.526207
2014-12-05,76.360001,75.635590
2014-12-08,76.519997,75.794060
2014-12-09,76.839996,76.111031
2014-12-10,76.180000,75.457291
2014-12-11,77.730003,76.992584
2014-12-12,77.830002,77.091637
2014-12-15,76.989998,76.259613
2014-12-16,74.690002,73.981430
2014-12-17,76.110001,75.387962
2014-12-18,78.400002,77.656235
2014-12-19,79.879997,79.122192
2014-12-22,81.449997,80.677292
2014-12-23,80.610001,79.845276
2014-12-24,80.769997,80.003746
2014-12-26,80.779999,80.013649
2014-12-29,80.019997,79.260857
2014-12-30,79.220001,78.468445
2014-12-31,78.019997,77.279823
2015-01-02,78.449997,77.705750
2015-01-05,77.190002,76.457710
2015-01-06,76.150002,75.427589
2015-01-07,76.150002,75.427589
2015-01-08,78.180000,77.438324
2015-01-09,77.739998,77.002495
2015-01-12,76.720001,75.992180
2015-01-13,76.449997,75.724724
2015-01-14,76.279999,75.556343
2015-01-15,74.050003,73.347504
2015-01-16,75.180000,74.466782
2015-01-20,76.239998,75.516731
2015-01-21,76.739998,76.011986
2015-01-22,77.650002,76.913353
2015-01-23,77.830002,77.091637
2015-01-26,77.500000,76.764778
2015-01-27,75.779999,75.061096
2015-01-28,76.239998,75.516731
2015-01-29,78.000000,77.260017
2015-01-30,75.910004,75.189865
2015-02-02,74.989998,74.278587
2015-02-03,75.400002,74.684700
2015-02-04,75.629997,74.912506
2015-02-05,75.610001,74.892708
2015-02-06,74.470001,73.763512
2015-02-09,74.440002,73.733810
2015-02-10,75.190002,74.476685
2015-02-11,76.510002,75.784157
2015-02-12,76.230003,75.506836
2015-02-13,75.739998,75.021469
2015-02-17,75.599998,74.882790
2015-02-18,76.709999,75.982254
2015-02-19,79.419998,78.666557
2015-02-20,79.900002,79.141998
2015-02-23,78.839996,78.092056
2015-02-24,78.449997,77.705750
2015-02-25,79.559998,78.805222
2015-02-26,80.410004,79.647171
2015-02-27,78.970001,78.220833
2015-03-02,79.750000,78.993431
2015-03-03,79.599998,78.844841
2015-03-04,80.900002,80.132523
2015-03-05,81.209999,80.439560
2015-03-06,80.010002,79.250969
2015-03-09,79.440002,78.686378
2015-03-10,77.550003,76.814293
2015-03-11,77.570000,76.834099
2015-03-12,78.930000,78.181221
2015-03-13,78.050003,77.309555
2015-03-16,78.070000,77.329353
2015-03-17,79.360001,78.607124
2015-03-18,80.910004,80.142426
2015-03-19,82.750000,81.964951
2015-03-20,83.800003,83.005013
2015-03-23,84.430000,83.629021
2015-03-24,85.309998,84.500687
2015-03-25,82.919998,82.133347
2015-03-26,83.010002,82.222496
2015-03-27,83.300003,82.509758
2015-03-30,83.199997,82.410690
2015-03-31,82.220001,81.439995
2015-04-01,81.669998,80.895203
2015-04-02,81.559998,80.786247
2015-04-06,82.440002,81.657906
2015-04-07,82.320000,81.539047
2015-04-08,82.279999,81.499420
2015-04-09,82.169998,81.390457
2015-04-10,82.040001,81.261703
2015-04-13,83.010002,82.222496
2015-04-14,83.519997,82.727661
2015-04-15,82.709999,81.925354
2015-04-16,82.309998,81.529137
2015-04-17,80.779999,80.013649
2015-04-20,83.089996,82.301727
2015-04-21,83.620003,82.826714
2015-04-22,84.629997,83.827126
2015-04-23,82.410004,81.628189
2015-04-24,81.529999,80.756523
2015-04-27,81.910004,81.132935
2015-04-28,80.680000,79.914604
2015-04-29,80.470001,79.706589
2015-04-30,78.769997,78.022720
2015-05-01,78.989998,78.240623
2015-05-04,78.809998,78.062332
2015-05-05,77.559998,76.824196
2015-05-06,78.099998,77.359070
2015-05-07,78.430000,77.685951
2015-05-08,78.510002,77.765190
2015-05-11,78.010002,77.269928
2015-05-12,77.459999,76.725151
2015-05-13,78.440002,77.695854
2015-05-14,81.370003,80.598061
2015-05-15,80.419998,79.657082
2015-05-18,80.879997,80.112694
2015-05-19,80.629997,79.865082
2015-05-20,80.550003,79.785843
2015-05-21,80.480003,79.716507
2015-05-22,80.540001,79.775925
2015-05-26,79.330002,78.577408
2015-05-27,80.550003,79.785843
2015-05-28,80.150002,79.389641
2015-05-29,79.190002,78.438736
2015-06-01,80.290001,79.528305
2015-06-02,80.440002,79.676880
2015-06-03,82.440002,81.657906
2015-06-04,82.050003,81.271606
2015-06-05,82.139999,81.360741
2015-06-08,80.669998,79.904701
2015-06-09,80.669998,79.904701
2015-06-10,82.160004,81.380554
2015-06-11,81.830002,81.053688
2015-06-12,81.529999,80.756523
2015-06-15,80.709999,79.944313
2015-06-16,81.059998,80.291000
2015-06-17,81.790001,81.014084
2015-06-18,82.910004,82.123444
2015-06-19,82.510002,81.727242
2015-06-22,84.739998,83.936089
2015-06-23,87.879997,87.046295
2015-06-24,88.860001,88.016998
2015-06-25,87.980003,87.145340
2015-06-26,88.010002,87.175079
2015-06-29,85.800003,84.986046
2015-06-30,85.769997,84.956299
2015-07-01,86.910004,86.085495
2015-07-02,87.290001,86.461899
2015-07-06,87.550003,86.719429
2015-07-07,87.220001,86.392548
2015-07-08,85.650002,84.837456
2015-07-09,85.879997,85.065277
2015-07-10,87.949997,87.115631
2015-07-13,90.099998,89.245239
2015-07-14,89.680000,88.829224
2015-07-15,89.760002,88.908470
2015-07-16,90.849998,89.988121
2015-07-17,94.970001,94.069031
2015-07-20,97.910004,96.981140
2015-07-21,98.389999,97.456596
2015-07-22,97.040001,96.119400
2015-07-23,95.440002,94.534576
2015-07-24,96.949997,96.030258
2015-07-27,94.169998,93.276627
2015-07-28,95.290001,94.386002
2015-07-29,96.989998,96.069870
2015-07-30,95.209999,94.306763
2015-07-31,94.010002,93.118149
2015-08-03,94.139999,93.246910
2015-08-04,94.059998,93.167679
2015-08-05,96.440002,95.525101
2015-08-06,95.120003,94.217613
2015-08-07,94.300003,93.405403
2015-08-10,94.150002,93.256821
2015-08-11,93.620003,92.731857
2015-08-12,94.190002,93.296440
2015-08-13,93.430000,92.543648
2015-08-14,94.419998,93.524246
2015-08-17,93.930000,93.038918
2015-08-18,95.169998,94.267128
2015-08-19,95.309998,94.405815
2015-08-20,90.559998,89.700859
2015-08-21,86.059998,85.243553
2015-08-24,82.089996,81.311211
2015-08-25,83.000000,82.212593
2015-08-26,87.190002,86.362846
2015-08-27,89.730003,88.878761
2015-08-28,91.010002,90.146614
2015-08-31,89.430000,88.581589
2015-09-01,87.230003,86.402466
2015-09-02,89.889999,89.037247
2015-09-03,88.150002,87.313728
2015-09-04,88.260002,87.422691
2015-09-08,89.529999,88.680641
2015-09-09,90.440002,89.582008
2015-09-10,91.980003,91.107399
2015-09-11,92.050003,91.176743
2015-09-14,92.309998,91.434258
2015-09-15,92.900002,92.018677
2015-09-16,93.449997,92.563461
2015-09-17,94.339996,93.445015
2015-09-18,94.400002,93.504448
2015-09-21,95.550003,94.643539
2015-09-22,92.959999,92.078094
2015-09-23,93.970001,93.078514
2015-09-24,94.410004,93.514343
2015-09-25,92.769997,91.889908
2015-09-28,89.209999,88.363670
2015-09-29,86.669998,85.847771
2015-09-30,89.900002,89.047142
2015-10-01,90.949997,90.087166
2015-10-02,92.070000,91.196556
2015-10-05,94.010002,93.118149
2015-10-06,92.800003,91.919624
2015-10-07,92.400002,91.523407
2015-10-08,92.470001,91.592751
2015-10-09,93.239998,92.355453
2015-10-12,94.260002,93.365776
2015-10-13,94.120003,93.227104
2015-10-14,94.070000,93.177589
2015-10-15,95.959999,95.049644
2015-10-16,97.540001,96.614647
2015-10-19,98.470001,97.535843
2015-10-20,97.000000,96.079781
2015-10-21,97.110001,96.188736
2015-10-22,99.669998,98.724434
2015-10-23,102.190002,101.220543
2015-10-26,103.769997,102.785545
2015-10-27,103.699997,102.716217
2015-10-28,104.199997,103.211479
2015-10-29,104.879997,103.885010
2015-10-30,101.970001,101.002632
2015-11-02,103.309998,102.329926
2015-11-03,102.580002,101.606850
2015-11-04,103.940002,102.953949
2015-11-05,108.760002,107.728203
2015-11-06,107.099998,106.083969
2015-11-09,106.489998,105.479752
2015-11-10,107.910004,106.886284
2015-11-11,109.010002,107.975838
2015-11-12,108.019997,106.995216
2015-11-13,103.949997,102.963829
2015-11-16,104.040001,103.052986
2015-11-17,105.129997,104.132637
2015-11-18,107.769997,106.747597
2015-11-19,106.260002,105.251930
2015-11-20,107.320000,106.301865
2015-11-23,106.949997,105.935387
2015-11-24,105.739998,104.736870
2015-11-25,105.410004,104.410004
2015-11-27,105.449997,104.449608
2015-11-30,104.239998,103.251083
2015-12-01,107.120003,106.103783
2015-12-02,106.070000,105.063736
2015-12-03,104.379997,103.389755
2015-12-04,106.180000,105.172699
2015-12-07,105.610001,104.608093
2015-12-08,106.489998,105.479752
2015-12-09,104.599998,103.607681
2015-12-10,105.419998,104.419899
2015-12-11,102.120003,101.151207
2015-12-14,104.660004,103.667122
2015-12-15,104.550003,103.558151
2015-12-16,106.790001,105.776917
2015-12-17,106.220001,105.212318
2015-12-18,104.040001,103.052986
2015-12-21,104.769997,103.776062
2015-12-22,105.510002,104.509041
2015-12-23,104.629997,103.637383
2015-12-24,105.019997,104.023697
2015-12-28,105.930000,104.925056
2015-12-29,107.260002,106.242455
2015-12-30,106.220001,105.212318
2015-12-31,104.660004,103.667122
2016-01-04,102.220001,101.250267
2016-01-05,102.730003,101.755424
2016-01-06,102.970001,101.993164
2016-01-07,97.919998,96.991043
2016-01-08,97.330002,96.406647
2016-01-11,97.510002,96.584938
2016-01-12,99.370003,98.427299
2016-01-13,95.440002,94.534576
2016-01-14,98.370003,97.436775
2016-01-15,94.970001,94.069031
2016-01-19,95.260002,94.356285
2016-01-20,94.349998,93.454926
2016-01-21,94.160004,93.266724
2016-01-22,97.940002,97.010857
2016-01-25,97.010002,96.089684
2016-01-26,97.339996,96.416550
2016-01-27,94.449997,93.553970
2016-01-28,109.110001,108.074898
2016-01-29,112.209999,111.145485
2016-02-01,115.089996,113.998161
2016-02-02,114.610001,113.522720
2016-02-03,112.690002,111.620926
2016-02-04,110.489998,109.441795
2016-02-05,104.070000,103.082695
2016-02-08,99.750000,98.803696
2016-02-09,99.540001,98.595680
2016-02-10,101.000000,100.041847
2016-02-11,101.910004,100.943199
2016-02-12,102.010002,101.042259
2016-02-16,101.610001,100.646042
2016-02-17,105.199997,104.201981
2016-02-18,103.470001,102.488403
2016-02-19,104.570000,103.577957
2016-02-22,107.160004,106.143394
2016-02-23,105.459999,104.459526
2016-02-24,106.879997,105.866051
2016-02-25,108.070000,107.044754
2016-02-26,107.919998,106.896164
2016-02-29,106.919998,105.905663
2016-03-01,109.820000,108.778152
2016-03-02,109.949997,108.906921
2016-03-03,109.580002,108.540421
2016-03-04,108.389999,107.361717
2016-03-07,105.730003,104.726959
2016-03-08,105.930000,104.925056
2016-03-09,107.510002,106.490074
2016-03-10,107.320000,106.301865
2016-03-11,109.410004,108.372047
2016-03-14,109.889999,108.847488
2016-03-15,110.669998,109.620094
2016-03-16,112.180000,111.115753
2016-03-17,111.019997,109.966766
2016-03-18,111.449997,110.392685
2016-03-21,111.849998,110.788902
2016-03-22,112.250000,111.185104
2016-03-23,112.540001,111.472343
2016-03-24,113.050003,111.977524
2016-03-28,113.690002,112.611450
2016-03-29,116.139999,115.038200
2016-03-30,114.699997,113.611847
2016-03-31,114.099998,113.017555
2016-04-01,116.059998,114.958961
2016-04-04,112.550003,111.482246
2016-04-05,112.220001,111.155388
2016-04-06,113.709999,112.631248
2016-04-07,113.639999,112.561913
2016-04-08,110.629997,109.580467
2016-04-11,108.989998,107.956024
2016-04-12,110.610001,109.560654
2016-04-13,110.510002,109.461609
2016-04-14,110.839996,109.788467
2016-04-15,109.639999,108.599861
2016-04-18,110.449997,109.402176
2016-04-19,112.290001,111.224731
2016-04-20,112.419998,111.353485
2016-04-21,113.440002,112.363808
2016-04-22,110.559998,109.511139
2016-04-25,110.099998,109.055496
2016-04-26,108.760002,107.728203
2016-04-27,108.889999,107.856979
2016-04-28,116.730003,115.622604
2016-04-29,117.580002,116.464539
2016-05-02,118.570000,117.445145
2016-05-03,117.430000,116.315956
2016-05-04,118.059998,116.939980
2016-05-05,117.809998,116.692345
2016-05-06,119.489998,118.356422
2016-05-09,119.239998,118.108788
2016-05-10,120.500000,119.356834
2016-05-11,119.519997,118.386139
2016-05-12,120.279999,119.138924
2016-05-13,119.809998,118.673386
2016-05-16,118.669998,117.544205
2016-05-17,117.349998,116.236717
2016-05-18,117.650002,116.533882
2016-05-19,116.809998,115.701843
2016-05-20,117.349998,116.236717
2016-05-23,115.970001,114.869820
2016-05-24,117.699997,116.583405
2016-05-25,117.889999,116.771591
2016-05-26,119.470001,118.336624
2016-05-27,119.379997,118.247459
2016-05-31,118.809998,117.682861
2016-06-01,118.779999,117.653152
2016-06-02,118.930000,117.801727
2016-06-03,118.470001,117.346100
2016-06-06,118.790001,117.663063
2016-06-07,117.760002,116.642830
2016-06-08,118.389999,117.266846
2016-06-09,118.559998,117.435219
2016-06-10,116.620003,115.513657
2016-06-13,113.949997,112.868965
2016-06-14,114.940002,113.849586
2016-06-15,114.599998,113.512817
2016-06-16,114.389999,113.304794
2016-06-17,113.019997,111.947792
2016-06-20,113.370003,112.294479
2016-06-21,114.379997,113.294876
2016-06-22,113.910004,112.829361
2016-06-23,115.080002,113.988266
2016-06-24,112.080002,111.016716
2016-06-27,108.970001,107.936211
2016-06-28,112.699997,111.630821
2016-06-29,114.160004,113.076996
2016-06-30,114.279999,113.195839
2016-07-01,114.190002,113.106689
2016-07-05,114.199997,113.116592
2016-07-06,116.699997,115.592888
2016-07-07,115.849998,114.750954
2016-07-08,117.239998,116.127762
2016-07-11,117.870003,116.751785
2016-07-12,117.930000,116.811226
2016-07-13,116.779999,115.672142
2016-07-14,117.290001,116.177292
2016-07-15,116.860001,115.751381
2016-07-18,119.370003,118.237556
2016-07-19,120.610001,119.465790
2016-07-20,121.919998,120.763367
2016-07-21,120.610001,119.465790
2016-07-22,121.000000,119.852081
2016-07-25,121.629997,120.476112
2016-07-26,121.220001,120.070007
2016-07-27,123.339996,122.169891
2016-07-28,125.000000,123.814163
2016-07-29,123.940002,122.764191
2016-08-01,124.309998,123.130692
2016-08-02,123.089996,121.922249
2016-08-03,122.510002,121.347763
2016-08-04,124.360001,123.180214
2016-08-05,125.150002,123.962723
2016-08-08,125.260002,124.071678
2016-08-09,125.059998,123.873581
2016-08-10,124.879997,123.695290
2016-08-11,124.900002,123.715111
2016-08-12,124.879997,123.695290
2016-08-15,123.900002,122.724586
2016-08-16,123.300003,122.130280
2016-08-17,124.370003,123.190117
2016-08-18,123.910004,122.734505
2016-08-19,123.559998,122.387810
2016-08-22,124.150002,122.972214
2016-08-23,124.370003,123.190117
2016-08-24,123.480003,122.308586
2016-08-25,123.889999,122.714668
2016-08-26,124.959999,123.774536
2016-08-29,126.540001,125.339539
2016-08-30,125.839996,124.646164
2016-08-31,126.120003,124.923531
2016-09-01,126.169998,124.973053
2016-09-02,126.510002,125.309822
2016-09-06,129.729996,128.499298
2016-09-07,131.050003,129.806732
2016-09-08,130.270004,129.034134
2016-09-09,127.099998,125.894218
2016-09-12,128.690002,127.469147
2016-09-13,127.209999,126.003181
2016-09-14,127.769997,126.557877
2016-09-15,128.350006,127.132378
2016-09-16,129.070007,127.845558
2016-09-19,128.649994,127.429504
2016-09-20,128.639999,127.419640
2016-09-21,129.940002,128.707275
2016-09-22,130.080002,128.845947
2016-09-23,127.959999,126.746056
2016-09-26,127.309998,126.102219
2016-09-27,128.690002,127.469147
2016-09-28,129.229996,128.004013
2016-09-29,128.089996,126.874832
2016-09-30,128.270004,127.053146
2016-10-03,128.770004,127.548386
2016-10-04,128.190002,126.973892
2016-10-05,128.470001,127.251236
2016-10-06,128.740005,127.518661
2016-10-07,128.990005,127.766312
2016-10-10,130.240005,129.004425
2016-10-11,128.880005,127.657341
2016-10-12,129.050003,127.825722
2016-10-13,127.820000,126.607399
2016-10-14,127.879997,126.666817
2016-10-17,127.540001,126.330040
2016-10-18,128.570007,127.350273
2016-10-19,130.110001,128.875641
2016-10-20,130.000000,128.766708
2016-10-21,132.070007,130.817062
2016-10-24,133.279999,132.015579
2016-10-25,132.289993,131.034988
2016-10-26,131.039993,129.796844
2016-10-27,129.690002,128.459656
2016-10-28,131.289993,130.044479
2016-10-31,130.990005,129.747330
2016-11-01,129.500000,128.271454
2016-11-02,127.169998,125.963570
2016-11-03,120.000000,118.861572
2016-11-04,120.750000,119.604469
2016-11-07,122.150002,120.991188
2016-11-08,124.220001,123.041550
2016-11-09,123.180000,122.011406
2016-11-10,120.800003,119.653999
2016-11-11,119.019997,117.890877
2016-11-14,115.080002,113.988266
2016-11-15,117.199997,116.088142
2016-11-16,116.339996,115.236313
2016-11-17,117.790001,116.672554
2016-11-18,117.019997,115.909851
2016-11-21,121.769997,120.614777
2016-11-22,121.470001,120.317635
2016-11-23,120.839996,119.693604
2016-11-25,120.379997,119.237984
2016-11-28,120.410004,119.267693
2016-11-29,120.870003,119.723343
2016-11-30,118.419998,117.296577
2016-12-01,115.099998,114.008064
2016-12-02,115.400002,114.305229
2016-12-05,117.430000,116.315956
2016-12-06,117.309998,116.197083
2016-12-07,117.949997,116.831017
2016-12-08,118.910004,117.781944
2016-12-09,119.680000,118.544632
2016-12-12,117.769997,116.652725
2016-12-13,120.309998,119.168640
2016-12-14,120.209999,119.069580
2016-12-15,120.570000,119.426178
2016-12-16,119.870003,118.732819
2016-12-19,119.239998,118.108788
2016-12-20,119.089996,117.960205
2016-12-21,119.040001,117.910690
2016-12-22,117.400002,116.286232
2016-12-23,117.269997,116.157471
2016-12-27,118.010002,116.890457
2016-12-28,116.919998,115.810791
2016-12-29,116.349998,115.246201
2016-12-30,115.050003,113.958549
2017-01-03,116.860001,115.751381
2017-01-04,118.690002,117.564011
2017-01-05,120.669998,119.525230
2017-01-06,123.410004,122.239235
2017-01-09,124.900002,123.715111
2017-01-10,124.349998,123.170303
2017-01-11,126.089996,124.893806
2017-01-12,126.620003,125.418777
2017-01-13,128.339996,127.122452
2017-01-17,127.870003,126.656929
2017-01-18,127.919998,126.706444
2017-01-19,127.550003,126.339943
2017-01-20,127.040001,125.834793
2017-01-23,128.929993,127.706856
2017-01-24,129.369995,128.142685
2017-01-25,131.479996,130.232666
2017-01-26,132.779999,131.520325
2017-01-27,132.179993,130.926010
2017-01-30,130.979996,129.737396
2017-01-31,130.320007,129.083694
2017-02-01,133.229996,131.966049
2017-02-02,130.839996,129.598755
2017-02-03,130.979996,129.737396
2017-02-06,132.059998,130.807175
2017-02-07,131.839996,130.589249
2017-02-08,134.199997,132.926880
2017-02-09,134.139999,132.867432
2017-02-10,134.190002,132.916946
2017-02-13,134.050003,132.778259
2017-02-14,133.850006,132.580185
2017-02-15,133.440002,132.174072
2017-02-16,133.839996,132.570297
2017-02-17,133.529999,132.263229
2017-02-21,133.720001,132.451431
2017-02-22,136.119995,134.828659
2017-02-23,135.360001,134.075882
2017-02-24,135.440002,134.155090
2017-02-27,136.410004,135.115921
2017-02-28,135.539993,134.254150
2017-03-01,137.419998,136.116333
2017-03-02,136.759995,135.462570
2017-03-03,137.169998,135.868698
2017-03-06,137.419998,136.116333
2017-03-07,137.300003,135.997452
2017-03-08,137.720001,136.413483
2017-03-09,138.240005,136.928528
2017-03-10,138.789993,137.473328
2017-03-13,139.600006,138.275650
2017-03-14,139.320007,137.998322
2017-03-15,139.720001,138.394501
2017-03-16,139.990005,138.661942
2017-03-17,139.839996,138.513351
2017-03-20,139.940002,138.612427
2017-03-21,138.509995,137.195984
2017-03-22,139.589996,138.265717
2017-03-23,139.529999,138.206314
2017-03-24,140.339996,139.008606
2017-03-27,140.320007,138.988815
2017-03-28,141.759995,140.415161
2017-03-29,142.649994,141.296707
2017-03-30,142.410004,141.058975
2017-03-31,142.050003,140.702377
2017-04-03,142.279999,140.930191
2017-04-04,141.729996,140.385406
2017-04-05,141.850006,140.504288
2017-04-06,141.169998,139.830734
2017-04-07,140.779999,139.444443
2017-04-10,141.039993,139.701981
2017-04-11,139.919998,138.592590
2017-04-12,139.580002,138.255844
2017-04-13,139.389999,138.067642
2017-04-17,141.419998,140.078384
2017-04-18,140.960007,139.622742
2017-04-19,142.270004,140.920349
2017-04-20,143.800003,142.435791
2017-04-21,143.679993,142.316940
2017-04-24,145.470001,144.089951
2017-04-25,146.490005,145.100296
2017-04-26,146.559998,145.169617
2017-04-27,147.699997,146.298782
2017-04-28,150.250000,148.824600
2017-05-01,152.460007,151.013672
2017-05-02,152.779999,151.330612
2017-05-03,151.800003,150.359894
2017-05-04,150.850006,149.418930
2017-05-05,150.240005,148.814713
2017-05-08,151.059998,149.626907
2017-05-09,150.479996,149.052414
2017-05-10,150.289993,148.864227
2017-05-11,150.039993,148.616577
2017-05-12,150.330002,148.903824
2017-05-15,150.190002,148.765198
2017-05-16,149.779999,148.359055
2017-05-17,144.850006,143.475845
2017-05-18,147.660004,146.259171
2017-05-19,148.059998,146.655380
2017-05-22,148.240005,146.833710
2017-05-23,148.070007,146.665283
2017-05-24,150.039993,148.616577
2017-05-25,151.960007,150.518387
2017-05-26,152.130005,150.686768
2017-05-30,152.380005,150.934418
2017-05-31,151.460007,150.023132
2017-06-01,151.529999,150.092438
2017-06-02,153.610001,152.152710
2017-06-05,153.630005,152.172546
2017-06-06,152.809998,151.360306
2017-06-07,153.119995,151.667404
2017-06-08,154.710007,153.242310
2017-06-09,149.600006,148.180786
2017-06-12,148.440002,147.031769
2017-06-13,150.679993,149.250519
2017-06-14,150.250000,148.824600
2017-06-15,149.800003,148.378876
2017-06-16,150.639999,149.210907
2017-06-19,152.869995,151.419739
2017-06-20,152.250000,150.805634
2017-06-21,153.910004,152.449905
2017-06-22,153.399994,151.944702
2017-06-23,155.070007,153.598907
2017-06-26,153.589996,152.132904
2017-06-27,150.580002,149.151474
2017-06-28,153.240005,151.786255
2017-06-29,151.039993,149.607101
2017-06-30,150.979996,149.547699
2017-07-03,148.429993,147.021881
2017-07-05,150.339996,148.913773
2017-07-06,148.820007,147.408173
2017-07-07,151.440002,150.003326
2017-07-10,153.500000,152.043793
2017-07-11,155.270004,153.796997
2017-07-12,158.899994,157.392532
2017-07-13,159.259995,157.749115
2017-07-14,159.970001,158.452393
2017-07-17,159.729996,158.214676
2017-07-18,162.860001,161.314987
2017-07-19,164.139999,162.582840
2017-07-20,164.529999,162.969116
2017-07-21,164.429993,162.870056
2017-07-24,166.000000,164.425186
2017-07-25,165.279999,163.711990
2017-07-26,165.610001,164.038910
2017-07-27,170.440002,168.823059
2017-07-28,172.449997,170.813995
2017-07-31,169.250000,167.644333
2017-08-01,169.860001,168.248566
2017-08-02,169.300003,167.693878
2017-08-03,168.589996,166.990601
2017-08-04,169.619995,168.010849
2017-08-07,171.979996,170.348434
2017-08-08,171.229996,169.605560
2017-08-09,171.179993,169.556030
2017-08-10,167.399994,165.811905
2017-08-11,168.080002,166.485458
2017-08-14,170.750000,169.130127
2017-08-15,171.000000,169.377762
2017-08-16,170.000000,168.387283
2017-08-17,166.910004,165.326553
2017-08-18,167.410004,165.821808
2017-08-21,167.779999,166.188293
2017-08-22,169.639999,168.030640
2017-08-23,168.710007,167.109467
2017-08-24,167.740005,166.148712
2017-08-25,166.320007,164.742142
2017-08-28,167.240005,165.653427
2017-08-29,168.050003,166.455734
2017-08-30,169.919998,168.307999
2017-08-31,171.970001,170.338547
2017-09-01,172.020004,170.388062
2017-09-05,170.720001,169.100418
2017-09-06,172.089996,170.457397
2017-09-07,173.210007,171.566803
2017-09-08,170.949997,169.328217
2017-09-11,173.509995,171.863937
2017-09-12,172.960007,171.319153
2017-09-13,173.050003,171.408325
2017-09-14,170.960007,169.338150
2017-09-15,171.639999,170.011673
2017-09-18,170.009995,168.397125
2017-09-19,172.520004,170.883331
2017-09-20,172.169998,170.536667
2017-09-21,171.110001,169.486694
2017-09-22,170.539993,168.922104
2017-09-25,162.869995,161.324860
2017-09-26,164.210007,162.652176
2017-09-27,167.679993,166.089249
2017-09-28,168.729996,167.129272
2017-09-29,170.869995,169.248978
2017-10-02,169.470001,167.862259
2017-10-03,169.960007,168.347641
2017-10-04,168.419998,166.822220
2017-10-05,171.240005,169.615479
2017-10-06,172.229996,170.596069
2017-10-09,172.500000,170.863525
2017-10-10,171.589996,169.962143
2017-10-11,172.740005,171.101273
2017-10-12,172.550003,170.913055
2017-10-13,173.740005,172.091766
2017-10-16,174.520004,172.864365
2017-10-17,176.110001,174.439255
2017-10-18,176.029999,174.360031
2017-10-19,174.559998,172.903976
2017-10-20,174.979996,173.320023
2017-10-23,171.270004,169.645187
2017-10-24,171.800003,170.170151
2017-10-25,170.600006,168.981567
2017-10-26,170.630005,169.011261
2017-10-27,177.880005,176.192490
2017-10-30,179.869995,178.163574
2017-10-31,180.059998,178.351791
2017-11-01,182.660004,180.927124
2017-11-02,178.919998,177.222610
2017-11-03,178.919998,177.222610
2017-11-06,180.169998,178.460770
2017-11-07,180.250000,178.539993
2017-11-08,179.559998,177.856552
2017-11-09,179.300003,177.599014
2017-11-10,178.460007,176.767014
2017-11-13,178.770004,177.074051
2017-11-14,178.070007,176.380722
2017-11-15,177.949997,176.261826
2017-11-16,179.589996,177.886276
2017-11-17,179.000000,177.301865
2017-11-20,178.740005,177.044327
2017-11-21,181.860001,180.134720
2017-11-22,180.869995,179.154114
2017-11-24,182.779999,181.045990
2017-11-27,183.029999,181.293640
2017-11-28,182.419998,180.689407
2017-11-29,175.130005,173.468597
2017-11-30,177.179993,175.499100
2017-12-01,175.100006,173.438858
2017-12-04,171.470001,169.843292
2017-12-05,172.830002,171.190399
2017-12-06,176.059998,174.389725
2017-12-07,180.139999,178.431061
2017-12-08,179.000000,177.301865
2017-12-11,179.039993,177.341476
2017-12-12,176.960007,175.281219
2017-12-13,178.300003,176.608521
2017-12-14,178.389999,176.697647
2017-12-15,180.179993,178.470657
2017-12-18,180.820007,179.104614
2017-12-19,179.509995,177.807022
2017-12-20,177.889999,176.202393
2017-12-21,177.449997,175.766541
2017-12-22,177.199997,175.518921
2017-12-26,175.990005,174.320404
2017-12-27,177.619995,175.934967
2017-12-28,177.919998,176.232101
2017-12-29,176.460007,174.785965
2018-01-02,181.419998,179.698883
2018-01-03,184.669998,182.918030
2018-01-04,184.330002,182.581314
2018-01-05,186.850006,185.077377
2018-01-08,188.279999,186.493820
2018-01-09,187.869995,186.087677
2018-01-10,187.839996,186.057999
2018-01-11,187.770004,185.988647
2018-01-12,179.369995,177.668365
2018-01-16,178.389999,176.697647
2018-01-17,177.600006,175.915146
2018-01-18,179.800003,178.094284
2018-01-19,181.289993,179.570114
2018-01-22,185.369995,183.611420
2018-01-23,189.350006,187.553711
2018-01-24,186.550003,184.780228
2018-01-25,187.479996,185.701416
2018-01-26,190.000000,188.197479
2018-01-29,185.979996,184.215652
2018-01-30,187.119995,185.344833
2018-01-31,186.889999,185.117004
2018-02-01,193.089996,191.258209
2018-02-02,190.279999,188.474854
2018-02-05,181.259995,179.540390
2018-02-06,185.309998,183.551987
2018-02-07,180.179993,178.470657
2018-02-08,171.580002,169.952271
2018-02-09,176.110001,174.439255
2018-02-12,176.410004,174.736435
2018-02-13,173.149994,171.507355
2018-02-14,179.520004,177.816940
2018-02-15,179.960007,178.252777
2018-02-16,177.360001,175.677429
2018-02-20,176.009995,174.340210
2018-02-21,177.910004,176.222214
2018-02-22,178.990005,177.291931
2018-02-23,183.289993,181.551178
2018-02-26,184.929993,183.175583
2018-02-27,181.460007,179.738525
2018-02-28,178.320007,176.628342
2018-03-01,175.940002,174.270905
2018-03-02,176.619995,174.944443
2018-03-05,180.399994,178.688568
2018-03-06,179.779999,178.074493
2018-03-07,183.710007,181.967178
2018-03-08,182.339996,180.610168
2018-03-09,185.229996,183.472748
2018-03-12,184.759995,183.007217
2018-03-13,181.880005,180.154556
2018-03-14,184.190002,182.442612
2018-03-15,183.860001,182.115768
2018-03-16,185.089996,183.334091
2018-03-19,172.559998,170.922943
2018-03-20,168.149994,166.554764
2018-03-21,169.389999,167.783020
2018-03-22,164.889999,163.325699
2018-03-23,159.389999,157.877884
2018-03-26,160.059998,158.541519
2018-03-27,152.220001,150.775925
2018-03-28,153.029999,151.578247
2018-03-29,159.789993,158.274109
2018-04-02,155.389999,153.915833
2018-04-03,156.110001,154.629013
2018-04-04,155.100006,153.628586
2018-04-05,159.339996,157.828369
2018-04-06,157.199997,155.708679
2018-04-09,157.929993,156.431763
2018-04-10,165.039993,163.474274
2018-04-11,166.320007,164.742142
2018-04-12,163.869995,162.315399
2018-04-13,164.520004,162.959244
2018-04-16,164.830002,163.266312
2018-04-17,168.660004,167.059952
2018-04-18,166.360001,164.781769
2018-04-19,168.100006,166.505280
2018-04-20,166.279999,164.702499
2018-04-23,165.839996,164.266693
2018-04-24,159.690002,158.175049
2018-04-25,159.690002,158.175049
2018-04-26,174.160004,172.507751
2018-04-27,173.589996,171.943176
2018-04-30,172.000000,170.368256
2018-05-01,173.860001,172.210602
2018-05-02,176.070007,174.399658
2018-05-03,174.020004,172.369110
2018-05-04,176.610001,174.934509
2018-05-07,177.970001,176.281616
2018-05-08,178.919998,177.222610
2018-05-09,182.660004,180.927124
2018-05-10,185.529999,183.769913
2018-05-11,186.990005,185.216064
2018-05-14,186.639999,184.869385
2018-05-15,184.320007,182.571365
2018-05-16,183.199997,181.462006
2018-05-17,183.759995,182.016678
2018-05-18,182.679993,180.946915
2018-05-21,184.490005,182.739777
2018-05-22,183.800003,182.056320
2018-05-23,186.899994,185.126923
2018-05-24,185.929993,184.166122
2018-05-25,184.919998,183.165710
2018-05-29,185.740005,183.977936
2018-05-30,187.669998,185.889618
2018-05-31,191.779999,189.960617
2018-06-01,193.990005,192.149658
2018-06-04,193.279999,191.446411
2018-06-05,192.940002,191.109619
2018-06-06,191.339996,189.524780
2018-06-07,188.179993,186.394760
2018-06-08,189.100006,187.306030
2018-06-11,191.539993,189.722900
2018-06-12,192.399994,190.574753
2018-06-13,192.410004,190.584641
2018-06-14,196.809998,194.942886
2018-06-15,195.850006,193.992004
2018-06-18,198.309998,196.428665
2018-06-19,197.490005,195.616470
2018-06-20,202.000000,200.083694
2018-06-21,201.500000,199.588409
2018-06-22,201.740005,199.826126
2018-06-25,196.350006,194.487289
2018-06-26,199.000000,197.112106
2018-06-27,195.839996,193.982086
2018-06-28,196.229996,194.368393
2018-06-29,194.320007,192.476517
2018-07-02,197.360001,195.487686
2018-07-03,192.729996,190.901596
2018-07-05,198.449997,196.567337
2018-07-06,203.229996,201.302002
2018-07-09,204.740005,202.797638
2018-07-10,203.539993,201.609039
2018-07-11,202.539993,200.618530
2018-07-12,206.919998,204.956985
2018-07-13,207.320007,205.353195
2018-07-16,207.229996,205.264069
2018-07-17,209.990005,207.997879
2018-07-18,209.360001,207.373840
2018-07-19,208.089996,206.115891
2018-07-20,209.940002,207.948349
2018-07-23,210.910004,208.909149
2018-07-24,214.669998,212.633469
2018-07-25,217.500000,215.436615
2018-07-26,176.259995,174.587845
2018-07-27,174.889999,173.230835
2018-07-30,171.059998,169.437164
2018-07-31,172.580002,170.942749
2018-08-01,171.649994,170.021591
2018-08-02,176.369995,174.696793
2018-08-03,177.779999,176.093445
2018-08-06,185.690002,183.928375
2018-08-07,183.809998,182.066223
2018-08-08,185.179993,183.423203
2018-08-09,183.089996,181.353073
2018-08-10,180.259995,178.549896
2018-08-13,180.050003,178.341904
2018-08-14,181.110001,179.391846
2018-08-15,179.529999,177.826828
2018-08-16,174.699997,173.042633
2018-08-17,173.800003,172.151154
2018-08-20,172.500000,170.863525
2018-08-21,172.619995,170.982391
2018-08-22,173.639999,171.992706
2018-08-23,172.899994,171.259735
2018-08-24,174.649994,172.993134
2018-08-27,177.460007,175.776474
2018-08-28,176.259995,174.587845
2018-08-29,175.899994,174.231262
2018-08-30,177.639999,175.954773
2018-08-31,175.729996,174.062866
2018-09-04,171.160004,169.536240
2018-09-05,167.179993,165.593979
2018-09-06,162.529999,160.988098
2018-09-07,163.039993,161.493225
2018-09-10,164.179993,162.622421
2018-09-11,165.940002,164.365738
2018-09-12,162.000000,160.463165
2018-09-13,161.360001,159.829208
2018-09-14,162.320007,160.780106
2018-09-17,160.580002,159.056610
2018-09-18,160.300003,158.779282
2018-09-19,163.059998,161.513046
2018-09-20,166.020004,164.444992
2018-09-21,162.929993,161.384293
2018-09-24,165.410004,163.840790
2018-09-25,164.910004,163.345535
2018-09-26,166.949997,165.366180
2018-09-27,168.839996,167.238251
2018-09-28,164.460007,162.899796
2018-10-01,162.440002,160.898972
2018-10-02,159.330002,157.818451
2018-10-03,162.429993,160.889053
2018-10-04,158.850006,157.343018
2018-10-05,157.330002,155.837433
2018-10-08,157.250000,155.758209
2018-10-09,157.899994,156.402008
2018-10-10,151.380005,149.943878
2018-10-11,153.350006,151.895203
2018-10-12,153.740005,152.281509
2018-10-15,153.520004,152.063568
2018-10-16,158.779999,157.273651
2018-10-17,159.419998,157.907593
2018-10-18,154.919998,153.450302
2018-10-19,154.050003,152.588577
2018-10-22,154.779999,153.311600
2018-10-23,154.389999,152.925354
2018-10-24,146.039993,144.654510
2018-10-25,150.949997,149.517960
2018-10-26,145.369995,143.990921
2018-10-29,142.089996,140.742004
2018-10-30,146.220001,144.832825
2018-10-31,151.789993,150.350006
2018-11-01,151.750000,150.310379
2018-11-02,150.350006,148.923645
2018-11-05,148.679993,147.269455
2018-11-06,149.940002,148.517563
2018-11-07,151.529999,150.092438
2018-11-08,147.869995,146.467178
2018-11-09,144.960007,143.584808
2018-11-12,141.550003,140.207123
2018-11-13,142.160004,140.811356
2018-11-14,144.220001,142.851822
2018-11-15,143.850006,142.485321
2018-11-16,139.529999,138.206314
2018-11-19,131.550003,130.302017
2018-11-20,132.429993,131.173645
2018-11-21,134.820007,133.540985
2018-11-23,131.729996,130.480286
2018-11-26,136.380005,135.086166
2018-11-27,135.000000,133.719315
2018-11-28,136.759995,135.462570
2018-11-29,138.679993,137.364349
2018-11-30,140.610001,139.276062
2018-12-03,141.089996,139.751465
2018-12-04,137.929993,136.621475
2018-12-06,139.630005,138.305389
2018-12-07,137.419998,136.116333
2018-12-10,141.850006,140.504288
2018-12-11,142.080002,140.732132
2018-12-12,144.500000,143.129150
2018-12-13,145.009995,143.634323
2018-12-14,144.059998,142.693329
2018-12-17,140.190002,138.860031
2018-12-18,143.660004,142.297150
2018-12-19,133.240005,131.975983
2018-12-20,133.399994,132.134445
2018-12-21,124.949997,123.764626
2018-12-24,124.059998,122.883072
2018-12-26,134.179993,132.907074
2018-12-27,134.520004,133.243866
2018-12-28,133.199997,131.936371
2018-12-31,131.089996,129.846390
2019-01-02,135.679993,134.392838
2019-01-03,131.740005,130.490189
2019-01-04,137.949997,136.641296
2019-01-07,138.050003,136.740356
2019-01-08,142.529999,141.177826
2019-01-09,144.229996,142.861710
2019-01-10,144.199997,142.832031
2019-01-11,143.800003,142.435791
2019-01-14,145.389999,144.010727
2019-01-15,148.949997,147.536942
2019-01-16,147.539993,146.140305
2019-01-17,148.300003,146.893112
2019-01-18,150.039993,148.616577
2019-01-22,147.570007,146.170013
2019-01-23,144.300003,142.931076
2019-01-24,145.830002,144.446533
2019-01-25,149.009995,147.596375
2019-01-28,147.470001,146.070999
2019-01-29,144.190002,142.822067
2019-01-30,150.419998,148.993011
2019-01-31,166.690002,165.108643
2019-02-01,165.710007,164.137955
2019-02-04,169.250000,167.644333
2019-02-05,171.160004,169.536240
2019-02-06,170.490005,168.872604
2019-02-07,166.380005,164.801605
2019-02-08,167.330002,165.742554
2019-02-11,165.789993,164.217194
2019-02-12,165.039993,163.474274
2019-02-13,164.070007,162.513519
2019-02-14,163.949997,162.394638
2019-02-15,162.500000,160.958389
2019-02-19,162.289993,160.750381
2019-02-20,162.559998,161.017807
2019-02-21,160.039993,158.521713
2019-02-22,161.889999,160.354172
2019-02-25,164.619995,163.058273
2019-02-26,164.130005,162.572922
2019-02-27,162.809998,161.265457
2019-02-28,161.449997,159.918365
2019-03-01,162.279999,160.740494
2019-03-04,167.369995,165.782166
2019-03-05,171.259995,169.635315
2019-03-06,172.509995,170.873413
2019-03-07,169.130005,167.525497
2019-03-08,169.600006,167.991028
2019-03-11,172.070007,170.437592
2019-03-12,171.919998,170.289017
2019-03-13,173.369995,171.725250
2019-03-14,170.169998,168.555618
2019-03-15,165.979996,164.405365
2019-03-18,160.470001,158.947647
2019-03-19,161.570007,160.037247
2019-03-20,165.440002,163.870483
2019-03-21,166.080002,164.504425
2019-03-22,164.339996,162.780914
2019-03-25,166.289993,164.712448
2019-03-26,167.679993,166.089249
2019-03-27,165.869995,164.296432
2019-03-28,165.550003,163.979477
2019-03-29,166.690002,165.108643
2019-04-01,168.699997,167.099579
2019-04-02,174.199997,172.547379
2019-04-03,173.539993,171.893631
2019-04-04,176.020004,174.350159
2019-04-05,175.720001,174.052979
2019-04-08,174.929993,173.270447
2019-04-09,177.580002,175.895325
2019-04-10,177.820007,176.133072
2019-04-11,177.509995,175.825974
2019-04-12,179.100006,177.400925
2019-04-15,179.649994,177.945679
2019-04-16,178.869995,177.173096
2019-04-17,178.779999,177.083954
2019-04-18,178.279999,176.588699
2019-04-22,181.440002,179.718689
2019-04-23,183.779999,182.036499
2019-04-24,182.580002,180.847885
2019-04-25,193.259995,191.426575
2019-04-26,191.490005,189.673386
2019-04-29,194.779999,192.932144
2019-04-30,193.399994,191.565231
2019-05-01,193.029999,191.198761
2019-05-02,192.529999,190.703506
2019-05-03,195.470001,193.615601
2019-05-06,193.880005,192.040710
2019-05-07,189.770004,187.969696
2019-05-08,189.539993,187.741867
2019-05-09,188.649994,186.860275
2019-05-10,188.339996,186.553253
2019-05-13,181.539993,179.817764
2019-05-14,180.729996,179.015411
2019-05-15,186.270004,184.502884
2019-05-16,186.990005,185.216064
2019-05-17,185.300003,183.542068
2019-05-20,182.720001,180.986557
2019-05-21,184.820007,183.066650
2019-05-22,185.320007,183.561920
2019-05-23,180.869995,179.154114
2019-05-24,181.059998,179.342285
2019-05-28,184.309998,182.561523
2019-05-29,182.190002,180.461594
2019-05-30,183.009995,181.273819
2019-05-31,177.470001,175.786377
2019-06-03,164.149994,162.592728
2019-06-04,167.500000,165.910965
2019-06-05,168.169998,166.574600
2019-06-06,168.330002,166.733093
2019-06-07,173.350006,171.705460
2019-06-10,174.820007,173.161514
2019-06-11,178.100006,176.410400
2019-06-12,175.039993,173.379410
2019-06-13,177.470001,175.786377
2019-06-14,181.330002,179.609772
2019-06-17,189.009995,187.216873
2019-06-18,188.470001,186.682037
2019-06-19,187.479996,185.701416
2019-06-20,189.529999,187.731949
2019-06-21,191.139999,189.326675
2019-06-24,192.600006,190.772842
2019-06-25,188.839996,187.048492
2019-06-26,187.660004,185.879730
2019-06-27,189.500000,187.702240
2019-06-28,193.000000,191.169052
2019-07-01,193.000000,191.169052
2019-07-02,195.000000,193.150055
2019-07-03,197.199997,195.329193
2019-07-05,196.399994,194.536774
2019-07-08,195.759995,193.902863
2019-07-09,199.210007,197.320145
2019-07-10,202.729996,200.806717
2019-07-11,201.229996,199.320969
2019-07-12,204.869995,202.926468
2019-07-15,203.910004,201.975571
2019-07-16,203.839996,201.906204
2019-07-17,201.800003,199.885559
2019-07-18,200.779999,198.875244
2019-07-19,198.360001,196.478165
2019-07-22,202.320007,200.400635
2019-07-23,202.360001,200.440231
2019-07-24,204.660004,202.718430
2019-07-25,200.710007,198.805908
2019-07-26,199.750000,197.855011
2019-07-29,195.940002,194.081146
2019-07-30,197.039993,195.170731
2019-07-31,194.229996,192.387375
2019-08-01,192.729996,190.901596
2019-08-02,189.020004,187.226852
2019-08-05,181.729996,180.005966
2019-08-06,184.509995,182.759583
2019-08-07,185.149994,183.393509
2019-08-08,190.160004,188.355972
2019-08-09,187.850006,186.067886
2019-08-12,185.369995,183.611420
2019-08-13,188.449997,186.662201
2019-08-14,179.710007,178.005142
2019-08-15,182.589996,180.857803
2019-08-16,183.699997,181.957275
2019-08-19,186.169998,184.403824
2019-08-20,183.809998,182.066223
2019-08-21,183.550003,181.808685
2019-08-22,182.039993,180.313034
2019-08-23,177.750000,176.063736
2019-08-26,180.360001,178.648956
2019-08-27,181.300003,179.580048
2019-08-28,181.759995,180.035660
2019-08-29,185.570007,183.809540
2019-08-30,185.669998,183.908569
2019-09-03,182.389999,180.659683
2019-09-04,187.139999,185.364624
2019-09-05,190.899994,189.088974
2019-09-06,187.490005,185.711304
2019-09-09,188.759995,186.969284
2019-09-10,186.169998,184.403824
2019-09-11,188.490005,186.701843
2019-09-12,187.470001,185.691498
2019-09-13,187.190002,185.414139
2019-09-16,186.220001,184.453384
2019-09-17,188.080002,186.295731
2019-09-18,188.139999,186.355179
2019-09-19,190.139999,188.336166
2019-09-20,189.929993,188.128159
2019-09-23,186.820007,185.047684
2019-09-24,181.279999,179.560226
2019-09-25,182.800003,181.065796
2019-09-26,180.110001,178.401337
2019-09-27,177.100006,175.419891
2019-09-30,178.080002,176.390579
2019-10-01,175.809998,174.142120
2019-10-02,174.600006,172.943604
2019-10-03,179.380005,177.678253
2019-10-04,180.449997,178.738113
2019-10-07,179.679993,177.975388
2019-10-08,177.750000,176.063736
2019-10-09,179.850006,178.143784
2019-10-10,180.029999,178.322098
2019-10-11,184.190002,182.442612
2019-10-14,183.279999,181.541260
2019-10-15,188.889999,187.098038
2019-10-16,189.550003,187.751770
2019-10-17,190.389999,188.583786
2019-10-18,185.850006,184.086884
2019-10-21,189.759995,187.959793
2019-10-22,182.339996,180.610168
2019-10-23,186.149994,184.384033
2019-10-24,186.380005,184.611877
2019-10-25,187.889999,186.107513
2019-10-28,189.399994,187.603180
2019-10-29,189.309998,187.514069
2019-10-30,188.250000,186.464096
2019-10-31,191.649994,189.831848
2019-11-01,193.619995,191.783173
2019-11-04,194.720001,192.872726
2019-11-05,194.320007,192.476517
2019-11-06,191.550003,189.732803
2019-11-07,190.419998,188.613525
2019-11-08,190.839996,189.029510
2019-11-11,189.610001,187.811203
2019-11-12,194.470001,192.625076
2019-11-13,193.190002,191.357254
2019-11-14,193.149994,191.317627
2019-11-15,195.100006,193.249130
2019-11-18,197.399994,195.527283
2019-11-19,199.320007,197.429077
2019-11-20,197.509995,195.636276
2019-11-21,197.929993,196.052246
2019-11-22,198.820007,196.933823
2019-11-25,199.789993,197.894623
2019-11-26,198.970001,197.082413
2019-11-27,202.000000,200.083694
2019-11-29,201.639999,199.727066
2019-12-02,199.699997,197.805466
2019-12-03,198.820007,196.933823
2019-12-04,198.710007,196.824890
2019-12-05,199.360001,197.468704
2019-12-06,201.050003,199.142654
2019-12-09,201.339996,199.429932
2019-12-10,200.869995,198.964386
2019-12-11,202.259995,200.341202
2019-12-12,196.750000,194.883469
2019-12-13,194.110001,192.268524
2019-12-16,197.919998,196.042374
2019-12-17,198.389999,196.507919
2019-12-18,202.500000,200.578918
2019-12-19,206.059998,204.105133
2019-12-20,206.300003,204.342865
2019-12-23,206.179993,204.224014
2019-12-24,205.119995,203.174057
2019-12-26,207.789993,205.818726
2019-12-27,208.100006,206.125809
2019-12-30,204.410004,202.470779
2019-12-31,205.250000,203.302826
2020-01-02,209.779999,207.789856
2020-01-03,208.669998,206.690369
2020-01-06,212.600006,210.583099
2020-01-07,213.059998,211.038727
2020-01-08,215.220001,213.178223
2020-01-09,218.300003,216.229019
2020-01-10,218.059998,215.991302
2020-01-13,221.910004,219.804779
2020-01-14,219.059998,216.981827
2020-01-15,221.149994,219.051987
2020-01-16,221.770004,219.666107
2020-01-17,222.139999,220.032608
2020-01-21,221.440002,219.339264
2020-01-22,221.320007,219.220383
2020-01-23,219.759995,217.675186
2020-01-24,217.940002,215.872421
2020-01-27,214.869995,212.831543
2020-01-28,217.789993,215.723862
2020-01-29,223.229996,221.112274
2020-01-30,209.529999,207.542221
2020-01-31,201.910004,199.994537
2020-02-03,204.190002,202.252869
2020-02-04,209.830002,207.839371
2020-02-05,210.110001,208.116730
2020-02-06,210.850006,208.849716
2020-02-07,212.330002,210.315659
2020-02-10,213.059998,211.038727
2020-02-11,207.190002,205.224442
2020-02-12,210.759995,208.760559
2020-02-13,213.139999,211.117981
2020-02-14,214.179993,212.148117
2020-02-18,217.800003,215.733780
2020-02-19,217.490005,215.426712
2020-02-20,214.580002,212.544327
2020-02-21,210.179993,208.186081
2020-02-24,200.720001,198.815811
2020-02-25,196.770004,194.903305
2020-02-26,197.199997,195.329193
2020-02-27,189.750000,187.949860
2020-02-28,192.470001,190.644089
2020-03-02,196.440002,194.576416
2020-03-03,185.889999,184.126480
2020-03-04,191.759995,189.940796
2020-03-05,185.169998,183.413315
2020-03-06,181.089996,179.372025
2020-03-09,169.500000,167.891998
2020-03-10,178.190002,176.499527
2020-03-11,170.240005,168.624985
2020-03-12,154.470001,153.004562
2020-03-13,170.279999,168.664597
2020-03-16,146.009995,144.624832
2020-03-17,149.419998,148.002472
2020-03-18,146.960007,145.565826
2020-03-19,153.130005,151.677261
2020-03-20,149.729996,148.309525
2020-03-23,148.100006,146.695007
2020-03-24,160.979996,159.452805
2020-03-25,156.210007,154.728073
2020-03-26,163.339996,161.790405
2020-03-27,156.789993,155.302567
2020-03-30,165.949997,164.375671
2020-03-31,166.800003,165.217606
2020-04-01,159.600006,158.085922
2020-04-02,158.190002,156.689285
2020-04-03,154.179993,152.717316
2020-04-06,165.550003,163.979477
2020-04-07,168.830002,167.228348
2020-04-08,174.279999,172.626633
2020-04-09,175.190002,173.528000
2020-04-13,174.789993,173.131805
2020-04-14,178.169998,176.479706
2020-04-15,176.970001,175.291107
2020-04-16,176.250000,174.577957
2020-04-17,179.240005,177.539597
2020-04-20,178.240005,176.549088
2020-04-21,170.800003,169.179672
2020-04-22,182.279999,180.550751
2020-04-23,185.130005,183.373703
2020-04-24,190.070007,188.266861
2020-04-27,187.500000,185.721237
2020-04-28,182.910004,181.174759
2020-04-29,194.190002,192.347763
2020-04-30,204.710007,202.767975
2020-05-01,202.270004,200.351089
2020-05-04,205.259995,203.312759
2020-05-05,207.070007,205.105560
2020-05-06,208.470001,206.492310
2020-05-07,211.259995,209.255783
2020-05-08,212.350006,210.335434
2020-05-11,213.179993,211.157623
2020-05-12,210.100006,208.106812
2020-05-13,205.100006,203.154266
2020-05-14,206.809998,204.848022
2020-05-15,210.880005,208.879425
2020-05-18,213.190002,211.167480
2020-05-19,216.880005,214.822479
2020-05-20,229.970001,227.788330
2020-05-21,231.389999,229.194855
2020-05-22,234.910004,232.681458
2020-05-26,232.199997,229.997177
2020-05-27,229.139999,226.966187
2020-05-28,225.460007,223.321106
2020-05-29,225.089996,222.954636
2020-06-01,231.910004,229.709900
2020-06-02,232.720001,230.512238
2020-06-03,230.160004,227.976532
2020-06-04,226.289993,224.143219
2020-06-05,230.770004,228.580734
2020-06-08,231.399994,229.204742
2020-06-09,238.669998,236.405762
2020-06-10,236.729996,234.484192
2020-06-11,224.429993,222.300858
2020-06-12,228.580002,226.411514
2020-06-15,232.500000,230.294312
2020-06-16,235.649994,233.414444
2020-06-17,235.529999,233.295593
2020-06-18,235.940002,233.701675
2020-06-19,238.789993,236.524643
2020-06-22,239.220001,236.950562
2020-06-23,242.240005,239.941910
2020-06-24,234.020004,231.799881
2020-06-25,235.679993,233.444153
2020-06-26,216.080002,214.030106
2020-06-29,220.639999,218.546860
2020-06-30,227.070007,224.915833
2020-07-01,237.550003,235.296402
2020-07-02,233.419998,231.205582
2020-07-06,240.279999,238.000534
2020-07-07,240.860001,238.575027
2020-07-08,243.580002,241.269196
2020-07-09,244.500000,242.180466
2020-07-10,245.070007,242.745071
2020-07-13,239.000000,236.732635
2020-07-14,239.729996,237.455704
2020-07-15,240.279999,238.000534
2020-07-16,240.929993,238.644318
2020-07-17,242.029999,239.733917
2020-07-20,245.419998,243.091721
2020-07-21,241.750000,239.456558
2020-07-22,239.869995,237.594391
2020-07-23,232.600006,230.393387
2020-07-24,230.710007,228.521301
2020-07-27,233.500000,231.284805
2020-07-28,230.119995,227.936874
2020-07-29,233.289993,231.076828
2020-07-30,234.500000,232.275330
2020-07-31,253.669998,251.263489
2020-08-03,251.960007,249.569717
2020-08-04,249.830002,247.459900
2020-08-05,249.119995,246.756668
2020-08-06,265.279999,262.763336
2020-08-07,268.440002,265.893372
2020-08-10,263.000000,260.504913
2020-08-11,256.130005,253.700150
2020-08-12,259.890015,257.424561
2020-08-13,261.299988,258.821106
2020-08-14,261.239990,258.761597
2020-08-17,261.160004,258.682404
2020-08-18,262.339996,259.851227
2020-08-19,262.589996,260.098846
2020-08-20,269.010010,266.457947
2020-08-21,267.010010,264.476898
2020-08-24,271.390015,268.815369
2020-08-25,280.820007,278.155945
2020-08-26,303.910004,301.026855
2020-08-27,293.220001,290.438293
2020-08-28,293.660004,290.874115
2020-08-31,293.200012,290.418488
2020-09-01,295.440002,292.637207
2020-09-02,302.500000,299.630188
2020-09-03,291.119995,288.358154
2020-09-04,282.730011,280.047791
2020-09-08,271.160004,268.587555
2020-09-09,273.720001,271.123291
2020-09-10,268.089996,265.546692
2020-09-11,266.609985,264.080719
2020-09-14,266.149994,263.625061
2020-09-15,272.420013,269.835571
2020-09-16,263.519989,261.019958
2020-09-17,254.820007,252.402573
2020-09-18,252.529999,250.134293
2020-09-21,248.149994,245.795807
2020-09-22,254.750000,252.333237
2020-09-23,249.020004,246.657608
2020-09-24,249.529999,247.162766
2020-09-25,254.820007,252.402573
2020-09-28,256.820007,254.383606
2020-09-29,261.790009,259.306366
2020-09-30,261.899994,259.415375
2020-10-01,266.630005,264.100555
2020-10-02,259.940002,257.473969
2020-10-05,264.649994,262.139282
2020-10-06,258.660004,256.206146
2020-10-07,258.119995,255.671249
2020-10-08,263.760010,261.257782
2020-10-09,264.450012,261.941223
2020-10-12,275.750000,273.134033
2020-10-13,276.140015,273.520325
2020-10-14,271.820007,269.241302
2020-10-15,266.720001,264.189697
2020-10-16,265.929993,263.407135
2020-10-19,261.399994,258.920105
2020-10-20,267.559998,265.021698
2020-10-21,278.730011,276.085724
2020-10-22,278.119995,275.481537
2020-10-23,284.790009,282.088257
2020-10-26,277.109985,274.481079
2020-10-27,283.290009,280.602509
2020-10-28,267.670013,265.130707
2020-10-29,280.829987,278.165802
2020-10-30,263.109985,260.613892
2020-11-02,261.359985,258.880493
2020-11-03,265.299988,262.783142
2020-11-04,287.380005,284.653687
2020-11-05,294.679993,291.884399
2020-11-06,293.410004,290.626465
2020-11-09,278.769989,276.125336
2020-11-10,272.429993,269.845520
2020-11-11,276.480011,273.857056
2020-11-12,275.079987,272.470367
2020-11-13,276.950012,274.322662
2020-11-16,278.959991,276.313507
2020-11-17,275.000000,272.391144
2020-11-18,271.970001,269.389893
2020-11-19,272.940002,270.350677
2020-11-20,269.700012,267.141388
2020-11-23,268.429993,265.883453
2020-11-24,276.920013,274.292938
2020-11-25,275.589996,272.975525
2020-11-27,277.809998,275.174469
2020-11-30,276.970001,274.342407
2020-12-01,286.549988,283.831604
2020-12-02,287.519989,284.792328
2020-12-03,281.850006,279.176147
2020-12-04,279.700012,277.046539
2020-12-07,285.579987,282.870728
2020-12-08,283.399994,280.711456
2020-12-09,277.920013,275.283386
2020-12-10,277.119995,274.491028
2020-12-11,273.549988,270.954865
2020-12-14,274.190002,271.588867
2020-12-15,275.549988,272.935852
2020-12-16,275.670013,273.054810
2020-12-17,274.480011,271.876007
2020-12-18,276.399994,273.777832
2020-12-21,272.790009,270.202148
2020-12-22,267.089996,264.556213
2020-12-23,268.109985,265.566467
2020-12-24,267.399994,264.863251
2020-12-28,277.000000,274.372101
2020-12-29,276.779999,274.154236
2020-12-30,271.869995,269.290802
2020-12-31,273.160004,270.568573
2021-01-04,268.940002,266.388580
2021-01-05,270.970001,268.399292
2021-01-06,263.309998,260.812012
2021-01-07,268.739990,266.190460
2021-01-08,267.570007,265.031647
2021-01-11,256.839996,254.403412
2021-01-12,251.089996,248.707947
2021-01-13,251.639999,249.252716
2021-01-14,245.639999,243.309662
2021-01-15,251.360001,248.975388
2021-01-19,261.100006,258.623016
2021-01-20,267.480011,264.942474
2021-01-21,272.869995,270.281311
2021-01-22,274.500000,271.895874
2021-01-25,278.010010,275.372620
2021-01-26,282.049988,279.374207
2021-01-27,272.140015,269.558289
2021-01-28,265.000000,262.485992
2021-01-29,258.329987,255.879272
2021-02-01,262.010010,259.524384
2021-02-02,267.079987,264.546265
2021-02-03,266.649994,264.120331
2021-02-04,266.489990,263.961853
2021-02-05,268.100006,265.556519
2021-02-08,266.579987,264.050995
2021-02-09,269.450012,266.893768
2021-02-10,271.869995,269.290802
2021-02-11,270.390015,267.824860
2021-02-12,270.500000,267.933807
2021-02-16,273.970001,271.370911
2021-02-17,273.570007,270.974701
2021-02-18,269.390015,266.834381
2021-02-19,261.559998,259.078613
2021-02-22,260.329987,257.860321
2021-02-23,265.859985,263.337830
2021-02-24,264.309998,261.802521
2021-02-25,254.690002,252.273804
2021-02-26,257.619995,255.176010
2021-03-01,264.910004,262.396790
2021-03-02,259.000000,256.542908
2021-03-03,255.410004,252.986984
2021-03-04,257.640015,255.195847
2021-03-05,264.279999,261.772797
2021-03-08,255.309998,252.887939
2021-03-09,265.739990,263.218964
2021-03-10,264.899994,262.386932
2021-03-11,273.880005,271.281799
2021-03-12,268.399994,265.853760
2021-03-15,273.750000,271.152985
2021-03-16,279.279999,276.630463
2021-03-17,284.010010,281.315674
2021-03-18,278.619995,275.976776
2021-03-19,290.109985,287.357788
2021-03-22,293.540009,290.755249
2021-03-23,290.630005,287.872833
2021-03-24,282.140015,279.463409
2021-03-25,278.739990,276.095673
2021-03-26,283.019989,280.334961
2021-03-29,290.820007,288.061035
2021-03-30,288.000000,285.267822
2021-03-31,294.529999,291.735870
2021-04-01,298.660004,295.826721
2021-04-05,308.910004,305.979431
2021-04-06,306.260010,303.354523
2021-04-07,313.089996,310.119720
2021-04-08,313.019989,310.050385
2021-04-09,312.459991,309.495697
2021-04-12,311.540009,308.584473
2021-04-13,309.760010,306.821350
2021-04-14,302.820007,299.947266
2021-04-15,307.820007,304.899811
2021-04-16,306.179993,303.275330
2021-04-19,302.239990,299.372681
2021-04-20,302.649994,299.778809
2021-04-21,301.470001,298.610016
2021-04-22,296.519989,293.707001
2021-04-23,301.130005,298.273285
2021-04-26,303.040009,300.165131
2021-04-27,303.570007,300.690063
2021-04-28,307.100006,304.186646
2021-04-29,329.510010,326.384033
2021-04-30,325.079987,321.996033
2021-05-03,322.579987,319.519775
2021-05-04,318.359985,315.339783
2021-05-05,315.019989,312.031494
2021-05-06,320.019989,316.984009
2021-05-07,319.079987,316.052979
2021-05-10,305.970001,303.067291
2021-05-11,306.529999,303.621948
2021-05-12,302.549988,299.679749
2021-05-13,305.260010,302.364105
2021-05-14,315.940002,312.942719
2021-05-17,315.459991,312.467285
2021-05-18,309.959991,307.019440
2021-05-19,313.589996,310.614960
2021-05-20,318.609985,315.587402
2021-05-21,316.230011,313.229950
2021-05-24,324.630005,321.550293
2021-05-25,327.790009,324.680359
2021-05-26,327.660004,324.551605
2021-05-27,332.750000,329.593231
2021-05-28,328.730011,325.611450
2021-06-01,329.130005,326.007568
2021-06-02,329.149994,326.027435
2021-06-03,326.040009,322.946899
2021-06-04,330.350006,327.216034
2021-06-07,336.579987,333.386902
2021-06-08,333.679993,330.514435
2021-06-09,330.250000,327.116943
2021-06-10,332.459991,329.306000
2021-06-11,331.260010,328.117462
2021-06-14,336.769989,333.575165
2021-06-15,336.750000,333.555298
2021-06-16,331.079987,327.939056
2021-06-17,336.510010,333.317596
2021-06-18,329.660004,326.532623
2021-06-21,332.290009,329.137604
2021-06-22,339.029999,335.813690
2021-06-23,340.589996,337.358887
2021-06-24,343.179993,339.924286
2021-06-25,341.369995,338.131470
2021-06-28,355.640015,352.266144
2021-06-29,351.890015,348.551666
2021-06-30,347.709991,344.411346
2021-07-01,354.390015,351.027924
2021-07-02,354.700012,351.334991
2021-07-06,352.779999,349.433258
2021-07-07,350.489990,347.165009
2021-07-08,345.649994,342.370850
2021-07-09,350.420013,347.095673
2021-07-12,353.160004,349.809631
2021-07-13,352.089996,348.749786
2021-07-14,347.630005,344.332031
2021-07-15,344.459991,341.192139
2021-07-16,341.160004,337.923462
2021-07-19,336.950012,333.753418
2021-07-20,341.660004,338.418732
2021-07-21,346.230011,342.945404
2021-07-22,351.190002,347.858246
2021-07-23,369.790009,366.281860
2021-07-26,372.459991,368.926514
2021-07-27,367.809998,364.320679
2021-07-28,373.279999,369.738770
2021-07-29,358.320007,354.920715
2021-07-30,356.299988,352.919830
2021-08-02,351.950012,348.611084
2021-08-03,351.239990,347.907837
2021-08-04,358.920013,355.515045
2021-08-05,362.970001,359.526611
2021-08-06,363.510010,360.061462
2021-08-09,361.609985,358.179474
2021-08-10,361.130005,357.704010
2021-08-11,359.959991,356.545166
2021-08-12,362.649994,359.209625
2021-08-13,363.179993,359.734589
2021-08-16,366.559998,363.082520
2021-08-17,358.450012,355.049408
2021-08-18,355.450012,352.077911
2021-08-19,355.119995,351.751007
2021-08-20,359.369995,355.960693
2021-08-23,363.350006,359.903015
2021-08-24,365.510010,362.042419
2021-08-25,368.390015,364.895203
2021-08-26,364.380005,360.923187
2021-08-27,372.630005,369.094971
2021-08-30,380.660004,377.048767
2021-08-31,379.380005,375.780884
2021-09-01,382.049988,378.425537
2021-09-02,375.279999,371.719788
2021-09-03,376.260010,372.690430
2021-09-07,382.179993,378.554260
2021-09-08,377.570007,373.988037
2021-09-09,378.000000,374.414032
2021-09-10,378.690002,375.097412
2021-09-13,376.510010,372.938110
2021-09-14,376.529999,372.957886
2021-09-15,373.920013,370.372681
2021-09-16,373.059998,369.520782
2021-09-17,364.720001,361.259949
2021-09-20,355.700012,352.325562
2021-09-21,357.480011,354.088654
2021-09-22,343.209991,339.953979
2021-09-23,345.959991,342.677917
2021-09-24,352.959991,349.611542
2021-09-27,353.579987,350.225647
2021-09-28,340.649994,337.418274
2021-09-29,339.609985,336.388123
2021-09-30,339.390015,336.170288
2021-10-01,343.010010,339.755951
2021-10-04,326.230011,323.135132
2021-10-05,332.959991,329.801270
2021-10-06,333.640015,330.474762
2021-10-07,329.220001,326.096741
2021-10-08,330.049988,326.918854
2021-10-11,325.450012,322.362549
2021-10-12,323.769989,320.698456
2021-10-13,324.540009,321.461121
2021-10-14,328.529999,325.413300
2021-10-15,324.760010,321.679138
2021-10-18,335.339996,332.158661
2021-10-19,339.989990,336.764587
2021-10-20,340.779999,337.547058
2021-10-21,341.880005,338.636719
2021-10-22,324.609985,321.530487
2021-10-25,328.690002,325.571808
2021-10-26,315.809998,312.813995
2021-10-27,312.220001,309.258026
2021-10-28,316.920013,313.913391
2021-10-29,323.570007,320.500366
2021-11-01,329.980011,326.849579
2021-11-02,328.079987,324.967529
2021-11-03,331.619995,328.474030
2021-11-04,335.850006,332.663818
2021-11-05,341.130005,337.893768
2021-11-08,338.619995,335.407532
2021-11-09,335.369995,332.188385
2021-11-10,327.640015,324.531738
2021-11-11,327.739990,324.630798
2021-11-12,340.890015,337.656036
2021-11-15,347.559998,344.262756
2021-11-16,342.959991,339.706360
2021-11-17,340.769989,337.537140
2021-11-18,338.690002,335.476929
2021-11-19,345.299988,342.024231
2021-11-22,341.010010,337.774902
2021-11-23,337.250000,334.050598
2021-11-24,341.059998,337.824463
2021-11-26,333.119995,329.959747
2021-11-29,338.029999,334.823120
2021-11-30,324.459991,321.381927
2021-12-01,310.600006,307.653412
2021-12-02,310.390015,307.445374
2021-12-03,306.839996,303.929016
2021-12-06,317.869995,314.854340
2021-12-07,322.809998,319.747528
2021-12-08,330.559998,327.423981
2021-12-09,329.820007,326.691071
2021-12-10,329.750000,326.621674
2021-12-13,334.489990,331.316742
2021-12-14,333.739990,330.573822
2021-12-15,341.660004,338.418732
2021-12-16,334.899994,331.722900
2021-12-17,333.790009,330.623413
2021-12-20,325.450012,322.362549
2021-12-21,334.200012,331.029510
2021-12-22,330.450012,327.315094
2021-12-23,335.239990,332.059631
2021-12-27,346.179993,342.895844
2021-12-28,346.220001,342.935455
2021-12-29,342.940002,339.686584
2021-12-30,344.359985,341.093018
2021-12-31,336.350006,333.159119
2022-01-03,338.540009,335.328339
2022-01-04,336.529999,333.337372
2022-01-05,324.170013,321.094604
2022-01-06,332.459991,329.306000
2022-01-07,331.790009,328.642334
2022-01-10,328.070007,324.957672
2022-01-11,334.369995,331.197876
2022-01-12,333.260010,330.098450
2022-01-13,326.480011,323.382721
2022-01-14,331.899994,328.751343
2022-01-18,318.149994,315.131775
2022-01-19,319.589996,316.558105
2022-01-20,316.559998,313.556854
2022-01-21,303.170013,300.293945
2022-01-24,308.709991,305.781311
2022-01-25,300.149994,297.302521
2022-01-26,294.630005,291.834900
2022-01-27,294.640015,291.844818
2022-01-28,301.709991,298.847717
2022-01-31,313.260010,310.288208
2022-02-01,319.000000,315.973724
2022-02-02,323.000000,319.935760
2022-02-03,237.759995,235.504410
2022-02-04,237.089996,234.840775
2022-02-07,224.910004,222.776337
2022-02-08,220.179993,218.091171
2022-02-09,232.000000,229.799088
2022-02-10,228.070007,225.906372
2022-02-11,219.550003,217.467178
2022-02-14,217.699997,215.634720
2022-02-15,221.000000,218.903397
2022-02-16,216.539993,214.485733
2022-02-17,207.710007,205.739471
2022-02-18,206.160004,204.204193
2022-02-22,202.080002,200.162888
2022-02-23,198.449997,196.567337
2022-02-24,207.600006,205.630524
2022-02-25,210.479996,208.483170
2022-02-28,211.029999,209.027969
2022-03-01,203.490005,201.559525
2022-03-02,208.110001,206.135696
2022-03-03,202.970001,201.044464
2022-03-04,200.059998,198.162064
2022-03-07,187.470001,185.691498
2022-03-08,190.289993,188.484726
2022-03-09,198.500000,196.616852
2022-03-10,195.210007,193.358078
2022-03-11,187.610001,185.830200
2022-03-14,186.630005,184.859467
2022-03-15,192.029999,190.208252
2022-03-16,203.630005,201.698196
2022-03-17,207.839996,205.868225
2022-03-18,216.490005,214.436203
2022-03-21,211.490005,209.483627
2022-03-22,216.649994,214.594681
2022-03-23,213.460007,211.434937
2022-03-24,219.570007,217.486984
2022-03-25,221.820007,219.715652
2022-03-28,223.589996,221.468842
2022-03-29,229.860001,227.679367
2022-03-30,227.850006,225.688416
2022-03-31,222.360001,220.250504
2022-04-01,224.850006,222.716888
2022-04-04,233.889999,231.671127
2022-04-05,231.839996,229.640594
2022-04-06,223.300003,221.181580
2022-04-07,222.949997,220.834885
2022-04-08,222.330002,220.220779
2022-04-11,216.460007,214.406494
2022-04-12,214.139999,212.108505
2022-04-13,214.990005,212.950455
2022-04-14,210.179993,208.186081
2022-04-18,210.770004,208.770462
2022-04-19,217.309998,215.248413
2022-04-20,200.419998,198.518661
2022-04-21,188.070007,186.285812
2022-04-22,184.110001,182.363388
2022-04-25,186.990005,185.216064
2022-04-26,180.949997,179.233383
2022-04-27,174.949997,173.290283
2022-04-28,205.729996,203.778259
2022-04-29,200.470001,198.568176
2022-05-02,211.130005,209.127045
2022-05-03,212.029999,210.018478
2022-05-04,223.410004,221.290573
2022-05-05,208.279999,206.304092
2022-05-06,203.770004,201.836853
2022-05-09,196.210007,194.348618
2022-05-10,197.649994,195.774918
2022-05-11,188.740005,186.949478
2022-05-12,191.240005,189.425735
2022-05-13,198.619995,196.735733
2022-05-16,200.039993,198.142242
2022-05-17,202.619995,200.697769
2022-05-18,192.240005,190.416260
2022-05-19,191.289993,189.475266
2022-05-20,193.539993,191.703918
2022-05-23,196.229996,194.368393
2022-05-24,181.279999,179.560226
2022-05-25,183.830002,182.086044
2022-05-26,191.630005,189.812042
2022-05-27,195.130005,193.278839
2022-05-31,193.639999,191.802963
2022-06-01,188.639999,186.850418
2022-06-02,198.860001,196.973419
2022-06-03,190.779999,188.970108
2022-06-06,194.250000,192.407181
2022-06-07,195.649994,193.793900
2022-06-08,196.639999,194.774551
2022-06-09,184.000000,182.254425
2022-06-10,175.570007,173.904434
2022-06-13,164.259995,162.701675
2022-06-14,163.729996,162.176712
2022-06-15,169.350006,167.743408
2022-06-16,160.869995,159.343842
2022-06-17,163.740005,162.186661
2022-06-21,157.050003,155.560104
2022-06-22,155.850006,154.371460
2022-06-23,158.750000,157.243958
2022-06-24,170.160004,168.545731
2022-06-27,169.490005,167.882080
2022-06-28,160.679993,159.155655
2022-06-29,163.940002,162.384705
2022-06-30,161.250000,159.720245
2022-07-01,160.029999,158.511810
2022-07-05,168.190002,166.594421
2022-07-06,169.770004,168.159439
2022-07-07,172.190002,170.556488
2022-07-08,170.880005,169.258911
2022-07-11,162.880005,161.334793
2022-07-12,163.270004,161.721085
2022-07-13,163.490005,161.938995
2022-07-14,158.050003,156.550629
2022-07-15,164.699997,163.137512
2022-07-18,167.229996,165.643509
2022-07-19,175.779999,174.112427
2022-07-20,183.089996,181.353073
2022-07-21,183.169998,181.432281
2022-07-22,169.270004,167.664169
2022-07-25,166.649994,165.069031
2022-07-26,159.149994,157.640152
2022-07-27,169.580002,167.971237
2022-07-28,160.720001,159.195282
2022-07-29,159.100006,157.590637
2022-08-01,159.929993,158.412781
2022-08-02,160.190002,158.670288
2022-08-03,168.800003,167.198608
2022-08-04,170.570007,168.951843
2022-08-05,167.110001,165.524658
2022-08-08,170.250000,168.634827
2022-08-09,168.529999,166.931183
2022-08-10,178.339996,176.648132
2022-08-11,177.490005,175.806183
2022-08-12,180.500000,178.787628
2022-08-15,180.889999,179.173920
2022-08-16,179.470001,177.767380
2022-08-17,174.850006,173.191223
2022-08-18,174.660004,173.003036
2022-08-19,167.960007,166.366562
2022-08-22,163.050003,161.503189
2022-08-23,161.110001,159.581558
2022-08-24,163.259995,161.711182
2022-08-25,168.779999,167.178818
2022-08-26,161.779999,160.245224
2022-08-29,159.169998,157.659973
2022-08-30,157.160004,155.669052
2022-08-31,162.929993,161.384293
2022-09-01,165.360001,163.791260
2022-09-02,160.320007,158.799088
2022-09-06,158.539993,157.035950
2022-09-07,160.389999,158.868408
2022-09-08,162.059998,160.522598
2022-09-09,169.149994,167.545288
2022-09-12,168.960007,167.357101
2022-09-13,153.130005,151.677261
2022-09-14,151.470001,150.033035
2022-09-15,149.550003,148.131241
2022-09-16,146.289993,144.902176
2022-09-19,148.020004,146.615738
2022-09-20,146.089996,144.704041
2022-09-21,142.119995,140.771713
2022-09-22,142.820007,141.465088
2022-09-23,140.410004,139.077972
2022-09-26,136.369995,135.076279
2022-09-27,134.399994,133.124954
2022-09-28,141.610001,140.266556
2022-09-29,136.410004,135.115921
2022-09-30,135.679993,134.392838
2022-10-03,138.610001,137.295044
2022-10-04,140.279999,138.949173
2022-10-05,138.979996,137.661514
2022-10-06,139.070007,137.750671
2022-10-07,133.449997,132.183975
2022-10-10,133.789993,132.520737
2022-10-11,128.539993,127.320541
2022-10-12,127.500000,126.290428
2022-10-13,130.289993,129.053955
2022-10-14,126.760002,125.557449
2022-10-17,134.039993,132.768387
2022-10-18,132.800003,131.540161
2022-10-19,133.229996,131.966049
2022-10-20,131.529999,130.282211
2022-10-21,130.009995,128.776627
2022-10-24,129.720001,128.489365
2022-10-25,137.509995,136.205444
2022-10-26,129.820007,128.588425
2022-10-27,97.940002,97.010857
2022-10-28,99.199997,98.258904
2022-10-31,93.160004,92.276207
2022-11-01,95.199997,94.296852
2022-11-02,90.540001,89.681068
2022-11-03,88.910004,88.066536
2022-11-04,90.790001,89.928688
2022-11-07,96.720001,95.802437
2022-11-08,96.470001,95.554810
2022-11-09,101.470001,100.507370
2022-11-10,111.870003,110.808723
2022-11-11,113.019997,111.947792
2022-11-14,114.220001,113.136406
2022-11-15,117.080002,115.969284
2022-11-16,113.230003,112.155807
2022-11-17,111.449997,110.392685
2022-11-18,112.050003,110.987007
2022-11-21,109.860001,108.817772
2022-11-22,111.440002,110.382782
2022-11-23,112.239998,111.175201
2022-11-25,111.410004,110.353081
2022-11-28,108.779999,107.748024
2022-11-29,109.459999,108.421577
2022-11-30,118.099998,116.979614
2022-12-01,120.440002,119.297401
2022-12-02,123.489998,122.318481
2022-12-05,122.430000,121.268539
2022-12-06,114.120003,113.037361
2022-12-07,113.930000,112.849174
2022-12-08,115.330002,114.235886
2022-12-09,115.900002,114.800484
2022-12-12,114.709999,113.621765
2022-12-13,120.150002,119.010170
2022-12-14,121.589996,120.436485
2022-12-15,116.150002,115.048111
2022-12-16,119.430000,118.296989
2022-12-19,114.480003,113.393951
2022-12-20,117.089996,115.979172
2022-12-21,119.760002,118.623848
2022-12-22,117.120003,116.008896
2022-12-23,118.040001,116.920174
2022-12-27,116.879997,115.771172
2022-12-28,115.620003,114.523132
2022-12-29,120.260002,119.119118
2022-12-30,120.339996,119.198357
2023-01-03,124.739998,123.556618
2023-01-04,127.370003,126.161667
2023-01-05,126.940002,125.735741
2023-01-06,130.020004,128.786514
2023-01-09,129.470001,128.241714
2023-01-10,132.990005,131.728348
2023-01-11,132.889999,131.629272
2023-01-12,136.710007,135.413071
2023-01-13,136.979996,135.680481
2023-01-17,135.360001,134.075882
2023-01-18,133.020004,131.758057
2023-01-19,136.149994,134.858353
2023-01-20,139.369995,138.047836
2023-01-23,143.270004,141.910812
2023-01-24,143.139999,141.782043
2023-01-25,141.500000,140.157623
2023-01-26,147.300003,145.902618
2023-01-27,151.740005,150.300461
2023-01-30,147.059998,145.664856
2023-01-31,148.970001,147.556763
2023-02-01,153.119995,151.667404
2023-02-02,188.770004,186.979172
2023-02-03,186.529999,184.760391
2023-02-06,186.059998,184.294876
2023-02-07,191.619995,189.802109
2023-02-08,183.429993,181.689835
2023-02-09,177.919998,176.232101
2023-02-10,174.149994,172.497864
2023-02-13,179.429993,177.727783
2023-02-14,179.479996,177.777313
2023-02-15,177.160004,175.479324
2023-02-16,172.440002,170.804092
2023-02-17,172.880005,171.239914
2023-02-21,172.080002,170.447525
2023-02-22,171.119995,169.496643
2023-02-23,172.039993,170.407852
2023-02-24,170.389999,168.773529
2023-02-27,169.539993,167.931580
2023-02-28,174.940002,173.280396
2023-03-01,173.419998,171.774796
2023-03-02,174.529999,172.874268
2023-03-03,185.250000,183.492569
2023-03-06,184.899994,183.145889
2023-03-07,184.509995,182.759583
2023-03-08,184.970001,183.215225
2023-03-09,181.690002,179.966339
2023-03-10,179.509995,177.807022
2023-03-13,180.899994,179.183823
2023-03-14,194.020004,192.179367
2023-03-15,197.750000,195.873962
2023-03-16,204.929993,202.985840
2023-03-17,195.610001,193.754288
2023-03-20,197.809998,195.933411
2023-03-21,202.160004,200.242157
2023-03-22,199.809998,197.914444
2023-03-23,204.279999,202.342026
2023-03-24,206.009995,204.055618
2023-03-27,202.839996,200.915710
2023-03-28,200.679993,198.776199
2023-03-29,205.350006,203.401886
2023-03-30,207.839996,205.868225
2023-03-31,211.940002,209.929352
2023-04-03,213.070007,211.048630
2023-04-04,214.720001,212.682983
2023-04-05,211.479996,209.473740
2023-04-06,216.100006,214.049881
2023-04-10,214.750000,212.712708
2023-04-11,213.850006,211.821274
2023-04-12,214.000000,211.969803
2023-04-13,220.350006,218.259583
2023-04-14,221.490005,219.388748
2023-04-17,218.860001,216.783707
2023-04-18,217.889999,215.822922
2023-04-19,215.699997,213.653687
2023-04-20,213.070007,211.048630
2023-04-21,212.889999,210.870346
2023-04-24,212.789993,210.771286
2023-04-25,207.550003,205.581009
2023-04-26,209.399994,207.413452
2023-04-27,238.559998,236.296829
2023-04-28,240.320007,238.040115
2023-05-01,243.179993,240.872971
2023-05-02,239.240005,236.970398
2023-05-03,237.029999,234.781342
2023-05-04,233.520004,231.304642
2023-05-05,232.779999,230.571671
2023-05-08,233.270004,231.057022
2023-05-09,233.369995,231.156052
2023-05-10,233.080002,230.868805
2023-05-11,235.789993,233.553116
2023-05-12,233.809998,231.591888
2023-05-15,238.860001,236.593979
2023-05-16,238.820007,236.554352
2023-05-17,242.490005,240.189560
2023-05-18,246.850006,244.508194
2023-05-19,245.639999,243.309662
2023-05-22,248.320007,245.964233
2023-05-23,246.740005,244.399231
2023-05-24,249.210007,246.845795
2023-05-25,252.690002,250.292770
2023-05-26,262.040009,259.554016
2023-05-30,262.519989,260.029510
2023-05-31,264.720001,262.208679
2023-06-01,272.609985,270.023743
2023-06-02,272.609985,270.023743
2023-06-05,271.390015,268.815369
2023-06-06,271.119995,268.547913
2023-06-07,263.600006,261.099304
2023-06-08,264.579987,262.069977
2023-06-09,264.950012,262.436462
2023-06-12,271.049988,268.478607
2023-06-13,271.320007,268.746094
2023-06-14,273.350006,270.756775
2023-06-15,281.829987,279.156281
2023-06-16,281.000000,278.334137
2023-06-20,284.329987,281.632568
2023-06-21,281.640015,278.968170
2023-06-22,284.880005,282.177399
2023-06-23,288.730011,285.990875
2023-06-26,278.470001,275.828186
2023-06-27,287.049988,284.326782
2023-06-28,285.290009,282.583496
2023-06-29,281.529999,278.859222
2023-06-30,286.980011,284.257507
2023-07-03,286.019989,283.306580
2023-07-05,294.369995,291.577393
2023-07-06,291.989990,289.219940
2023-07-07,290.529999,287.773773
2023-07-10,294.100006,291.309937
2023-07-11,298.290009,295.460114
2023-07-12,309.339996,306.405334
2023-07-13,313.410004,310.436737
2023-07-14,308.869995,305.939789
2023-07-17,310.619995,307.673157
2023-07-18,312.049988,309.089630
2023-07-19,316.010010,313.012054
2023-07-20,302.519989,299.650024
2023-07-21,294.260010,291.468414
2023-07-24,291.609985,288.843506
2023-07-25,294.470001,291.676422
2023-07-26,298.570007,295.737518
2023-07-27,311.709991,308.752899
2023-07-28,325.480011,322.392242
2023-07-31,318.600006,315.577484
2023-08-01,322.709991,319.648499
2023-08-02,314.309998,311.328217
2023-08-03,313.190002,310.218811
2023-08-04,310.730011,307.782135
2023-08-07,316.559998,313.556854
2023-08-08,312.640015,309.674042
2023-08-09,305.209991,302.314453
2023-08-10,305.739990,302.839478
2023-08-11,301.640015,298.778473
2023-08-14,306.190002,303.285248
2023-08-15,301.950012,299.085480
2023-08-16,294.290009,291.498108
2023-08-17,285.089996,282.385437
2023-08-18,283.250000,280.562836
2023-08-21,289.899994,287.149719
2023-08-22,287.600006,284.871582
2023-08-23,294.239990,291.448639
2023-08-24,286.750000,284.029694
2023-08-25,285.500000,282.791565
2023-08-28,290.260010,287.506317
2023-08-29,297.989990,295.163025
2023-08-30,295.100006,292.300476
2023-08-31,295.890015,293.082947
2023-09-01,296.380005,293.568268
2023-09-05,300.149994,297.302521
2023-09-06,299.170013,296.331879
2023-09-07,298.670013,295.836548
2023-09-08,297.890015,295.063995
2023-09-11,307.559998,304.642273
2023-09-12,301.660004,298.798187
2023-09-13,305.059998,302.165955
2023-09-14,311.720001,308.762787
2023-09-15,300.309998,297.461060
2023-09-18,302.549988,299.679749
2023-09-19,305.070007,302.175903
2023-09-20,299.670013,296.827118
2023-09-21,295.730011,292.924469
2023-09-22,299.079987,296.242676
2023-09-25,300.829987,297.976044
2023-09-26,298.959991,296.123840
2023-09-27,297.739990,294.915375
2023-09-28,303.959991,301.076416
2023-09-29,300.209991,297.361938
2023-10-02,306.820007,303.909271
2023-10-03,300.940002,298.085052
2023-10-04,305.579987,302.681000
2023-10-05,304.790009,301.898499
2023-10-06,315.429993,312.437531
2023-10-09,318.359985,315.339783
2023-10-10,321.839996,318.786713
2023-10-11,327.820007,324.710052
2023-10-12,324.160004,321.084778
2023-10-13,314.690002,311.704590
2023-10-16,321.149994,318.103271
2023-10-17,324.000000,320.926331
2023-10-18,316.970001,313.962982
2023-10-19,312.809998,309.842407
2023-10-20,308.649994,305.721924
2023-10-23,314.010010,311.031036
2023-10-24,312.549988,309.584900
2023-10-25,299.529999,296.688416
2023-10-26,288.350006,285.614441
2023-10-27,296.730011,293.914948
2023-10-30,302.660004,299.788696
2023-10-31,301.269989,298.411896
2023-11-01,311.850006,308.891541
2023-11-02,310.869995,307.920807
2023-11-03,314.600006,311.615448
2023-11-06,315.799988,312.804016
2023-11-07,318.820007,315.795410
2023-11-08,319.779999,316.746307
2023-11-09,320.549988,317.508972
2023-11-10,328.769989,325.650970
2023-11-13,329.190002,326.067078
2023-11-14,336.309998,333.119476
2023-11-15,332.709991,329.553650
2023-11-16,334.190002,331.019592
2023-11-17,335.040009,331.861572
2023-11-20,339.970001,336.744812
2023-11-21,336.980011,333.783112
2023-11-22,341.489990,338.250305
2023-11-24,338.230011,335.021301
2023-11-27,334.700012,331.524750
2023-11-28,338.989990,335.774078
2023-11-29,332.200012,329.048492
2023-11-30,327.149994,324.046387
2023-12-01,324.820007,321.738525
2023-12-04,320.019989,316.984009
2023-12-05,318.290009,315.270477
2023-12-06,317.450012,314.438446
2023-12-07,326.589996,323.491699
2023-12-08,332.750000,329.593231
2023-12-11,325.279999,322.194153
2023-12-12,334.220001,331.049316
2023-12-13,334.739990,331.564331
2023-12-14,333.170013,330.009308
2023-12-15,334.920013,331.742676
2023-12-18,344.619995,341.350647
2023-12-19,350.359985,347.036194
2023-12-20,349.279999,345.966431
2023-12-21,354.089996,350.730835
2023-12-22,353.390015,350.037445
2023-12-26,354.829987,351.463745
2023-12-27,357.829987,354.435303
2023-12-28,358.320007,354.920715
2023-12-29,353.959991,350.602051
2024-01-02,346.290009,343.004822
2024-01-03,344.470001,341.202057
2024-01-04,347.119995,343.826935
2024-01-05,351.950012,348.611084
2024-01-08,358.660004,355.257477
2024-01-09,357.429993,354.039093
2024-01-10,370.470001,366.955383
2024-01-11,369.670013,366.163025
2024-01-12,374.489990,370.937225
2024-01-16,367.459991,363.973969
2024-01-17,368.369995,364.875336
2024-01-18,376.130005,372.561676
2024-01-19,383.450012,379.812317
2024-01-22,381.779999,378.158112
2024-01-23,385.200012,381.545685
2024-01-24,390.700012,386.993500
2024-01-25,393.179993,389.449982
2024-01-26,394.140015,390.400879
2024-01-29,401.019989,397.215576
2024-01-30,400.059998,396.264709
2024-01-31,390.140015,386.438873
2024-02-01,394.779999,391.034790
2024-02-02,474.989990,470.483856
2024-02-05,459.410004,455.051636
2024-02-06,454.720001,450.406158
2024-02-07,469.589996,465.135071
2024-02-08,470.000000,465.541168
2024-02-09,468.109985,463.669098
2024-02-12,468.899994,464.451630
2024-02-13,460.119995,455.754883
2024-02-14,473.279999,468.790009
2024-02-15,484.029999,479.438171
2024-02-16,473.320007,468.829681
2024-02-20,471.750000,467.274597
2024-02-21,468.029999,464.081787
2024-02-22,486.130005,482.029083
2024-02-23,484.029999,479.946808
2024-02-26,481.739990,477.676086
2024-02-27,487.049988,482.941284
2024-02-28,484.019989,479.936890
2024-02-29,490.130005,485.995331
2024-03-01,502.299988,498.062653
2024-03-04,498.190002,493.987274
2024-03-05,490.220001,486.084534
2024-03-06,496.089996,491.905029
2024-03-07,512.190002,507.869232
2024-03-08,505.950012,501.681824
2024-03-11,483.589996,479.510498
2024-03-12,499.750000,495.534210
2024-03-13,495.570007,491.389496
2024-03-14,491.829987,487.680908
2024-03-15,484.100006,480.016235
2024-03-18,496.980011,492.787506
2024-03-19,496.239990,492.053772
2024-03-20,505.519989,501.255432
2024-03-21,507.760010,503.476593
2024-03-22,509.579987,505.281250
2024-03-25,503.019989,498.776550
2024-03-26,495.890015,491.706757
2024-03-27,493.859985,489.693787
2024-03-28,485.579987,481.483734
2024-04-01,491.350006,487.205048
2024-04-02,497.369995,493.174194
2024-04-03,506.739990,502.465149
2024-04-04,510.920013,506.609985
2024-04-05,527.340027,522.891418
2024-04-08,519.250000,514.869690
2024-04-09,516.900024,512.539490
2024-04-10,519.830017,515.444763
2024-04-11,523.159973,518.746704
2024-04-12,511.899994,507.581665
2024-04-15,500.230011,496.010132
2024-04-16,499.760010,495.544067
2024-04-17,494.170013,490.001251
2024-04-18,501.799988,497.566833
2024-04-19,481.070007,477.011719
2024-04-22,481.730011,477.666138
2024-04-23,496.100006,491.915009
2024-04-24,493.500000,489.336914
2024-04-25,441.380005,437.656555
2024-04-26,443.290009,439.550476
2024-04-29,432.619995,428.970490
2024-04-30,430.170013,426.541107
2024-05-01,439.190002,435.485016
2024-05-02,441.679993,437.954010
2024-05-03,451.959991,448.147278
2024-05-06,465.679993,461.751617
2024-05-07,468.239990,464.289917
2024-05-08,472.600006,468.613190
2024-05-09,475.420013,471.409363
2024-05-10,476.200012,472.182861
2024-05-13,468.010010,464.061920
2024-05-14,471.850006,467.869568
2024-05-15,481.540009,477.477783
2024-05-16,473.230011,469.237946
2024-05-17,471.910004,467.929016
2024-05-20,468.839996,464.884949
2024-05-21,464.630005,460.710419
2024-05-22,467.779999,463.833862
2024-05-23,465.779999,461.850708
2024-05-24,478.220001,474.185791
2024-05-28,479.920013,475.871521
2024-05-29,474.359985,470.358368
2024-05-30,467.049988,463.110016
2024-05-31,466.829987,462.891876
2024-06-03,477.489990,473.461945
2024-06-04,476.989990,472.966156
2024-06-05,495.059998,490.883728
2024-06-06,493.760010,489.594727
2024-06-07,492.959991,488.801453
2024-06-10,502.600006,498.360107
2024-06-11,507.470001,503.188995
2024-06-12,508.839996,504.547485
2024-06-13,504.100006,499.847504
2024-06-14,504.160004,500.403259
2024-06-17,506.630005,502.854919
2024-06-18,499.489990,495.768097
2024-06-20,501.700012,497.961670
2024-06-21,494.779999,491.093201
2024-06-24,498.910004,495.192444
2024-06-25,510.600006,506.795319
2024-06-26,513.119995,509.296570
2024-06-27,519.559998,515.688477
2024-06-28,504.220001,500.462921
2024-07-01,504.679993,500.919464
2024-07-02,509.500000,505.703522
2024-07-03,509.959991,506.160126
2024-07-05,539.909973,535.886902
2024-07-08,529.320007,525.375854
2024-07-09,530.000000,526.050781
2024-07-10,534.690002,530.705933
2024-07-11,512.700012,508.879700
2024-07-12,498.869995,495.152679
2024-07-15,496.160004,492.462921
2024-07-16,489.790009,486.140350
2024-07-17,461.989990,458.547485
2024-07-18,475.850006,472.304260
2024-07-19,476.790009,473.237274
2024-07-22,487.399994,483.768188
2024-07-23,488.690002,485.048553
2024-07-24,461.269989,457.832855
2024-07-25,453.410004,450.031494
2024-07-26,465.700012,462.229889
2024-07-29,465.709991,462.239807
2024-07-30,463.190002,459.738586
2024-07-31,474.829987,471.291840
2024-08-01,497.739990,494.031128
2024-08-02,488.140015,484.502716
2024-08-05,475.730011,472.185181
2024-08-06,494.089996,490.408356
2024-08-07,488.920013,485.276886
2024-08-08,509.630005,505.832581
2024-08-09,517.770020,513.911926
2024-08-12,515.950012,512.105469
2024-08-13,528.539978,524.601685
2024-08-14,526.760010,522.834961
2024-08-15,537.330017,533.326050
2024-08-16,527.419983,523.489929
2024-08-19,529.280029,525.336121
2024-08-20,526.729980,522.805054
2024-08-21,535.159973,531.172302
2024-08-22,531.929993,527.966370
2024-08-23,528.000000,524.065735
2024-08-26,521.119995,517.237000
2024-08-27,519.099976,515.231873
2024-08-28,516.780029,512.929321
2024-08-29,518.219971,514.358521
2024-08-30,521.309998,517.425537
2024-09-03,511.760010,507.946686
2024-09-04,512.739990,508.919342
2024-09-05,516.859985,513.008606
2024-09-06,500.269989,496.542236
2024-09-09,504.790009,501.028595
2024-09-10,504.790009,501.028595
2024-09-11,511.829987,508.016174
2024-09-12,525.599976,521.683655
2024-09-13,524.619995,520.710938
2024-09-16,533.280029,529.811401
2024-09-17,536.320007,532.831543
2024-09-18,537.950012,534.450806
2024-09-19,559.099976,555.463318
2024-09-20,561.349976,557.698669
2024-09-23,564.409973,560.738831
2024-09-24,563.330017,559.665833
2024-09-25,568.309998,564.613342
2024-09-26,567.840027,564.146606
2024-09-27,567.359985,563.669617
2024-09-30,572.440002,568.716553
2024-10-01,576.469971,572.720337
2024-10-02,572.809998,569.084229
2024-10-03,582.770020,578.979431
2024-10-04,595.940002,592.063660
2024-10-07,584.780029,580.976318
2024-10-08,592.890015,589.033569
2024-10-09,590.510010,586.668945
2024-10-10,583.830017,580.032471
2024-10-11,589.950012,586.112610
2024-10-14,590.419983,586.579651
2024-10-15,586.270020,582.456665
2024-10-16,576.789978,573.038330
2024-10-17,576.929993,573.177368
2024-10-18,576.469971,572.720337
2024-10-21,575.159973,571.418701
2024-10-22,582.010010,578.224243
2024-10-23,563.690002,560.023438
2024-10-24,567.780029,564.086914
2024-10-25,573.250000,569.521240
2024-10-28,578.159973,574.399292
2024-10-29,593.280029,589.421082
2024-10-30,591.799988,587.950684
2024-10-31,567.580017,563.888123
2024-11-01,567.159973,563.470886
2024-11-04,560.679993,557.033020
2024-11-05,572.429993,568.706604
2024-11-06,572.049988,568.329041
2024-11-07,591.700012,587.851257
2024-11-08,589.340027,585.506592
2024-11-11,583.169983,579.376831
2024-11-12,584.820007,581.016052
2024-11-13,580.000000,576.227356
2024-11-14,577.159973,573.405823
2024-11-15,554.080017,550.475952
2024-11-18,554.400024,550.793884
2024-11-19,561.090027,557.440430
2024-11-20,565.520020,561.841553
2024-11-21,563.090027,559.427429
2024-11-22,559.140015,555.503052
2024-11-25,565.109985,561.434204
2024-11-26,573.539978,569.809387
2024-11-27,569.200012,565.497742
2024-11-29,574.320007,570.584351
2024-12-02,592.830017,588.973938
2024-12-03,613.650024,609.658447
2024-12-04,613.780029,609.787598
2024-12-05,608.929993,604.969177
2024-12-06,623.770020,619.712769
2024-12-09,613.570007,609.578979
2024-12-10,619.320007,615.291626
2024-12-11,632.679993,628.564819
2024-12-12,630.789978,626.686951
2024-12-13,620.349976,616.314941
2024-12-16,624.239990,620.679871
2024-12-17,619.440002,615.907227
2024-12-18,597.190002,593.784180
2024-12-19,595.570007,592.173340
2024-12-20,585.250000,581.912231
2024-12-23,599.849976,596.428955
2024-12-24,607.750000,604.283936
2024-12-26,603.349976,599.909058
2024-12-27,599.809998,596.389221
2024-12-30,591.239990,587.868042
2024-12-31,585.510010,582.170654
2025-01-02,599.239990,595.822449
2025-01-03,604.630005,601.181763
2025-01-06,630.200012,626.605896
2025-01-07,617.890015,614.366150
2025-01-08,610.719971,607.236938
2025-01-10,615.859985,612.347595
2025-01-13,608.330017,604.860657
2025-01-14,594.250000,590.860901
2025-01-15,617.119995,613.600464
2025-01-16,611.299988,607.813599
2025-01-17,612.770020,609.275330
2025-01-21,616.460022,612.944336
2025-01-22,623.500000,619.944031
2025-01-23,636.450012,632.820312
2025-01-24,647.489990,643.797241
2025-01-27,659.880005,656.116638
2025-01-28,674.330017,670.484314
2025-01-29,676.489990,672.631897
2025-01-30,687.000000,683.081970
2025-01-31,689.179993,685.249573
2025-02-03,697.460022,693.482300
2025-02-04,704.190002,700.173889
2025-02-05,704.869995,700.850037
2025-02-06,711.989990,707.929382
2025-02-07,714.520020,710.445068
2025-02-10,717.400024,713.308655
2025-02-11,719.799988,715.694824
2025-02-12,725.380005,721.242981
2025-02-13,728.559998,724.404907
2025-02-14,736.669983,732.468689
2025-02-18,716.369995,712.284424
2025-02-19,703.770020,699.756287
2025-02-20,694.840027,690.877258
2025-02-21,683.549988,679.651611
2025-02-24,668.130005,664.319519
2025-02-25,657.500000,653.750183
2025-02-26,673.700012,669.857788
2025-02-27,658.239990,654.485962
2025-02-28,668.200012,664.389099
2025-03-03,655.049988,651.314148
2025-03-04,640.000000,636.350037
2025-03-05,656.469971,652.726013
2025-03-06,627.929993,624.348816
2025-03-07,625.659973,622.091675
2025-03-10,597.989990,594.579651
2025-03-11,605.710022,602.255615
2025-03-12,619.559998,616.026611
2025-03-13,590.640015,587.271545
2025-03-14,607.599976,604.672241
2025-03-17,604.900024,601.985291
2025-03-18,582.359985,579.553772
2025-03-19,584.059998,581.245667
2025-03-20,586.000000,583.176270
2025-03-21,596.250000,593.376953
2025-03-24,618.849976,615.867981
2025-03-25,626.309998,623.292114
2025-03-26,610.979980,608.036011
2025-03-27,602.580017,599.676392
2025-03-28,576.739990,573.960938
2025-03-31,576.359985,573.582764
2025-04-01,586.000000,583.176270
2025-04-02,583.929993,581.116333
2025-04-03,531.619995,529.058411
2025-04-04,504.730011,502.297943
2025-04-07,516.250000,513.762451
2025-04-08,510.450012,507.990387
2025-04-09,585.770020,582.947449
2025-04-10,546.289978,543.657532
2025-04-11,543.570007,540.950806
2025-04-14,531.479980,528.919006
2025-04-15,521.520020,519.007019
2025-04-16,502.309998,499.889618
2025-04-17,501.480011,499.063629
2025-04-21,484.660004,482.324646
2025-04-22,500.279999,497.869415
2025-04-23,520.270020,517.763062
2025-04-24,533.150024,530.581055
2025-04-25,547.270020,544.632996
2025-04-28,549.739990,547.091003
2025-04-29,554.440002,551.768494
2025-04-30,549.000000,546.354675
2025-05-01,572.210022,569.452881
2025-05-02,597.020020,594.143311
2025-05-05,599.270020,596.382507
2025-05-06,587.309998,584.480042
2025-05-07,596.809998,593.934265
2025-05-08,598.010010,595.128540
2025-05-09,592.489990,589.635071
2025-05-12,639.429993,636.348877
2025-05-13,656.030029,652.868958
2025-05-14,659.359985,656.182800
2025-05-15,643.880005,640.777527
2025-05-16,640.340027,637.254578
2025-05-19,640.429993,637.344055
2025-05-20,637.099976,634.030090
2025-05-21,635.500000,632.437866
2025-05-22,636.570007,633.502686
2025-05-23,627.059998,624.038574
2025-05-27,642.320007,639.224976
2025-05-28,643.580017,640.478943
2025-05-29,645.049988,641.941895
2025-05-30,647.489990,644.369995
2025-06-02,670.900024,667.667297
2025-06-03,666.849976,663.636719
2025-06-04,687.950012,684.635132
2025-06-05,684.619995,681.321167
2025-06-06,697.710022,694.348083
2025-06-09,694.059998,690.715637
2025-06-10,702.400024,699.015564
2025-06-11,694.140015,690.795288
2025-06-12,693.359985,690.019043
2025-06-13,682.869995,679.579529
2025-06-16,702.119995,699.274353
2025-06-17,697.229980,694.404175
2025-06-18,695.770020,692.950195
2025-06-20,682.349976,679.584534
2025-06-23,698.530029,695.699097
2025-06-24,712.200012,709.313538
2025-06-25,708.679993,705.807922
2025-06-26,726.090027,723.147400
2025-06-27,733.630005,730.656738
2025-06-30,738.090027,735.098755
2025-07-01,719.219971,716.305115
2025-07-02,713.570007,710.678101
2025-07-03,719.010010,716.096008
2025-07-07,718.349976,715.438599
2025-07-08,720.669983,717.749268
2025-07-09,732.780029,729.810181
2025-07-10,727.239990,724.292603
2025-07-11,717.510010,714.602112
2025-07-14,720.919983,717.998230
2025-07-15,710.390015,707.510986
2025-07-16,702.909973,700.061157
2025-07-17,701.409973,698.567261
2025-07-18,704.280029,701.425659
2025-07-21,712.969971,710.080566
2025-07-22,704.809998,701.953552
2025-07-23,713.580017,710.688049
2025-07-24,714.799988,711.903015
2025-07-25,712.679993,709.791687
2025-07-28,717.630005,714.721619
2025-07-29,700.000000,697.163086
2025-07-30,695.210022,692.392395
2025-07-31,773.440002,770.305420
2025-08-01,750.010010,746.970398
2025-08-04,776.369995,773.223572
2025-08-05,763.460022,760.365906
2025-08-06,771.989990,768.861267
2025-08-07,761.830017,758.742371
2025-08-08,769.299988,766.182190
2025-08-11,765.869995,762.766052
2025-08-12,790.000000,786.798340
2025-08-13,780.080017,776.918457
2025-08-14,782.130005,778.960144
2025-08-15,785.229980,782.047607
2025-08-18,767.369995,764.260010
2025-08-19,751.479980,748.434326
2025-08-20,747.719971,744.689636
2025-08-21,739.099976,736.104553
2025-08-22,754.789978,751.730957
2025-08-25,753.299988,750.247009
2025-08-26,754.099976,751.043823
2025-08-27,747.380005,744.351013
2025-08-28,751.109985,748.065796
2025-08-29,738.700012,735.706177
2025-09-02,735.109985,732.130798
2025-09-03,737.049988,734.062805
2025-09-04,748.650024,745.615845
2025-09-05,752.450012,749.400513
2025-09-08,752.299988,749.251099
2025-09-09,765.700012,762.596802
2025-09-10,751.979980,748.932373
2025-09-11,750.900024,747.856689
2025-09-12,755.590027,752.527832
2025-09-15,764.700012,761.600769
2025-09-16,779.000000,775.842896
2025-09-17,775.719971,772.576111
2025-09-18,780.250000,777.087769
2025-09-19,778.380005,775.225403
2025-09-22,765.159973,762.573303
2025-09-23,755.400024,752.846313
2025-09-24,760.659973,758.088501
2025-09-25,748.909973,746.378174
2025-09-26,743.750000,741.235718
2025-09-29,743.400024,740.886841
2025-09-30,734.380005,731.897339
2025-10-01,717.340027,714.914917
2025-10-02,727.049988,724.592102
2025-10-03,710.559998,708.157837
2025-10-06,715.659973,713.240662
2025-10-07,713.080017,710.669373
2025-10-08,717.840027,715.413330
2025-10-09,733.510010,731.030334
2025-10-10,705.299988,702.915649
2025-10-13,715.700012,713.280457
2025-10-14,708.650024,706.254333
2025-10-15,717.549988,715.124207
2025-10-16,712.070007,709.662781
2025-10-17,716.919983,714.496338
2025-10-20,732.169983,729.694824
2025-10-21,733.270020,730.791138
2025-10-22,733.409973,730.930603
2025-10-23,734.000000,731.518616
2025-10-24,738.359985,735.863831
2025-10-27,750.820007,748.281799
2025-10-28,751.440002,748.899719
2025-10-29,751.669983,749.128906
2025-10-30,666.469971,664.216919
2025-10-31,648.349976,646.158142
2025-11-03,637.710022,635.554138
2025-11-04,627.320007,625.199280
2025-11-05,635.950012,633.800110
2025-11-06,618.940002,616.847595
2025-11-07,621.710022,619.608215
2025-11-10,631.760010,629.624329
2025-11-11,627.080017,624.960083
2025-11-12,609.010010,606.951172
2025-11-13,609.890015,607.828247
2025-11-14,609.460022,607.399658
2025-11-17,602.010010,599.974854
2025-11-18,597.690002,595.669495
2025-11-19,590.320007,588.324341
2025-11-20,589.150024,587.158325
2025-11-21,594.250000,592.241089
2025-11-24,613.049988,610.977478
2025-11-25,636.219971,634.069153
2025-11-26,633.609985,631.468018
2025-11-28,647.950012,645.759521
2025-12-01,640.869995,638.703430
2025-12-02,647.099976,644.912415
2025-12-03,639.599976,637.437805
2025-12-04,661.530029,659.293640
2025-12-05,673.419983,671.143433
2025-12-08,666.799988,664.545776
2025-12-09,656.960022,654.739075
2025-12-10,650.130005,647.932129
2025-12-11,652.710022,650.503479
2025-12-12,644.229980,642.052063
2025-12-15,647.510010,645.847351
2025-12-16,657.150024,655.462585
2025-12-17,649.500000,647.832214
2025-12-18,664.450012,662.743896
2025-12-19,658.770020,657.078430
2025-12-22,661.500000,659.801392
2025-12-23,664.940002,663.232544
2025-12-24,667.549988,665.835938
2025-12-26,663.289978,661.586792
2025-12-29,658.690002,656.998657
2025-12-30,665.950012,664.239990
2025-12-31,660.090027,658.395081
2026-01-02,650.409973,648.739929
2026-01-05,658.789978,657.098389
2026-01-06,660.619995,658.923706
2026-01-07,648.690002,647.024353
2026-01-08,646.059998,644.401062
2026-01-09,653.059998,651.383057
2026-01-12,641.969971,640.321594
2026-01-13,631.090027,629.469543
2026-01-14,615.520020,613.939514
2026-01-15,620.799988,619.205933
2026-01-16,620.250000,618.657349
2026-01-20,604.119995,602.568787
2026-01-21,612.960022,611.386108
2026-01-22,647.630005,645.967041
2026-01-23,658.760010,657.068481
2026-01-26,672.359985,670.633545
2026-01-27,672.969971,671.241943
2026-01-28,668.729980,667.012817
2026-01-29,738.309998,736.414185
2026-01-30,716.500000,714.660156
2026-02-02,706.409973,704.596008
2026-02-03,691.700012,689.923828
2026-02-04,668.989990,667.272156
2026-02-05,670.210022,668.489014
2026-02-06,661.460022,659.761536
2026-02-09,677.219971,675.481018
2026-02-10,670.719971,668.997742
2026-02-11,668.690002,666.972961
2026-02-12,649.809998,648.141418
2026-02-13,639.770020,638.127258
2026-02-17,639.289978,637.648376
2026-02-18,643.219971,641.568298
2026-02-19,644.780029,643.124329
2026-02-20,655.659973,653.976379
2026-02-23,637.250000,635.613647
2026-02-24,639.299988,637.658386
2026-02-25,653.690002,652.011475
2026-02-26,657.010010,655.322998
2026-02-27,648.179993,646.515625
2026-03-02,653.559998,651.881775
2026-03-03,655.080017,653.397888
2026-03-04,667.729980,666.015381
2026-03-05,660.570007,658.873840
2026-03-06,644.859985,643.204102
2026-03-09,647.390015,645.727722
2026-03-10,654.070007,652.390503
2026-03-11,654.859985,653.178406
2026-03-12,638.179993,636.541260
2026-03-13,613.710022,612.134094
2026-03-16,627.450012,626.374695
2026-03-17,622.659973,621.592896
2026-03-18,615.679993,614.624878
2026-03-19,606.700012,605.660278
2026-03-20,593.659973,592.642578
2026-03-23,604.059998,603.024780
2026-03-24,592.919983,591.903870
2026-03-25,594.890015,593.870483
2026-03-26,547.539978,546.601562
2026-03-27,525.719971,524.818970
2026-03-30,536.380005,535.460754
2026-03-31,572.130005,571.149475
2026-04-01,579.229980,578.237305
2026-04-02,574.460022,573.475525
2026-04-06,573.020020,572.037964
2026-04-07,575.049988,574.064453
2026-04-08,612.419983,611.370422
2026-04-09,628.390015,627.313110
2026-04-10,629.859985,628.780518
2026-04-13,634.530029,633.442627
2026-04-14,662.489990,661.354614
2026-04-15,671.580017,670.429077
2026-04-16,676.869995,675.709961
2026-04-17,688.549988,687.369934
2026-04-20,670.909973,669.760193
2026-04-21,668.840027,667.693787
2026-04-22,674.719971,673.563660
2026-04-23,659.150024,658.020386
2026-04-24,675.030029,673.873169
2026-04-27,678.619995,677.456970
2026-04-28,671.340027,670.189453
2026-04-29,669.119995,667.973267
2026-04-30,611.909973,610.861267
2026-05-01,608.750000,607.706726
2026-05-04,610.409973,609.363892
2026-05-05,604.960022,603.923218
2026-05-06,612.880005,611.829651
2026-05-07,616.809998,615.752869
2026-05-08,609.630005,608.585205
2026-05-11,598.859985,597.833679
2026-05-12,603.000000,601.966614
2026-05-13,616.630005,615.573242
2026-05-14,618.429993,617.370117
2026-05-15,614.229980,613.177368
2026-05-18,611.210022,610.162537
2026-05-19,602.609985,601.577271
2026-05-20,605.059998,604.023071
2026-05-21,607.380005,606.339050
2026-05-22,610.260010,609.214172
2026-05-26,612.340027,611.290588
2026-05-27,635.260010,634.171326
2026-05-28,635.289978,634.201233
2026-05-29,632.510010,631.426025
2026-06-01,600.469971,599.440857
2026-06-02,597.630005,596.605774
2026-06-03,622.979980,621.912354
2026-06-04,627.570007,626.494446
2026-06-05,593.000000,591.983765
2026-06-08,585.390015,584.386780
2026-06-09,584.590027,583.588135
2026-06-10,570.979980,570.001465
2026-06-11,568.429993,567.455811
2026-06-12,566.979980,566.008240
2026-06-15,593.479980,593.011963
2026-06-16,600.210022,599.736694
2026-06-17,567.580017,567.132446
2026-06-18,577.219971,576.764771
2026-06-22,563.849976,563.405334
2026-06-23,562.200012,561.756653
2026-06-24,557.669983,557.230225
2026-06-25,542.869995,542.441895
2026-06-26,550.250000,549.816101
2026-06-29,562.599976,562.156311
2026-06-30,563.289978,562.845764
2026-07-01,612.909973,612.426636
2026-07-02,582.900024,582.440369
2026-07-06,600.289978,599.816589
2026-07-07,615.580017,615.094604
2026-07-08,603.119995,602.644409
2026-07-09,631.479980,630.981995
2026-07-10,669.210022,668.682312
2026-07-13,656.729980,656.212097
2026-07-14,661.039978,660.518677
2026-07-15,681.309998,680.772766
2026-07-16,664.539978,664.015930
2026-07-17,646.010010,645.500610
2026-07-20,645.849976,645.340698
2026-07-21,643.809998,643.302307
2026-07-22,627.169983,626.675415
2026-07-23,606.099976,605.622009
2026-07-24,595.190002,594.720642
2026-07-27,593.869995,593.401672
2026-07-28,593.409973,592.942017
2026-07-29,585.609985,585.148193
2026-07-30,539.030029,538.604980
2026-07-31,556.710022,556.270996
2026-08-03,590.239990,589.774536
2026-08-04,587.940002,587.476379
2026-08-05,588.770020,588.305725
2026-08-06,589.900024,589.434875
2026-08-07,592.099976,591.633057
2026-08-10,594.919983,594.450867
2026-08-11,599.119995,598.647522
2026-08-12,578.849976,578.393494
2026-08-13,594.969971,594.500793
2026-08-14,589.849976,589.384827
2026-08-17,568.969971,568.521301
2026-08-18,543.669983,543.241272
2026-08-19,546.030029,545.599426
2026-08-20,545.830017,545.399597
2026-08-21,549.900024,549.466370
2026-08-24,559.020020,558.579224
2026-08-25,570.049988,569.600464
2026-08-26,576.140015,575.685669
2026-08-27,571.099976,570.649597
2026-08-28,578.020020,577.564209
2026-08-31,572.340027,571.888672
2026-09-01,578.539978,578.083740
2026-09-02,592.849976,592.382446
2026-09-03,610.679993,610.198425
2026-09-04,616.770020,616.283630
2026-09-08,613.479980,612.996216
2026-09-09,653.690002,653.174500
2026-09-10,644.380005,643.871887
2026-09-11,648.030029,647.519043
2026-09-14,665.599976,665.075134
2026-09-15,670.239990,669.711487
2026-09-16,673.309998,672.779053
2026-09-17,682.309998,681.771973
2026-09-18,665.750000,665.225037
2026-09-21,741.250000,741.250000
2026-09-22,736.599976,736.599976
2026-09-23,744.099976,744.099976
2026-09-24,777.590027,777.590027
2026-09-25,751.659973,751.659973
2026-09-28,715.619995,715.619995
