date,close,adjclose
2010-01-04,30.950001,22.984240
2010-01-05,30.959999,22.991671
2010-01-06,30.770000,22.850565
2010-01-07,30.450001,22.612919
2010-01-08,30.660000,22.768877
2010-01-11,30.270000,22.479256
2010-01-12,30.070000,22.330725
2010-01-13,30.350000,22.538670
2010-01-14,30.959999,22.991671
2010-01-15,30.860001,22.917406
2010-01-19,31.100000,23.095634
2010-01-20,30.590000,22.716900
2010-01-21,30.010000,22.286173
2010-01-22,28.959999,21.506416
2010-01-25,29.320000,21.773754
2010-01-26,29.500000,21.907427
2010-01-27,29.670000,22.033672
2010-01-28,29.160000,21.654938
2010-01-29,28.180000,20.927166
2010-02-01,28.410000,21.097967
2010-02-02,28.459999,21.135101
2010-02-03,28.629999,21.261347
2010-02-04,27.840000,20.674679
2010-02-05,28.020000,20.808338
2010-02-08,27.719999,20.585556
2010-02-09,28.010000,20.800920
2010-02-10,27.990000,20.786076
2010-02-11,28.120001,20.882616
2010-02-12,27.930000,20.741512
2010-02-16,28.350000,21.151865
2010-02-17,28.590000,21.330923
2010-02-18,28.969999,21.614443
2010-02-19,28.770000,21.465225
2010-02-22,28.730000,21.435379
2010-02-23,28.330000,21.136940
2010-02-24,28.629999,21.360771
2010-02-25,28.600000,21.338396
2010-02-26,28.670000,21.390619
2010-03-01,29.020000,21.651751
2010-03-02,28.459999,21.233934
2010-03-03,28.459999,21.233934
2010-03-04,28.629999,21.360771
2010-03-05,28.590000,21.330923
2010-03-08,28.629999,21.360771
2010-03-09,28.799999,21.487606
2010-03-10,28.969999,21.614443
2010-03-11,29.180000,21.771120
2010-03-12,29.270000,21.838274
2010-03-15,29.290001,21.853197
2010-03-16,29.370001,21.912884
2010-03-17,29.629999,22.106869
2010-03-18,29.610001,22.091942
2010-03-19,29.590000,22.077023
2010-03-22,29.600000,22.084486
2010-03-23,29.879999,22.293392
2010-03-24,29.650000,22.121788
2010-03-25,30.010000,22.390381
2010-03-26,29.660000,22.129253
2010-03-29,29.590000,22.077023
2010-03-30,29.770000,22.211319
2010-03-31,29.290001,21.853197
2010-04-01,29.160000,21.756203
2010-04-05,29.270000,21.838274
2010-04-06,29.320000,21.875584
2010-04-07,29.350000,21.897961
2010-04-08,29.920000,22.323242
2010-04-09,30.340000,22.636602
2010-04-12,30.320000,22.621672
2010-04-13,30.450001,22.718666
2010-04-14,30.820000,22.994730
2010-04-15,30.870001,23.032030
2010-04-16,30.670000,22.882811
2010-04-19,31.040001,23.158867
2010-04-20,31.360001,23.397617
2010-04-21,31.330000,23.375240
2010-04-22,31.389999,23.420006
2010-04-23,30.959999,23.099184
2010-04-26,31.110001,23.211092
2010-04-27,30.850000,23.017109
2010-04-28,30.910000,23.061872
2010-04-29,31.000000,23.129026
2010-04-30,30.540001,22.785828
2010-05-03,30.860001,23.024565
2010-05-04,30.129999,22.479912
2010-05-05,29.850000,22.271008
2010-05-06,28.980000,21.621906
2010-05-07,28.209999,21.047407
2010-05-10,28.940001,21.592060
2010-05-11,28.879999,21.547297
2010-05-12,29.440001,21.965105
2010-05-13,29.240000,21.815893
2010-05-14,28.930000,21.584599
2010-05-17,28.940001,21.592060
2010-05-18,28.600000,21.434683
2010-05-19,28.240000,21.164869
2010-05-20,27.110001,20.317966
2010-05-21,26.840000,20.115612
2010-05-24,26.270000,19.688419
2010-05-25,26.070000,19.538525
2010-05-26,25.010000,18.744102
2010-05-27,26.000000,19.486065
2010-05-28,25.799999,19.336172
2010-06-01,25.889999,19.403635
2010-06-02,26.459999,19.830824
2010-06-03,26.860001,20.130606
2010-06-04,25.790001,19.328680
2010-06-07,25.290001,18.953949
2010-06-08,25.110001,18.819054
2010-06-09,24.790001,18.579214
2010-06-10,25.000000,18.736609
2010-06-11,25.660000,19.231249
2010-06-14,25.500000,19.111336
2010-06-15,26.580000,19.920759
2010-06-16,26.320000,19.725895
2010-06-17,26.370001,19.763371
2010-06-18,26.440001,19.815834
2010-06-21,25.950001,19.448593
2010-06-22,25.770000,19.313696
2010-06-23,25.309999,18.968941
2010-06-24,25.000000,18.736609
2010-06-25,24.530001,18.384352
2010-06-28,24.309999,18.219475
2010-06-29,23.309999,17.470009
2010-06-30,23.010000,17.245169
2010-07-01,23.160000,17.357590
2010-07-02,23.270000,17.440023
2010-07-06,23.820000,17.852240
2010-07-07,24.299999,18.211979
2010-07-08,24.410000,18.294418
2010-07-09,24.270000,18.189497
2010-07-12,24.830000,18.609196
2010-07-13,25.129999,18.834036
2010-07-14,25.440001,19.066372
2010-07-15,25.510000,19.118837
2010-07-16,24.889999,18.654158
2010-07-19,25.230000,18.908978
2010-07-20,25.480000,19.096346
2010-07-21,25.120001,18.826538
2010-07-22,25.840000,19.366154
2010-07-23,25.809999,19.343668
2010-07-26,26.100000,19.561014
2010-07-27,26.160000,19.605982
2010-07-28,25.950001,19.448593
2010-07-29,26.030001,19.508549
2010-07-30,25.809999,19.343668
2010-08-02,26.330000,19.733397
2010-08-03,26.160000,19.605982
2010-08-04,25.730000,19.283712
2010-08-05,25.370001,19.013903
2010-08-06,25.549999,19.148808
2010-08-09,25.610001,19.193781
2010-08-10,25.070000,18.789066
2010-08-11,24.860001,18.631674
2010-08-12,24.490000,18.354378
2010-08-13,24.400000,18.286924
2010-08-16,24.500000,18.361866
2010-08-17,24.709999,18.618050
2010-08-18,24.820000,18.700926
2010-08-19,24.440001,18.414614
2010-08-20,24.230000,18.256382
2010-08-23,24.280001,18.294064
2010-08-24,24.040001,18.113226
2010-08-25,24.100000,18.158438
2010-08-26,23.820000,17.947470
2010-08-27,23.930000,18.030354
2010-08-30,23.639999,17.811850
2010-08-31,23.469999,17.683748
2010-09-01,23.900000,18.007748
2010-09-02,23.940001,18.037886
2010-09-03,24.290001,18.301588
2010-09-07,23.959999,18.052956
2010-09-08,23.930000,18.030354
2010-09-09,24.010000,18.090622
2010-09-10,23.850000,17.970078
2010-09-13,25.110001,18.919434
2010-09-14,25.030001,18.859159
2010-09-15,25.120001,18.926968
2010-09-16,25.330000,19.085199
2010-09-17,25.219999,19.002316
2010-09-20,25.430000,19.160538
2010-09-21,25.150000,18.949570
2010-09-22,24.610001,18.542698
2010-09-23,24.430000,18.407076
2010-09-24,24.780001,18.670790
2010-09-27,24.730000,18.633120
2010-09-28,24.680000,18.595442
2010-09-29,24.500000,18.459816
2010-09-30,24.490000,18.452290
2010-10-01,24.379999,18.369408
2010-10-04,23.910000,18.015276
2010-10-05,24.350000,18.346804
2010-10-06,24.430000,18.407076
2010-10-07,24.530001,18.482428
2010-10-08,24.570000,18.512564
2010-10-11,24.590000,18.527634
2010-10-12,24.830000,18.708466
2010-10-13,25.340000,19.092724
2010-10-14,25.230000,19.009848
2010-10-15,25.540001,19.243425
2010-10-18,25.820000,19.454399
2010-10-19,25.100000,18.911898
2010-10-20,25.309999,19.070124
2010-10-21,25.420000,19.153009
2010-10-22,25.379999,19.122869
2010-10-25,25.190001,18.979706
2010-10-26,25.900000,19.514666
2010-10-27,26.049999,19.627686
2010-10-28,26.280001,19.800980
2010-10-29,26.670000,20.094833
2010-11-01,26.950001,20.305799
2010-11-02,27.389999,20.637331
2010-11-03,27.030001,20.366079
2010-11-04,27.139999,20.448965
2010-11-05,26.850000,20.230459
2010-11-08,26.809999,20.200315
2010-11-09,26.950001,20.305799
2010-11-10,26.940001,20.298269
2010-11-11,26.680000,20.102367
2010-11-12,26.270000,19.793451
2010-11-15,26.200001,19.740709
2010-11-16,25.809999,19.566339
2010-11-17,25.570000,19.384403
2010-11-18,25.840000,19.589083
2010-11-19,25.690001,19.475374
2010-11-22,25.730000,19.505703
2010-11-23,25.120001,19.043261
2010-11-24,25.370001,19.232790
2010-11-26,25.250000,19.141815
2010-11-29,25.309999,19.187296
2010-11-30,25.260000,19.149399
2010-12-01,26.040001,19.740709
2010-12-02,26.889999,20.385084
2010-12-03,27.020000,20.483639
2010-12-06,26.840000,20.347174
2010-12-07,26.870001,20.369921
2010-12-08,27.230000,20.642836
2010-12-09,27.080000,20.529121
2010-12-10,27.340000,20.726229
2010-12-13,27.250000,20.657991
2010-12-14,27.620001,20.938482
2010-12-15,27.850000,21.112854
2010-12-16,27.990000,21.218988
2010-12-17,27.900000,21.150761
2010-12-20,27.809999,21.082531
2010-12-21,28.070000,21.279634
2010-12-22,28.190001,21.370600
2010-12-23,28.299999,21.453995
2010-12-27,28.070000,21.279634
2010-12-28,28.010000,21.234150
2010-12-29,27.969999,21.203825
2010-12-30,27.850000,21.112854
2010-12-31,27.910000,21.158339
2011-01-03,27.980000,21.211405
2011-01-04,28.090000,21.294790
2011-01-05,28.000000,21.226568
2011-01-06,28.820000,21.848204
2011-01-07,28.600000,21.681427
2011-01-10,28.219999,21.393349
2011-01-11,28.110001,21.309959
2011-01-12,28.549999,21.643513
2011-01-13,28.190001,21.370600
2011-01-14,28.299999,21.453995
2011-01-18,28.660000,21.726910
2011-01-19,28.469999,21.582870
2011-01-20,28.350000,21.491896
2011-01-21,28.020000,21.241724
2011-01-24,28.379999,21.514637
2011-01-25,28.450001,21.567707
2011-01-26,28.780001,21.817877
2011-01-27,28.870001,21.886106
2011-01-28,27.750000,21.037045
2011-01-31,27.730000,21.021883
2011-02-01,27.990000,21.218988
2011-02-02,27.940001,21.181078
2011-02-03,27.650000,20.961226
2011-02-04,27.770000,21.052204
2011-02-07,28.200001,21.378181
2011-02-08,28.280001,21.438837
2011-02-09,27.969999,21.203825
2011-02-10,27.500000,20.847527
2011-02-11,27.250000,20.657991
2011-02-14,27.230000,20.642836
2011-02-15,26.959999,20.558954
2011-02-16,27.020000,20.604708
2011-02-17,27.209999,20.749592
2011-02-18,27.059999,20.635214
2011-02-22,26.590000,20.276810
2011-02-23,26.590000,20.276810
2011-02-24,26.770000,20.414062
2011-02-25,26.549999,20.246298
2011-02-28,26.580000,20.269176
2011-03-01,26.160000,19.948896
2011-03-02,26.080000,19.887897
2011-03-03,26.200001,19.979403
2011-03-04,25.950001,19.788752
2011-03-07,25.719999,19.613373
2011-03-08,25.910000,19.758251
2011-03-09,25.889999,19.743006
2011-03-10,25.410000,19.376965
2011-03-11,25.680000,19.582863
2011-03-14,25.690001,19.590488
2011-03-15,25.389999,19.361715
2011-03-16,24.790001,18.904175
2011-03-17,24.780001,18.896538
2011-03-18,24.799999,18.911793
2011-03-21,25.330000,19.315960
2011-03-22,25.299999,19.293079
2011-03-23,25.540001,19.476097
2011-03-24,25.809999,19.681992
2011-03-25,25.620001,19.537104
2011-03-28,25.410000,19.376965
2011-03-29,25.490000,19.437971
2011-03-30,25.610001,19.529480
2011-03-31,25.389999,19.361715
2011-04-01,25.480000,19.430344
2011-04-04,25.549999,19.483727
2011-04-05,25.780001,19.659119
2011-04-06,26.150000,19.941269
2011-04-07,26.200001,19.979403
2011-04-08,26.070000,19.880264
2011-04-11,25.980000,19.811638
2011-04-12,25.639999,19.552357
2011-04-13,25.629999,19.544733
2011-04-14,25.420000,19.384590
2011-04-15,25.370001,19.346466
2011-04-18,25.080000,19.125317
2011-04-19,25.150000,19.178694
2011-04-20,25.760000,19.643869
2011-04-21,25.520000,19.460848
2011-04-25,25.610001,19.529480
2011-04-26,26.190001,19.971775
2011-04-27,26.379999,20.116663
2011-04-28,26.709999,20.368309
2011-04-29,25.920000,19.765873
2011-05-02,25.660000,19.567614
2011-05-03,25.809999,19.681992
2011-05-04,26.059999,19.872637
2011-05-05,25.790001,19.666740
2011-05-06,25.870001,19.727745
2011-05-09,25.830000,19.697243
2011-05-10,25.670000,19.575235
2011-05-11,25.360001,19.338837
2011-05-12,25.320000,19.308329
2011-05-13,25.030001,19.087191
2011-05-16,24.570000,18.736406
2011-05-17,24.520000,18.820839
2011-05-18,24.690001,18.951328
2011-05-19,24.719999,18.974356
2011-05-20,24.490000,18.797812
2011-05-23,24.170000,18.552187
2011-05-24,24.150000,18.536842
2011-05-25,24.190001,18.567541
2011-05-26,24.670000,18.935968
2011-05-27,24.760000,19.005053
2011-05-31,25.010000,19.196945
2011-06-01,24.430000,18.751743
2011-06-02,24.219999,18.590567
2011-06-03,23.910000,18.352621
2011-06-06,24.010000,18.429375
2011-06-07,24.059999,18.467752
2011-06-08,23.940001,18.375647
2011-06-09,23.959999,18.390997
2011-06-10,23.709999,18.199102
2011-06-13,24.040001,18.452400
2011-06-14,24.219999,18.590567
2011-06-15,23.740000,18.222136
2011-06-16,24.000000,18.421698
2011-06-17,24.260000,18.621265
2011-06-20,24.469999,18.782454
2011-06-21,24.760000,19.005053
2011-06-22,24.650000,18.920620
2011-06-23,24.629999,18.905268
2011-06-24,24.299999,18.651966
2011-06-27,25.200001,19.342789
2011-06-28,25.799999,19.803324
2011-06-29,25.620001,19.665163
2011-06-30,26.000000,19.956835
2011-07-01,26.020000,19.972195
2011-07-05,26.030001,19.979872
2011-07-06,26.330000,20.210142
2011-07-07,26.770000,20.547867
2011-07-08,26.920000,20.663010
2011-07-11,26.629999,20.440411
2011-07-12,26.540001,20.371330
2011-07-13,26.629999,20.440411
2011-07-14,26.469999,20.317600
2011-07-15,26.780001,20.555548
2011-07-18,26.590000,20.409719
2011-07-19,27.540001,21.138901
2011-07-20,27.059999,20.770472
2011-07-21,27.100000,20.801167
2011-07-22,27.530001,21.131224
2011-07-25,27.910000,21.422905
2011-07-26,28.080000,21.553383
2011-07-27,27.330000,20.977716
2011-07-28,27.719999,21.277061
2011-07-29,27.400000,21.031448
2011-08-01,27.270000,20.931656
2011-08-02,26.799999,20.570894
2011-08-03,26.920000,20.663010
2011-08-04,25.940001,19.910784
2011-08-05,25.680000,19.711222
2011-08-08,24.480000,18.790131
2011-08-09,25.580000,19.634462
2011-08-10,24.200001,18.575212
2011-08-11,25.190001,19.335108
2011-08-12,25.100000,19.266027
2011-08-15,25.510000,19.580738
2011-08-16,25.350000,19.580732
2011-08-17,25.250000,19.503496
2011-08-18,24.670000,19.055485
2011-08-19,24.049999,18.576588
2011-08-22,23.980000,18.522530
2011-08-23,24.719999,19.094107
2011-08-24,24.900000,19.233145
2011-08-25,24.570000,18.978247
2011-08-26,25.250000,19.503496
2011-08-29,25.840000,19.959217
2011-08-30,26.230000,20.260456
2011-08-31,26.600000,20.546249
2011-09-01,26.209999,20.245014
2011-09-02,25.799999,19.928314
2011-09-06,25.510000,19.704329
2011-09-07,26.000000,20.082802
2011-09-08,26.219999,20.252731
2011-09-09,25.740000,19.881971
2011-09-12,25.889999,19.997845
2011-09-13,26.040001,20.113699
2011-09-14,26.500000,20.469007
2011-09-15,26.990000,20.847500
2011-09-16,27.120001,20.947910
2011-09-19,27.209999,21.017420
2011-09-20,26.980000,20.839771
2011-09-21,25.990000,20.075081
2011-09-22,25.059999,19.356726
2011-09-23,25.059999,19.356726
2011-09-26,25.440001,19.650253
2011-09-27,25.670000,19.827908
2011-09-28,25.580000,19.758385
2011-09-29,25.450001,19.657980
2011-09-30,24.889999,19.225416
2011-10-03,24.530001,18.947353
2011-10-04,25.340000,19.573011
2011-10-05,25.889999,19.997845
2011-10-06,26.340000,20.345419
2011-10-07,26.250000,20.275909
2011-10-10,26.940001,20.808878
2011-10-11,27.000000,20.855221
2011-10-12,26.959999,20.824322
2011-10-13,27.180000,20.994246
2011-10-14,27.270000,21.063765
2011-10-17,26.980000,20.839771
2011-10-18,27.309999,21.094669
2011-10-19,27.129999,20.955637
2011-10-20,27.040001,20.886114
2011-10-21,27.160000,20.978811
2011-10-24,27.190001,21.001984
2011-10-25,26.809999,20.708462
2011-10-26,26.590000,20.538534
2011-10-27,27.250000,21.048321
2011-10-28,26.980000,20.839771
2011-10-31,26.629999,20.569427
2011-11-01,25.990000,20.075081
2011-11-02,26.010000,20.090528
2011-11-03,26.530001,20.492182
2011-11-04,26.250000,20.275909
2011-11-07,26.799999,20.700735
2011-11-08,27.160000,20.978811
2011-11-09,26.200001,20.237291
2011-11-10,26.280001,20.299078
2011-11-11,26.910000,20.785700
2011-11-14,26.760000,20.669844
2011-11-15,26.740000,20.809921
2011-11-16,26.070000,20.288507
2011-11-17,25.540001,19.876041
2011-11-18,25.299999,19.689259
2011-11-21,25.000000,19.455803
2011-11-22,24.790001,19.292370
2011-11-23,24.469999,19.043333
2011-11-25,24.299999,18.911032
2011-11-28,24.870001,19.354628
2011-11-29,24.840000,19.331272
2011-11-30,25.580000,19.907166
2011-12-01,25.280001,19.673710
2011-12-02,25.219999,19.627010
2011-12-05,25.700001,20.000561
2011-12-06,25.660000,19.969429
2011-12-07,25.600000,19.922737
2011-12-08,25.400000,19.767084
2011-12-09,25.700001,20.000561
2011-12-12,25.510000,19.852703
2011-12-13,25.760000,20.047253
2011-12-14,25.590000,19.914957
2011-12-15,25.559999,19.891607
2011-12-16,26.000000,20.234026
2011-12-19,25.530001,19.868263
2011-12-20,26.030001,20.257368
2011-12-21,25.760000,20.047253
2011-12-22,25.809999,20.086161
2011-12-23,26.030001,20.257368
2011-12-27,26.040001,20.265162
2011-12-28,25.820000,20.093948
2011-12-29,26.020000,20.249592
2011-12-30,25.959999,20.202898
2012-01-03,26.770000,20.833267
2012-01-04,27.400000,21.323551
2012-01-05,27.680000,21.541456
2012-01-06,28.110001,21.876097
2012-01-09,27.740000,21.588146
2012-01-10,27.840000,21.665983
2012-01-11,27.719999,21.572582
2012-01-12,28.000000,21.790495
2012-01-13,28.250000,21.985050
2012-01-17,28.260000,21.992832
2012-01-18,28.230000,21.969482
2012-01-19,28.120001,21.883883
2012-01-20,29.709999,23.121265
2012-01-23,29.730000,23.136833
2012-01-24,29.340000,22.833326
2012-01-25,29.559999,23.004532
2012-01-26,29.500000,22.957834
2012-01-27,29.230000,22.747723
2012-01-30,29.610001,23.043444
2012-01-31,29.530001,22.981190
2012-02-01,29.889999,23.261356
2012-02-02,29.950001,23.308046
2012-02-03,30.240000,23.533735
2012-02-06,30.200001,23.502605
2012-02-07,30.350000,23.619335
2012-02-08,30.660000,23.860586
2012-02-09,30.770000,23.946192
2012-02-10,30.500000,23.736071
2012-02-13,30.580000,23.798332
2012-02-14,30.250000,23.696499
2012-02-15,30.049999,23.539820
2012-02-16,31.290001,24.511181
2012-02-17,31.250000,24.479855
2012-02-21,31.440001,24.628687
2012-02-22,31.270000,24.495520
2012-02-23,31.370001,24.573854
2012-02-24,31.480000,24.660017
2012-02-27,31.350000,24.558187
2012-02-28,31.870001,24.965528
2012-02-29,31.740000,24.863693
2012-03-01,32.290001,25.294538
2012-03-02,32.080002,25.130043
2012-03-05,31.799999,24.910698
2012-03-06,31.559999,24.722691
2012-03-07,31.840000,24.942024
2012-03-08,32.009998,25.075195
2012-03-09,31.990000,25.059530
2012-03-12,32.040001,25.098701
2012-03-13,32.669998,25.592211
2012-03-14,32.770000,25.670551
2012-03-15,32.849998,25.733221
2012-03-16,32.599998,25.537382
2012-03-19,32.200001,25.224041
2012-03-20,31.990000,25.059530
2012-03-21,31.910000,24.996868
2012-03-22,32.000000,25.067364
2012-03-23,32.009998,25.075195
2012-03-26,32.590000,25.529545
2012-03-27,32.520000,25.474714
2012-03-28,32.189999,25.216204
2012-03-29,32.119999,25.161362
2012-03-30,32.259998,25.271046
2012-04-02,32.290001,25.294538
2012-04-03,31.940001,25.020365
2012-04-04,31.209999,24.448515
2012-04-05,31.520000,24.691359
2012-04-09,31.100000,24.362352
2012-04-10,30.469999,23.868832
2012-04-11,30.350000,23.774830
2012-04-12,30.980000,24.268341
2012-04-13,30.809999,24.135181
2012-04-16,31.080000,24.346676
2012-04-17,31.440001,24.628687
2012-04-18,31.139999,24.393681
2012-04-19,31.010000,24.291851
2012-04-20,32.419998,25.396370
2012-04-23,32.119999,25.161362
2012-04-24,31.920000,25.004698
2012-04-25,32.200001,25.224041
2012-04-26,32.110001,25.153540
2012-04-27,31.980000,25.051695
2012-04-30,32.020000,25.083036
2012-05-01,32.009998,25.075195
2012-05-02,31.799999,24.910698
2012-05-03,31.760000,24.879360
2012-05-04,30.980000,24.268341
2012-05-07,30.650000,24.009842
2012-05-08,30.500000,23.892332
2012-05-09,30.760000,24.096010
2012-05-10,30.740000,24.080341
2012-05-11,31.160000,24.409346
2012-05-14,30.680000,24.033335
2012-05-15,30.209999,23.820444
2012-05-16,29.900000,23.576012
2012-05-17,29.719999,23.434080
2012-05-18,29.270000,23.079260
2012-05-21,29.750000,23.457737
2012-05-22,29.760000,23.465620
2012-05-23,29.110001,22.953102
2012-05-24,29.070000,22.921558
2012-05-25,29.059999,22.913670
2012-05-29,29.559999,23.307920
2012-05-30,29.340000,23.134459
2012-05-31,29.190001,23.016180
2012-06-01,28.450001,22.432688
2012-06-04,28.549999,22.511539
2012-06-05,28.510000,22.480003
2012-06-06,29.350000,23.142336
2012-06-07,29.230000,23.047718
2012-06-08,29.650000,23.378889
2012-06-11,28.900000,22.787516
2012-06-12,29.290001,23.095028
2012-06-13,29.129999,22.968868
2012-06-14,29.340000,23.134459
2012-06-15,30.020000,23.670631
2012-06-18,29.840000,23.528698
2012-06-19,30.700001,24.206810
2012-06-20,30.930000,24.388159
2012-06-21,30.139999,23.765253
2012-06-22,30.700001,24.206810
2012-06-25,29.870001,23.552359
2012-06-26,30.020000,23.670631
2012-06-27,30.170000,23.788908
2012-06-28,29.910000,23.583893
2012-06-29,30.590000,24.120073
2012-07-02,30.559999,24.096416
2012-07-03,30.760000,24.254120
2012-07-05,30.700001,24.206810
2012-07-06,30.190001,23.804678
2012-07-09,30.000000,23.654858
2012-07-10,29.740000,23.449858
2012-07-11,29.299999,23.102911
2012-07-12,28.629999,22.574621
2012-07-13,29.389999,23.173878
2012-07-16,29.440001,23.213303
2012-07-17,29.660000,23.386774
2012-07-18,30.450001,24.009680
2012-07-19,30.670000,24.183157
2012-07-20,30.120001,23.749477
2012-07-23,29.280001,23.087139
2012-07-24,29.150000,22.984634
2012-07-25,28.830000,22.732319
2012-07-26,29.160000,22.992516
2012-07-27,29.760000,23.465620
2012-07-30,29.639999,23.370995
2012-07-31,29.469999,23.236958
2012-08-01,29.410000,23.189646
2012-08-02,29.190001,23.016180
2012-08-03,29.750000,23.457737
2012-08-06,29.950001,23.615437
2012-08-07,30.260000,23.859871
2012-08-08,30.330000,23.915064
2012-08-09,30.500000,24.049103
2012-08-10,30.420000,23.986032
2012-08-13,30.389999,23.962376
2012-08-14,30.129999,23.914745
2012-08-15,30.200001,23.970310
2012-08-16,30.780001,24.430662
2012-08-17,30.900000,24.525921
2012-08-20,30.740000,24.398922
2012-08-21,30.799999,24.446535
2012-08-22,30.540001,24.240175
2012-08-23,30.260000,24.017935
2012-08-24,30.559999,24.256048
2012-08-27,30.690001,24.359236
2012-08-28,30.629999,24.311615
2012-08-29,30.650000,24.327488
2012-08-30,30.320000,24.065552
2012-08-31,30.820000,24.462418
2012-09-04,30.389999,24.121119
2012-09-05,30.389999,24.121119
2012-09-06,31.350000,24.883091
2012-09-07,30.950001,24.565596
2012-09-10,30.719999,24.383041
2012-09-11,30.790001,24.438610
2012-09-12,30.780001,24.430662
2012-09-13,30.940001,24.557661
2012-09-14,31.209999,24.771967
2012-09-17,31.209999,24.771967
2012-09-18,31.180000,24.748159
2012-09-19,31.049999,24.644970
2012-09-20,31.450001,24.962461
2012-09-21,31.190001,24.756096
2012-09-24,30.780001,24.430662
2012-09-25,30.389999,24.121119
2012-09-26,30.170000,23.946503
2012-09-27,30.160000,23.938566
2012-09-28,29.760000,23.621073
2012-10-01,29.490000,23.406776
2012-10-02,29.660000,23.541704
2012-10-03,29.860001,23.700451
2012-10-04,30.030001,23.835377
2012-10-05,29.850000,23.692509
2012-10-08,29.780001,23.636955
2012-10-09,29.280001,23.240086
2012-10-10,28.980000,23.001968
2012-10-11,28.950001,22.978163
2012-10-12,29.200001,23.176586
2012-10-15,29.510000,23.422649
2012-10-16,29.490000,23.406776
2012-10-17,29.590000,23.486141
2012-10-18,29.500000,23.414703
2012-10-19,28.639999,22.732105
2012-10-22,28.000000,22.224129
2012-10-23,28.049999,22.263809
2012-10-24,27.900000,22.144760
2012-10-25,27.879999,22.128883
2012-10-26,28.209999,22.390808
2012-10-31,28.540001,22.652737
2012-11-01,29.520000,23.430578
2012-11-02,29.500000,23.414703
2012-11-05,29.629999,23.517891
2012-11-06,29.860001,23.700451
2012-11-07,29.080000,23.081341
2012-11-08,28.809999,22.867033
2012-11-09,28.830000,22.882914
2012-11-12,28.219999,22.398748
2012-11-13,27.090000,21.678526
2012-11-14,26.840000,21.478464
2012-11-15,26.660000,21.334423
2012-11-16,26.520000,21.222391
2012-11-19,26.730000,21.390444
2012-11-20,26.709999,21.374439
2012-11-21,26.950001,21.566494
2012-11-23,27.700001,22.166677
2012-11-26,27.389999,21.918602
2012-11-27,27.080000,21.670525
2012-11-28,27.360001,21.894602
2012-11-29,26.950001,21.566494
2012-11-30,26.620001,21.302418
2012-12-03,26.430000,21.150362
2012-12-04,26.370001,21.102352
2012-12-05,26.670000,21.342422
2012-12-06,26.730000,21.390444
2012-12-07,26.459999,21.174377
2012-12-10,26.940001,21.558491
2012-12-11,27.320000,21.862583
2012-12-12,27.240000,21.798567
2012-12-13,27.110001,21.694532
2012-12-14,26.809999,21.454456
2012-12-17,27.100000,21.686529
2012-12-18,27.559999,22.054636
2012-12-19,27.309999,21.854580
2012-12-20,27.680000,22.150671
2012-12-21,27.450001,21.966614
2012-12-24,27.059999,21.654518
2012-12-26,26.860001,21.494474
2012-12-27,26.959999,21.574492
2012-12-28,26.549999,21.246399
2012-12-31,26.709999,21.374439
2013-01-02,27.620001,22.102654
2013-01-03,27.250000,21.806562
2013-01-04,26.740000,21.398445
2013-01-07,26.690001,21.358431
2013-01-08,26.549999,21.246399
2013-01-09,26.700001,21.366432
2013-01-10,26.459999,21.174377
2013-01-11,26.830000,21.470467
2013-01-14,26.889999,21.518478
2013-01-15,27.209999,21.774557
2013-01-16,27.040001,21.638521
2013-01-17,27.250000,21.806562
2013-01-18,27.250000,21.806562
2013-01-22,27.150000,21.726545
2013-01-23,27.610001,22.094648
2013-01-24,27.629999,22.110659
2013-01-25,27.879999,22.310720
2013-01-28,27.910000,22.334724
2013-01-29,28.010000,22.414749
2013-01-30,27.850000,22.286707
2013-01-31,27.450001,21.966614
2013-02-01,27.930000,22.350735
2013-02-04,27.440001,21.958609
2013-02-05,27.500000,22.006624
2013-02-06,27.340000,21.878588
2013-02-07,27.280001,21.830578
2013-02-08,27.549999,22.046631
2013-02-11,27.860001,22.294720
2013-02-12,27.879999,22.310720
2013-02-13,28.030001,22.430759
2013-02-14,28.040001,22.438763
2013-02-15,28.010000,22.414749
2013-02-19,28.049999,22.632601
2013-02-20,27.870001,22.487368
2013-02-21,27.490000,22.180758
2013-02-22,27.760000,22.398611
2013-02-25,27.370001,22.083937
2013-02-26,27.370001,22.083937
2013-02-27,27.809999,22.438957
2013-02-28,27.799999,22.430885
2013-03-01,27.950001,22.551918
2013-03-04,28.150000,22.713295
2013-03-05,28.350000,22.874668
2013-03-06,28.090000,22.664877
2013-03-07,28.139999,22.705227
2013-03-08,28.000000,22.592272
2013-03-11,27.870001,22.487368
2013-03-12,27.910000,22.519642
2013-03-13,27.920000,22.527712
2013-03-14,28.139999,22.705227
2013-03-15,28.040001,22.624542
2013-03-18,28.100000,22.672945
2013-03-19,28.180000,22.737492
2013-03-20,28.320000,22.850460
2013-03-21,28.110001,22.681019
2013-03-22,28.250000,22.793985
2013-03-25,28.160000,22.721361
2013-03-26,28.160000,22.721361
2013-03-27,28.370001,22.890810
2013-03-28,28.610001,23.084454
2013-04-01,28.610001,23.084454
2013-04-02,28.799999,23.237749
2013-04-03,28.559999,23.044102
2013-04-04,28.600000,23.076387
2013-04-05,28.700001,23.157068
2013-04-08,28.590000,23.068312
2013-04-09,29.610001,23.891323
2013-04-10,30.280001,24.431923
2013-04-11,28.940001,23.350712
2013-04-12,28.790001,23.229689
2013-04-15,28.690001,23.148998
2013-04-16,28.969999,23.374918
2013-04-17,28.830000,23.261965
2013-04-18,28.790001,23.229689
2013-04-19,29.770000,24.020420
2013-04-22,30.830000,24.875700
2013-04-23,30.600000,24.690115
2013-04-24,31.760000,25.626080
2013-04-25,31.940001,25.771318
2013-04-26,31.790001,25.650288
2013-04-29,32.610001,26.311918
2013-04-30,33.099998,26.707287
2013-05-01,32.720001,26.400675
2013-05-02,33.160000,26.755705
2013-05-03,33.490002,27.021961
2013-05-06,33.750000,27.231750
2013-05-07,33.310001,26.876722
2013-05-08,32.990002,26.618534
2013-05-09,32.660000,26.352257
2013-05-10,32.689999,26.376467
2013-05-13,33.029999,26.650801
2013-05-14,33.529999,27.243940
2013-05-15,33.849998,27.503954
2013-05-16,34.080002,27.690836
2013-05-17,34.869999,28.332727
2013-05-20,35.080002,28.503357
2013-05-21,34.849998,28.316471
2013-05-22,34.610001,28.121468
2013-05-23,34.150002,27.747715
2013-05-24,34.270000,27.845211
2013-05-28,35.020000,28.454603
2013-05-29,34.880001,28.340843
2013-05-30,35.029999,28.462727
2013-05-31,34.900002,28.357103
2013-06-03,35.590000,28.917740
2013-06-04,34.990002,28.430225
2013-06-05,34.779999,28.259598
2013-06-06,34.959999,28.405855
2013-06-07,35.669998,28.982746
2013-06-10,35.470001,28.820240
2013-06-11,34.840000,28.308352
2013-06-12,35.000000,28.438354
2013-06-13,34.720001,28.210852
2013-06-14,34.400002,27.950842
2013-06-17,35.000000,28.438354
2013-06-18,34.980000,28.422104
2013-06-19,34.590000,28.105217
2013-06-20,33.490002,27.211447
2013-06-21,33.270000,27.032682
2013-06-24,33.720001,27.398333
2013-06-25,33.669998,27.357695
2013-06-26,34.349998,27.910206
2013-06-27,34.619999,28.129599
2013-06-28,34.540001,28.064587
2013-07-01,34.360001,27.918343
2013-07-02,33.939999,27.577080
2013-07-03,34.009998,27.633947
2013-07-05,34.209999,27.796459
2013-07-08,34.330002,27.893961
2013-07-09,34.349998,27.910206
2013-07-10,34.700001,28.194593
2013-07-11,35.689999,28.999004
2013-07-12,35.669998,28.982746
2013-07-15,36.169998,29.389004
2013-07-16,36.270000,29.470253
2013-07-17,35.740002,29.039625
2013-07-18,35.439999,28.795868
2013-07-19,31.400000,25.513266
2013-07-22,32.009998,26.008904
2013-07-23,31.820000,25.854530
2013-07-24,31.959999,25.968288
2013-07-25,31.389999,25.505148
2013-07-26,31.620001,25.692022
2013-07-29,31.540001,25.627026
2013-07-30,31.850000,25.878906
2013-07-31,31.840000,25.870777
2013-08-01,31.670000,25.732647
2013-08-02,31.889999,25.911398
2013-08-05,31.700001,25.757027
2013-08-06,31.580000,25.659523
2013-08-07,32.060001,26.049538
2013-08-08,32.889999,26.723927
2013-08-09,32.700001,26.569553
2013-08-12,32.869999,26.707678
2013-08-13,32.230000,26.372198
2013-08-14,32.349998,26.470385
2013-08-15,31.790001,26.012167
2013-08-16,31.799999,26.020344
2013-08-19,31.389999,25.684866
2013-08-20,31.620001,25.873066
2013-08-21,31.610001,25.864880
2013-08-22,32.389999,26.503120
2013-08-23,34.750000,28.434195
2013-08-26,34.150002,27.943247
2013-08-27,33.259998,27.214987
2013-08-28,33.020000,27.018610
2013-08-29,33.549999,27.452286
2013-08-30,33.400002,27.329550
2013-09-03,31.879999,26.085810
2013-09-04,31.200001,25.529402
2013-09-05,31.230000,25.553947
2013-09-06,31.150000,25.488480
2013-09-09,31.660000,25.905796
2013-09-10,32.389999,26.503120
2013-09-11,32.740002,26.789501
2013-09-12,32.689999,26.748592
2013-09-13,33.029999,27.026793
2013-09-16,32.799999,26.838600
2013-09-17,32.930000,26.944969
2013-09-18,33.320000,27.264095
2013-09-19,33.639999,27.525925
2013-09-20,32.790001,26.830421
2013-09-23,32.740002,26.789501
2013-09-24,32.450001,26.552216
2013-09-25,32.509998,26.601307
2013-09-26,32.770000,26.814058
2013-09-27,33.270000,27.223175
2013-09-30,33.279999,27.231354
2013-10-01,33.580002,27.476830
2013-10-02,33.919998,27.755037
2013-10-03,33.860001,27.705946
2013-10-04,33.880001,27.722311
2013-10-07,33.299999,27.247723
2013-10-08,33.009998,27.010427
2013-10-09,33.070000,27.059528
2013-10-10,33.759998,27.624115
2013-10-11,34.130001,27.926876
2013-10-14,34.450001,28.188709
2013-10-15,34.490002,28.221441
2013-10-16,34.639999,28.344173
2013-10-17,34.919998,28.573284
2013-10-18,34.959999,28.606022
2013-10-21,34.990002,28.630575
2013-10-22,34.580002,28.295082
2013-10-23,33.759998,27.624115
2013-10-24,33.720001,27.591387
2013-10-25,35.730000,29.236069
2013-10-28,35.570000,29.105156
2013-10-29,35.520000,29.064238
2013-10-30,35.540001,29.080599
2013-10-31,35.410000,28.974226
2013-11-01,35.529999,29.072420
2013-11-04,35.939999,29.407900
2013-11-05,36.639999,29.980680
2013-11-06,38.180000,31.240789
2013-11-07,37.500000,30.684362
2013-11-08,37.779999,30.913471
2013-11-11,37.590000,30.758026
2013-11-12,37.360001,30.569818
2013-11-13,38.160000,31.224413
2013-11-14,38.020000,31.109861
2013-11-15,37.840000,30.962582
2013-11-18,37.200001,30.438900
2013-11-19,36.740002,30.290499
2013-11-20,37.080002,30.570808
2013-11-21,37.400002,30.834629
2013-11-22,37.570000,30.974796
2013-11-25,37.639999,31.032497
2013-11-26,37.349998,30.793407
2013-11-27,37.599998,30.999517
2013-11-29,38.130001,31.436485
2013-12-02,38.450001,31.700312
2013-12-03,38.310001,31.584900
2013-12-04,38.939999,32.104301
2013-12-05,38.000000,31.329302
2013-12-06,38.360001,31.626123
2013-12-09,38.709999,31.914665
2013-12-10,38.110001,31.420012
2013-12-11,37.610001,31.007776
2013-12-12,37.220001,30.686237
2013-12-13,36.689999,30.249279
2013-12-16,36.889999,30.414164
2013-12-17,36.520000,30.109118
2013-12-18,36.580002,30.158590
2013-12-19,36.250000,29.886522
2013-12-20,36.799999,30.339968
2013-12-23,36.619999,30.191563
2013-12-24,37.080002,30.570808
2013-12-26,37.439999,30.867599
2013-12-27,37.290001,30.743952
2013-12-30,37.290001,30.743952
2013-12-31,37.410000,30.842871
2014-01-02,37.160000,30.636766
2014-01-03,36.910000,30.430660
2014-01-06,36.130001,29.787567
2014-01-07,36.410000,30.018427
2014-01-08,35.759998,29.482525
2014-01-09,35.529999,29.292902
2014-01-10,36.040001,29.713379
2014-01-13,34.980000,28.839458
2014-01-14,35.779999,29.499025
2014-01-15,36.759998,30.306992
2014-01-16,36.889999,30.414164
2014-01-17,36.380001,29.993689
2014-01-21,36.169998,29.820555
2014-01-22,35.930000,29.622692
2014-01-23,36.060001,29.729858
2014-01-24,36.810001,30.348209
2014-01-27,36.029999,29.705137
2014-01-28,36.270000,29.903019
2014-01-29,36.660000,30.224546
2014-01-30,36.860001,30.389416
2014-01-31,37.840000,31.197399
2014-02-03,36.480000,30.076136
2014-02-04,36.349998,29.968946
2014-02-05,35.820000,29.531994
2014-02-06,36.180000,29.828800
2014-02-07,36.560001,30.142096
2014-02-10,36.799999,30.339968
2014-02-11,37.169998,30.645004
2014-02-12,37.470001,30.892353
2014-02-13,37.610001,31.007776
2014-02-14,37.619999,31.016008
2014-02-18,37.419998,31.082468
2014-02-19,37.509998,31.157228
2014-02-20,37.750000,31.356579
2014-02-21,37.980000,31.547611
2014-02-24,37.689999,31.306732
2014-02-25,37.540001,31.182127
2014-02-26,37.470001,31.124002
2014-02-27,37.860001,31.447956
2014-02-28,38.310001,31.821735
2014-03-03,37.779999,31.381491
2014-03-04,38.410000,31.904785
2014-03-05,38.110001,31.655613
2014-03-06,38.150002,31.688831
2014-03-07,37.900002,31.481165
2014-03-10,37.820000,31.414713
2014-03-11,38.020000,31.580851
2014-03-12,38.270000,31.788509
2014-03-13,37.889999,31.472872
2014-03-14,37.700001,31.315048
2014-03-17,38.049999,31.605770
2014-03-18,39.549999,32.851723
2014-03-19,39.270000,32.619144
2014-03-20,40.330002,33.499626
2014-03-21,40.160000,33.358421
2014-03-24,40.500000,33.640831
2014-03-25,40.340000,33.507923
2014-03-26,39.790001,33.051075
2014-03-27,39.360001,32.693905
2014-03-28,40.299999,33.474701
2014-03-31,40.990002,34.047844
2014-04-01,41.419998,34.405018
2014-04-02,41.349998,34.346870
2014-04-03,41.009998,34.064457
2014-04-04,39.869999,33.117531
2014-04-07,39.799999,33.059387
2014-04-08,39.820000,33.075996
2014-04-09,40.470001,33.615925
2014-04-10,39.360001,32.693905
2014-04-11,39.209999,32.569305
2014-04-14,39.180000,32.544384
2014-04-15,39.750000,33.017853
2014-04-16,40.400002,33.557781
2014-04-17,40.009998,33.233803
2014-04-21,39.939999,33.175686
2014-04-22,39.990002,33.217201
2014-04-23,39.689999,32.968010
2014-04-24,39.860001,33.109226
2014-04-25,39.910000,33.150768
2014-04-28,40.869999,33.948154
2014-04-29,40.509998,33.649124
2014-04-30,40.400002,33.557781
2014-05-01,40.000000,33.225513
2014-05-02,39.689999,32.968010
2014-05-05,39.430000,32.752060
2014-05-06,39.060001,32.444710
2014-05-07,39.419998,32.743748
2014-05-08,39.639999,32.926487
2014-05-09,39.540001,32.843418
2014-05-12,39.970001,33.200596
2014-05-13,40.419998,33.811218
2014-05-14,40.240002,33.660671
2014-05-15,39.599998,33.125305
2014-05-16,39.830002,33.317692
2014-05-19,39.750000,33.250786
2014-05-20,39.680000,33.192223
2014-05-21,40.349998,33.752678
2014-05-22,40.099998,33.543556
2014-05-23,40.119999,33.560280
2014-05-27,40.189999,33.618839
2014-05-28,40.009998,33.468262
2014-05-29,40.340000,33.744305
2014-05-30,40.939999,34.246201
2014-06-02,40.790001,34.120731
2014-06-03,40.290001,33.702488
2014-06-04,40.320000,33.727573
2014-06-05,41.209999,34.472065
2014-06-06,41.480000,34.697926
2014-06-09,41.270000,34.522266
2014-06-10,41.110001,34.388428
2014-06-11,40.860001,34.179298
2014-06-12,40.580002,33.945065
2014-06-13,41.230000,34.488800
2014-06-16,41.500000,34.714664
2014-06-17,41.680000,34.865238
2014-06-18,41.650002,34.840145
2014-06-19,41.509998,34.723019
2014-06-20,41.680000,34.865238
2014-06-23,41.990002,35.124557
2014-06-24,41.750000,34.923779
2014-06-25,42.029999,35.157993
2014-06-26,41.720001,34.898682
2014-06-27,42.250000,35.342026
2014-06-30,41.700001,34.881973
2014-07-01,41.869999,35.024143
2014-07-02,41.900002,35.049263
2014-07-03,41.799999,34.965603
2014-07-07,41.990002,35.124557
2014-07-08,41.779999,34.948879
2014-07-09,41.669998,34.856869
2014-07-10,41.689999,34.873596
2014-07-11,42.090000,35.208191
2014-07-14,42.139999,35.250008
2014-07-15,42.450001,35.509331
2014-07-16,44.080002,36.872822
2014-07-17,44.529999,37.249260
2014-07-18,44.689999,37.383080
2014-07-21,44.840000,37.508556
2014-07-22,44.830002,37.500191
2014-07-23,44.869999,37.533653
2014-07-24,44.400002,37.140499
2014-07-25,44.500000,37.224152
2014-07-28,43.970001,36.780811
2014-07-29,43.889999,36.713882
2014-07-30,43.580002,36.454590
2014-07-31,43.160000,36.103237
2014-08-01,42.860001,35.852295
2014-08-04,43.369999,36.278896
2014-08-05,43.080002,36.036316
2014-08-06,42.740002,35.751915
2014-08-07,43.230000,36.161785
2014-08-08,43.200001,36.136700
2014-08-11,43.200001,36.136700
2014-08-12,43.520000,36.404381
2014-08-13,44.080002,36.872822
2014-08-14,44.270000,37.031761
2014-08-15,44.790001,37.466732
2014-08-18,45.110001,37.734409
2014-08-19,45.330002,38.155262
2014-08-20,44.950001,37.835426
2014-08-21,45.220001,38.062683
2014-08-22,45.150002,38.003761
2014-08-25,45.169998,38.020607
2014-08-26,45.009998,37.885918
2014-08-27,44.869999,37.768082
2014-08-28,44.880001,37.776501
2014-08-29,45.430000,38.239441
2014-09-02,45.090000,37.953266
2014-09-03,44.959999,37.843834
2014-09-04,45.259998,38.096352
2014-09-05,45.910000,38.643475
2014-09-08,46.470001,39.114845
2014-09-09,46.759998,39.358932
2014-09-10,46.840000,39.426277
2014-09-11,47.000000,39.560966
2014-09-12,46.700001,39.308426
2014-09-15,46.240002,38.921249
2014-09-16,46.759998,39.358932
2014-09-17,46.520000,39.156921
2014-09-18,46.680000,39.291592
2014-09-19,47.520000,39.998642
2014-09-22,47.060001,39.611454
2014-09-23,46.560001,39.190598
2014-09-24,47.080002,39.628296
2014-09-25,46.040001,38.752892
2014-09-26,46.410000,39.064346
2014-09-29,46.439999,39.089569
2014-09-30,46.360001,39.022251
2014-10-01,45.900002,38.635067
2014-10-02,45.759998,38.517216
2014-10-03,46.090000,38.794968
2014-10-06,46.090000,38.794968
2014-10-07,45.529999,38.323616
2014-10-08,46.779999,39.375771
2014-10-09,45.849998,38.592968
2014-10-10,44.029999,37.061031
2014-10-13,43.650002,36.741180
2014-10-14,43.730000,36.808510
2014-10-15,43.220001,36.379234
2014-10-16,42.740002,35.975212
2014-10-17,43.630001,36.724331
2014-10-20,44.080002,37.103130
2014-10-21,44.880001,37.776501
2014-10-22,44.380001,37.355633
2014-10-23,45.020000,37.894321
2014-10-24,46.130001,38.828655
2014-10-27,45.910000,38.643475
2014-10-28,46.490002,39.131687
2014-10-29,46.619999,39.241096
2014-10-30,46.049999,38.761311
2014-10-31,46.950001,39.518856
2014-11-03,47.439999,39.931297
2014-11-04,47.570000,40.040733
2014-11-05,47.860001,40.284832
2014-11-06,48.700001,40.991879
2014-11-07,48.680000,40.975052
2014-11-10,48.889999,41.151802
2014-11-11,48.869999,41.134975
2014-11-12,48.779999,41.059212
2014-11-13,49.610001,41.757843
2014-11-14,49.580002,41.732597
2014-11-17,49.459999,41.631577
2014-11-18,48.740002,41.284302
2014-11-19,48.220001,40.843845
2014-11-20,48.700001,41.250420
2014-11-21,47.980000,40.640556
2014-11-24,47.590000,40.310211
2014-11-25,47.470001,40.208572
2014-11-26,47.750000,40.445747
2014-11-28,47.810001,40.496567
2014-12-01,48.619999,41.182659
2014-12-02,48.459999,41.047127
2014-12-03,48.080002,40.725262
2014-12-04,48.840000,41.369003
2014-12-05,48.419998,41.013248
2014-12-08,47.700001,40.403389
2014-12-09,47.590000,40.310211
2014-12-10,46.900002,39.725765
2014-12-11,47.169998,39.954468
2014-12-12,46.950001,39.768112
2014-12-15,46.669998,39.530956
2014-12-16,45.160000,38.251934
2014-12-17,45.740002,38.743210
2014-12-18,47.520000,40.250923
2014-12-19,47.660000,40.369514
2014-12-22,47.980000,40.640556
2014-12-23,48.450001,41.038666
2014-12-24,48.139999,40.776085
2014-12-26,47.880001,40.555859
2014-12-29,47.450001,40.191631
2014-12-30,47.020000,39.827412
2014-12-31,46.450001,39.344597
2015-01-02,46.759998,39.607174
2015-01-05,46.330002,39.242950
2015-01-06,45.650002,38.666958
2015-01-07,46.230000,39.158260
2015-01-08,47.590000,40.310211
2015-01-09,47.189999,39.971409
2015-01-12,46.599998,39.471661
2015-01-13,46.360001,39.268372
2015-01-14,45.959999,38.929558
2015-01-15,45.480000,38.522987
2015-01-16,46.240002,39.166729
2015-01-20,46.389999,39.293789
2015-01-21,45.919998,38.895660
2015-01-22,47.130001,39.920578
2015-01-23,47.180000,39.962944
2015-01-26,47.009998,39.818939
2015-01-27,42.660000,36.134338
2015-01-28,41.189999,34.889210
2015-01-29,42.009998,35.583778
2015-01-30,40.400002,34.220066
2015-02-02,41.279999,34.965443
2015-02-03,41.599998,35.236488
2015-02-04,41.840000,35.439793
2015-02-05,42.450001,35.956478
2015-02-06,42.410000,35.922588
2015-02-09,42.360001,35.880241
2015-02-10,42.599998,36.083519
2015-02-11,42.380001,35.897182
2015-02-12,43.090000,36.498573
2015-02-13,43.869999,37.159264
2015-02-17,43.580002,37.176334
2015-02-18,43.529999,37.133663
2015-02-19,43.500000,37.108074
2015-02-20,43.860001,37.415180
2015-02-23,44.150002,37.662563
2015-02-24,44.090000,37.611374
2015-02-25,43.990002,37.526085
2015-02-26,44.060001,37.585785
2015-02-27,43.849998,37.406643
2015-03-02,43.880001,37.432251
2015-03-03,43.279999,36.920403
2015-03-04,43.060001,36.732727
2015-03-05,43.110001,36.775375
2015-03-06,42.360001,36.135586
2015-03-09,42.849998,36.553596
2015-03-10,42.029999,35.854069
2015-03-11,41.980000,35.811424
2015-03-12,41.020000,34.992489
2015-03-13,41.380001,35.299580
2015-03-16,41.560001,35.453148
2015-03-17,41.700001,35.572590
2015-03-18,42.500000,36.255016
2015-03-19,42.290001,36.075890
2015-03-20,42.880001,36.579178
2015-03-23,42.860001,36.562115
2015-03-24,42.900002,36.596245
2015-03-25,41.459999,35.367832
2015-03-26,41.209999,35.154564
2015-03-27,40.970001,34.949848
2015-03-30,40.959999,34.941299
2015-03-31,40.660000,34.685390
2015-04-01,40.720001,34.736572
2015-04-02,40.290001,34.369759
2015-04-06,41.549999,35.444614
2015-04-07,41.529999,35.427551
2015-04-08,41.419998,35.333710
2015-04-09,41.480000,35.384892
2015-04-10,41.720001,35.589619
2015-04-13,41.759998,35.623749
2015-04-14,41.650002,35.529930
2015-04-15,42.259998,36.050282
2015-04-16,42.160000,35.964977
2015-04-17,41.619999,35.504314
2015-04-20,42.910000,36.604782
2015-04-21,42.639999,36.374451
2015-04-22,42.990002,36.673008
2015-04-23,43.340000,36.971577
2015-04-24,47.869999,40.835930
2015-04-27,48.029999,40.972427
2015-04-28,49.160000,41.936401
2015-04-29,49.060001,41.851074
2015-04-30,48.639999,41.492802
2015-05-01,48.660000,41.509861
2015-05-04,48.240002,41.151569
2015-05-05,47.599998,40.605602
2015-05-06,46.279999,39.479588
2015-05-07,46.700001,39.837864
2015-05-08,47.750000,40.733582
2015-05-11,47.369999,40.409428
2015-05-12,47.349998,40.392357
2015-05-13,47.630001,40.631191
2015-05-14,48.720001,41.561050
2015-05-15,48.299999,41.202774
2015-05-18,48.009998,40.955376
2015-05-19,47.580002,40.852341
2015-05-20,47.580002,40.852341
2015-05-21,47.419998,40.714977
2015-05-22,46.900002,40.268486
2015-05-26,46.590000,40.002319
2015-05-27,47.610001,40.878094
2015-05-28,47.450001,40.740719
2015-05-29,46.860001,40.234142
2015-06-01,47.230000,40.551826
2015-06-02,46.919998,40.285664
2015-06-03,46.849998,40.225555
2015-06-04,46.360001,39.804848
2015-06-05,46.139999,39.615952
2015-06-08,45.730000,39.263920
2015-06-09,45.650002,39.195225
2015-06-10,46.610001,40.019493
2015-06-11,46.439999,39.873531
2015-06-12,45.970001,39.469982
2015-06-15,45.480000,39.049278
2015-06-16,45.830002,39.349777
2015-06-17,45.970001,39.469982
2015-06-18,46.720001,40.113941
2015-06-19,46.099998,39.581600
2015-06-22,46.230000,39.693226
2015-06-23,45.910000,39.418472
2015-06-24,45.639999,39.186642
2015-06-25,45.650002,39.195225
2015-06-26,45.259998,38.860378
2015-06-29,44.369999,38.096237
2015-06-30,44.150002,37.907330
2015-07-01,44.450001,38.164913
2015-07-02,44.400002,38.121967
2015-07-06,44.389999,38.113403
2015-07-07,44.299999,38.036125
2015-07-08,44.240002,37.984615
2015-07-09,44.520000,38.225014
2015-07-10,44.610001,38.302307
2015-07-13,45.540001,39.100796
2015-07-14,45.619999,39.169483
2015-07-15,45.759998,39.289692
2015-07-16,46.660000,40.062435
2015-07-17,46.619999,40.028080
2015-07-20,46.919998,40.285664
2015-07-21,47.279999,40.594772
2015-07-22,45.540001,39.100796
2015-07-23,46.110001,39.590199
2015-07-24,45.939999,39.444229
2015-07-27,45.349998,38.937660
2015-07-28,45.340000,38.929066
2015-07-29,46.290001,39.744747
2015-07-30,46.880001,40.251328
2015-07-31,46.700001,40.096764
2015-08-03,46.810001,40.191212
2015-08-04,47.540001,40.817989
2015-08-05,47.580002,40.852341
2015-08-06,46.619999,40.028080
2015-08-07,46.740002,40.131126
2015-08-10,47.330002,40.637699
2015-08-11,46.410000,39.847786
2015-08-12,46.740002,40.131126
2015-08-13,46.730000,40.122524
2015-08-14,47.000000,40.354366
2015-08-17,47.320000,40.629097
2015-08-18,47.270000,40.853813
2015-08-19,46.610001,40.283401
2015-08-20,45.660000,39.462353
2015-08-21,43.070000,37.223904
2015-08-24,41.680000,36.022579
2015-08-25,40.470001,34.976814
2015-08-26,42.709999,36.912766
2015-08-27,43.900002,37.941238
2015-08-28,43.930000,37.967171
2015-08-31,43.520000,37.612823
2015-09-01,41.820000,36.143566
2015-09-02,43.360001,37.474533
2015-09-03,43.500000,37.595528
2015-09-04,42.610001,36.826340
2015-09-08,43.889999,37.932602
2015-09-09,43.070000,37.223904
2015-09-10,43.290001,37.414047
2015-09-11,43.480000,37.578251
2015-09-14,43.040001,37.197968
2015-09-15,43.980000,38.010380
2015-09-16,44.299999,38.286945
2015-09-17,44.250000,38.243725
2015-09-18,43.480000,37.578251
2015-09-21,44.110001,38.122738
2015-09-22,43.900002,37.941238
2015-09-23,43.869999,37.915310
2015-09-24,43.910000,37.949871
2015-09-25,43.939999,37.975822
2015-09-28,43.290001,37.414047
2015-09-29,43.439999,37.543671
2015-09-30,44.259998,38.252380
2015-10-01,44.610001,38.554886
2015-10-02,45.570000,39.384560
2015-10-05,46.630001,40.300682
2015-10-06,46.750000,40.404400
2015-10-07,46.799999,40.447613
2015-10-08,47.450001,41.009377
2015-10-09,47.110001,40.715530
2015-10-12,47.000000,40.620476
2015-10-13,46.889999,40.525387
2015-10-14,46.680000,40.343887
2015-10-15,47.009998,40.629105
2015-10-16,47.509998,41.061230
2015-10-19,47.619999,41.156300
2015-10-20,47.770000,41.285954
2015-10-21,47.200001,40.793324
2015-10-22,48.029999,41.510647
2015-10-23,52.869999,45.693695
2015-10-26,54.250000,46.886395
2015-10-27,53.689999,46.402401
2015-10-28,53.980000,46.653030
2015-10-29,53.360001,46.117188
2015-10-30,52.639999,45.494907
2015-11-02,53.240002,46.013474
2015-11-03,54.150002,46.799961
2015-11-04,54.400002,47.016018
2015-11-05,54.380001,46.998745
2015-11-06,54.919998,47.465435
2015-11-09,54.160000,46.808601
2015-11-10,53.509998,46.246834
2015-11-11,53.650002,46.367817
2015-11-12,53.320000,46.082615
2015-11-13,52.840000,45.667774
2015-11-16,53.770000,46.471542
2015-11-17,52.970001,46.088696
2015-11-18,53.849998,46.854378
2015-11-19,53.939999,46.932678
2015-11-20,54.189999,47.150200
2015-11-23,54.189999,47.150200
2015-11-24,54.250000,47.202427
2015-11-25,53.689999,46.715168
2015-11-27,53.930000,46.923977
2015-11-30,54.349998,47.289413
2015-12-01,55.220001,48.046387
2015-12-02,55.209999,48.037704
2015-12-03,54.200001,47.158897
2015-12-04,55.910000,48.646770
2015-12-07,55.810001,48.559738
2015-12-08,55.790001,48.542351
2015-12-09,54.980000,47.837570
2015-12-10,55.270000,48.089912
2015-12-11,54.060001,47.037098
2015-12-14,55.139999,47.976791
2015-12-15,55.200001,48.029003
2015-12-16,56.130001,48.838177
2015-12-17,55.700001,48.464035
2015-12-18,54.130001,47.097996
2015-12-21,54.830002,47.707066
2015-12-22,55.349998,48.159492
2015-12-23,55.820000,48.568451
2015-12-24,55.669998,48.437939
2015-12-28,55.950001,48.681564
2015-12-29,56.549999,49.203636
2015-12-30,56.310001,48.994801
2015-12-31,55.480000,48.272617
2016-01-04,54.799999,47.680958
2016-01-05,55.049999,47.898491
2016-01-06,54.049999,47.028393
2016-01-07,52.169998,45.392628
2016-01-08,52.330002,45.531849
2016-01-11,52.299999,45.505722
2016-01-12,52.779999,45.923374
2016-01-13,51.639999,44.931484
2016-01-14,53.110001,46.210514
2016-01-15,50.990002,44.365925
2016-01-19,50.560001,43.991772
2016-01-20,50.790001,44.191898
2016-01-21,50.480000,43.922180
2016-01-22,52.290001,45.497036
2016-01-25,51.790001,45.061993
2016-01-26,52.169998,45.392628
2016-01-27,51.220001,44.566040
2016-01-28,52.060001,45.296917
2016-01-29,55.090000,47.933308
2016-02-01,54.709999,47.602650
2016-02-02,53.000000,46.114796
2016-02-03,52.160000,45.383919
2016-02-04,52.000000,45.244713
2016-02-05,50.160000,43.643738
2016-02-08,49.410000,42.991177
2016-02-09,49.279999,42.878059
2016-02-10,49.709999,43.252197
2016-02-11,49.689999,43.234798
2016-02-12,50.500000,43.939568
2016-02-16,51.090000,44.772102
2016-02-17,52.419998,45.937637
2016-02-18,52.189999,45.736061
2016-02-19,51.820000,45.411823
2016-02-22,52.650002,46.139179
2016-02-23,51.180000,44.850975
2016-02-24,51.360001,45.008709
2016-02-25,52.099998,45.657185
2016-02-26,51.299999,44.956127
2016-02-29,50.880001,44.588066
2016-03-01,52.580002,46.077835
2016-03-02,52.950001,46.402073
2016-03-03,52.349998,45.876278
2016-03-04,52.029999,45.595848
2016-03-07,51.029999,44.719509
2016-03-08,51.650002,45.262848
2016-03-09,52.840000,46.305683
2016-03-10,52.049999,45.613365
2016-03-11,53.070000,46.507236
2016-03-14,53.169998,46.594879
2016-03-15,53.590000,46.962944
2016-03-16,54.349998,47.628948
2016-03-17,54.660000,47.900620
2016-03-18,53.490002,46.875305
2016-03-21,53.860001,47.199551
2016-03-22,54.070000,47.383579
2016-03-23,53.970001,47.295963
2016-03-24,54.209999,47.506271
2016-03-28,53.540001,46.919121
2016-03-29,54.709999,47.944435
2016-03-30,55.049999,48.242390
2016-03-31,55.230000,48.400131
2016-04-01,55.570000,48.698078
2016-04-04,55.430000,48.575390
2016-04-05,54.560001,47.812988
2016-04-06,55.119999,48.303734
2016-04-07,54.459999,47.725349
2016-04-08,54.419998,47.690300
2016-04-11,54.310001,47.593918
2016-04-12,54.650002,47.891865
2016-04-13,55.349998,48.505280
2016-04-14,55.360001,48.514053
2016-04-15,55.650002,48.768215
2016-04-18,56.459999,49.478035
2016-04-19,56.389999,49.416683
2016-04-20,55.590000,48.715622
2016-04-21,55.779999,48.882126
2016-04-22,51.779999,45.376766
2016-04-25,52.110001,45.665958
2016-04-26,51.439999,45.078819
2016-04-27,50.939999,44.640640
2016-04-28,49.900002,43.729252
2016-04-29,49.869999,43.702965
2016-05-02,50.610001,44.351448
2016-05-03,49.779999,43.624084
2016-05-04,49.869999,43.702965
2016-05-05,49.939999,43.764313
2016-05-06,50.389999,44.158657
2016-05-09,50.070000,43.878223
2016-05-10,51.020000,44.710766
2016-05-11,51.049999,44.737030
2016-05-12,51.509998,45.140152
2016-05-13,51.080002,44.763329
2016-05-16,51.830002,45.420593
2016-05-17,50.509998,44.573418
2016-05-18,50.810001,44.838173
2016-05-19,50.320000,44.405743
2016-05-20,50.619999,44.670494
2016-05-23,50.029999,44.149830
2016-05-24,51.590000,45.526482
2016-05-25,52.119999,45.994190
2016-05-26,51.889999,45.791222
2016-05-27,52.320000,46.170689
2016-05-31,53.000000,46.770760
2016-06-01,52.849998,46.638390
2016-06-02,52.480000,46.311871
2016-06-03,51.790001,45.702972
2016-06-06,52.130001,46.003025
2016-06-07,52.099998,45.976521
2016-06-08,52.040001,45.923584
2016-06-09,51.619999,45.552940
2016-06-10,51.480000,45.429409
2016-06-13,50.139999,44.246895
2016-06-14,49.830002,43.973343
2016-06-15,49.689999,43.849796
2016-06-16,50.389999,44.467514
2016-06-17,50.130001,44.238083
2016-06-20,50.070000,44.185123
2016-06-21,51.189999,45.173500
2016-06-22,50.990002,44.997002
2016-06-23,51.910000,45.808880
2016-06-24,49.830002,43.973343
2016-06-27,48.430000,42.737885
2016-06-28,49.439999,43.629166
2016-06-29,50.540001,44.599895
2016-06-30,51.169998,45.155853
2016-07-01,51.160000,45.147018
2016-07-05,51.169998,45.155853
2016-07-06,51.380001,45.341164
2016-07-07,51.380001,45.341164
2016-07-08,52.299999,46.153027
2016-07-11,52.590000,46.408943
2016-07-12,53.209999,46.956074
2016-07-13,53.509998,47.220814
2016-07-14,53.740002,47.423786
2016-07-15,53.700001,47.388500
2016-07-18,53.959999,47.617924
2016-07-19,53.090000,46.850174
2016-07-20,55.910000,49.338734
2016-07-21,55.799999,49.241680
2016-07-22,56.570000,49.921162
2016-07-25,56.730000,50.062355
2016-07-26,56.759998,50.088833
2016-07-27,56.189999,49.585831
2016-07-28,56.209999,49.603474
2016-07-29,56.680000,50.018242
2016-08-01,56.580002,49.929993
2016-08-02,56.580002,49.929993
2016-08-03,56.970001,50.274158
2016-08-04,57.389999,50.644791
2016-08-05,57.959999,51.147797
2016-08-08,58.060001,51.236038
2016-08-09,58.200001,51.359596
2016-08-10,58.020000,51.200737
2016-08-11,58.299999,51.447838
2016-08-12,57.939999,51.130142
2016-08-15,58.119999,51.288986
2016-08-16,57.439999,51.004829
2016-08-17,57.560001,51.111389
2016-08-18,57.599998,51.146900
2016-08-19,57.619999,51.164665
2016-08-22,57.669998,51.209084
2016-08-23,57.889999,51.404419
2016-08-24,57.950001,51.457706
2016-08-25,58.169998,51.653057
2016-08-26,58.029999,51.528748
2016-08-29,58.099998,51.590893
2016-08-30,57.889999,51.404419
2016-08-31,57.459999,51.022598
2016-09-01,57.590000,51.138027
2016-09-02,57.669998,51.209084
2016-09-06,57.610001,51.155788
2016-09-07,57.660000,51.200191
2016-09-08,57.430000,50.995968
2016-09-09,56.209999,49.912640
2016-09-12,57.049999,50.658527
2016-09-13,56.529999,50.196789
2016-09-14,56.259998,49.957043
2016-09-15,57.189999,50.782856
2016-09-16,57.250000,50.836121
2016-09-19,56.930000,50.551979
2016-09-20,56.810001,50.445419
2016-09-21,57.759998,51.288982
2016-09-22,57.820000,51.342266
2016-09-23,57.430000,50.995968
2016-09-26,56.900002,50.525341
2016-09-27,57.950001,51.457706
2016-09-28,58.029999,51.528748
2016-09-29,57.400002,50.969315
2016-09-30,57.599998,51.146900
2016-10-03,57.419998,50.987072
2016-10-04,57.240002,50.827240
2016-10-05,57.639999,51.182446
2016-10-06,57.740002,51.271229
2016-10-07,57.799999,51.324509
2016-10-10,58.040001,51.537613
2016-10-11,57.189999,50.782856
2016-10-12,57.110001,50.711807
2016-10-13,56.919998,50.543102
2016-10-14,57.419998,50.987072
2016-10-17,57.220001,50.809479
2016-10-18,57.660000,51.200191
2016-10-19,57.529999,51.084751
2016-10-20,57.250000,50.836121
2016-10-21,59.660000,52.976143
2016-10-24,61.000000,54.166000
2016-10-25,60.990002,54.157120
2016-10-26,60.630001,53.837463
2016-10-27,60.099998,53.366833
2016-10-28,59.869999,53.162594
2016-10-31,59.919998,53.206993
2016-11-01,59.799999,53.100430
2016-11-02,59.430000,52.771896
2016-11-03,59.209999,52.576542
2016-11-04,58.709999,52.132553
2016-11-07,60.419998,53.650982
2016-11-08,60.470001,53.695385
2016-11-09,60.169998,53.428982
2016-11-10,58.700001,52.123684
2016-11-11,59.020000,52.407829
2016-11-14,58.119999,51.608650
2016-11-15,58.869999,52.627785
2016-11-16,59.650002,53.325069
2016-11-17,60.639999,54.210094
2016-11-18,60.349998,53.950851
2016-11-21,60.860001,54.406765
2016-11-22,61.119999,54.639198
2016-11-23,60.400002,53.995544
2016-11-25,60.529999,54.111759
2016-11-28,60.610001,54.183273
2016-11-29,61.090000,54.612385
2016-11-30,60.259998,53.870377
2016-12-01,59.200001,52.922791
2016-12-02,59.250000,52.967484
2016-12-05,60.220001,53.834648
2016-12-06,59.950001,53.593269
2016-12-07,61.369999,54.862694
2016-12-08,61.009998,54.540855
2016-12-09,61.970001,55.399067
2016-12-12,62.169998,55.577869
2016-12-13,62.980000,56.301983
2016-12-14,62.680000,56.033783
2016-12-15,62.580002,55.944393
2016-12-16,62.299999,55.694069
2016-12-19,63.619999,56.874119
2016-12-20,63.540001,56.802593
2016-12-21,63.540001,56.802593
2016-12-22,63.549999,56.811516
2016-12-23,63.240002,56.534412
2016-12-27,63.279999,56.570171
2016-12-28,62.990002,56.310921
2016-12-29,62.900002,56.230465
2016-12-30,62.139999,55.551044
2017-01-03,62.580002,55.944393
2017-01-04,62.299999,55.694069
2017-01-05,62.299999,55.694069
2017-01-06,62.840000,56.176815
2017-01-09,62.639999,55.998024
2017-01-10,62.619999,55.980148
2017-01-11,63.189999,56.489708
2017-01-12,62.610001,55.971218
2017-01-13,62.700001,56.051662
2017-01-17,62.529999,55.899685
2017-01-18,62.500000,55.872871
2017-01-19,62.299999,55.694069
2017-01-20,62.740002,56.087440
2017-01-23,62.959999,56.284107
2017-01-24,63.520000,56.784718
2017-01-25,63.680000,56.927753
2017-01-26,64.269997,57.455196
2017-01-27,65.779999,58.805084
2017-01-30,65.129997,58.224010
2017-01-31,64.650002,57.794914
2017-02-01,63.580002,56.838367
2017-02-02,63.169998,56.471832
2017-02-03,63.680000,56.927753
2017-02-06,63.639999,56.891991
2017-02-07,63.430000,56.704254
2017-02-08,63.340000,56.623806
2017-02-09,64.059998,57.267448
2017-02-10,64.000000,57.213825
2017-02-13,64.720001,57.857468
2017-02-14,64.570000,58.073338
2017-02-15,64.529999,58.037346
2017-02-16,64.519997,58.028370
2017-02-17,64.620003,58.118290
2017-02-21,64.489998,58.001373
2017-02-22,64.360001,57.884464
2017-02-23,64.620003,58.118290
2017-02-24,64.620003,58.118290
2017-02-27,64.230003,57.767544
2017-02-28,63.980000,57.542698
2017-03-01,64.940002,58.406097
2017-03-02,64.010002,57.569679
2017-03-03,64.250000,57.785522
2017-03-06,64.269997,57.803528
2017-03-07,64.400002,57.920441
2017-03-08,64.989998,58.451084
2017-03-09,64.730003,58.217239
2017-03-10,64.930000,58.397118
2017-03-13,64.709999,58.199234
2017-03-14,64.410004,57.929428
2017-03-15,64.750000,58.235233
2017-03-16,64.639999,58.136284
2017-03-17,64.870003,58.343147
2017-03-20,64.930000,58.397118
2017-03-21,64.209999,57.749557
2017-03-22,65.029999,58.487038
2017-03-23,64.870003,58.343147
2017-03-24,64.980003,58.442089
2017-03-27,65.099998,58.549995
2017-03-28,65.290001,58.720882
2017-03-29,65.470001,58.882774
2017-03-30,65.709999,59.098629
2017-03-31,65.860001,59.233543
2017-04-03,65.550003,58.954735
2017-04-04,65.730003,59.116623
2017-04-05,65.559998,58.963730
2017-04-06,65.730003,59.116623
2017-04-07,65.680000,59.071644
2017-04-10,65.529999,58.936729
2017-04-11,65.480003,58.891769
2017-04-12,65.230003,58.666924
2017-04-13,64.949997,58.415092
2017-04-17,65.480003,58.891769
2017-04-18,65.389999,58.810818
2017-04-19,65.040001,58.496048
2017-04-20,65.500000,58.909763
2017-04-21,66.400002,59.719223
2017-04-24,67.529999,60.735504
2017-04-25,67.919998,61.086266
2017-04-26,67.830002,61.005322
2017-04-27,68.269997,61.401035
2017-04-28,68.459999,61.571938
2017-05-01,69.410004,62.426353
2017-05-02,69.300003,62.327419
2017-05-03,69.080002,62.129551
2017-05-04,68.809998,61.886734
2017-05-05,69.000000,62.057610
2017-05-08,68.940002,62.003658
2017-05-09,69.040001,62.093575
2017-05-10,69.309998,62.336426
2017-05-11,68.459999,61.571938
2017-05-12,68.379997,61.500000
2017-05-15,68.430000,61.544945
2017-05-16,69.410004,62.784164
2017-05-17,67.480003,61.038433
2017-05-18,67.709999,61.246460
2017-05-19,67.690002,61.228367
2017-05-22,68.449997,61.915833
2017-05-23,68.680000,62.123875
2017-05-24,68.769997,62.205261
2017-05-25,69.620003,62.974148
2017-05-26,69.959999,63.281677
2017-05-30,70.410004,63.688694
2017-05-31,69.839996,63.173130
2017-06-01,70.099998,63.408306
2017-06-02,71.760002,64.909836
2017-06-05,72.279999,65.380203
2017-06-06,72.519997,65.597298
2017-06-07,72.389999,65.479713
2017-06-08,71.949997,65.081726
2017-06-09,70.320000,63.607296
2017-06-12,69.779999,63.118851
2017-06-13,70.650002,63.905815
2017-06-14,70.269997,63.562073
2017-06-15,69.900002,63.227409
2017-06-16,70.000000,63.317875
2017-06-19,70.870003,64.104813
2017-06-20,69.910004,63.236458
2017-06-21,70.269997,63.562073
2017-06-22,70.260002,63.553040
2017-06-23,71.209999,64.412369
2017-06-26,70.529999,63.797249
2017-06-27,69.209999,62.603287
2017-06-28,69.800003,63.136951
2017-06-29,68.489998,61.952003
2017-06-30,68.930000,62.350010
2017-07-03,68.169998,61.662567
2017-07-05,69.080002,62.485687
2017-07-06,68.570000,62.024353
2017-07-07,69.459999,62.829407
2017-07-10,69.980003,63.299770
2017-07-11,69.989998,63.308834
2017-07-12,71.150002,64.358086
2017-07-13,71.769997,64.918907
2017-07-14,72.779999,65.832497
2017-07-17,73.349998,66.348061
2017-07-18,73.300003,66.302826
2017-07-19,73.860001,66.809395
2017-07-20,74.220001,67.135033
2017-07-21,73.790001,66.746078
2017-07-24,73.599998,66.574196
2017-07-25,74.190002,67.107895
2017-07-26,74.050003,66.981255
2017-07-27,73.160004,66.176216
2017-07-28,73.040001,66.067657
2017-07-31,72.699997,65.760124
2017-08-01,72.580002,65.651588
2017-08-02,72.260002,65.362083
2017-08-03,72.150002,65.262642
2017-08-04,72.680000,65.742050
2017-08-07,72.400002,65.488747
2017-08-08,72.790001,65.841530
2017-08-09,72.470001,65.552078
2017-08-10,71.410004,64.593277
2017-08-11,72.500000,65.579224
2017-08-14,73.589996,66.565178
2017-08-15,73.220001,66.583366
2017-08-16,73.650002,66.974373
2017-08-17,72.400002,65.837677
2017-08-18,72.489998,65.919525
2017-08-21,72.150002,65.610344
2017-08-22,73.160004,66.528793
2017-08-23,72.720001,66.128677
2017-08-24,72.690002,66.101387
2017-08-25,72.820000,66.219620
2017-08-28,72.830002,66.228706
2017-08-29,73.050003,66.428757
2017-08-30,74.010002,67.301750
2017-08-31,74.769997,67.992836
2017-09-01,73.940002,67.238091
2017-09-05,73.610001,66.937981
2017-09-06,73.400002,66.747047
2017-09-07,74.339996,67.601837
2017-09-08,73.980003,67.274467
2017-09-11,74.760002,67.983765
2017-09-12,74.680000,67.911018
2017-09-13,75.209999,68.392998
2017-09-14,74.769997,67.992836
2017-09-15,75.309998,68.483910
2017-09-18,75.160004,68.347511
2017-09-19,75.440002,68.602135
2017-09-20,74.940002,68.147438
2017-09-21,74.209999,67.483620
2017-09-22,74.410004,67.665459
2017-09-25,73.260002,66.619720
2017-09-26,73.260002,66.619720
2017-09-27,73.849998,67.156250
2017-09-28,73.870003,67.174438
2017-09-29,74.489998,67.738220
2017-10-02,74.610001,67.847374
2017-10-03,74.260002,67.529076
2017-10-04,74.690002,67.920105
2017-10-05,75.970001,69.084114
2017-10-06,76.000000,69.111366
2017-10-09,76.290001,69.375084
2017-10-10,76.290001,69.375084
2017-10-11,76.419998,69.493286
2017-10-12,77.120003,70.129852
2017-10-13,77.489998,70.466316
2017-10-16,77.650002,70.611847
2017-10-17,77.589996,70.557251
2017-10-18,77.610001,70.575439
2017-10-19,77.910004,70.848259
2017-10-20,78.809998,71.666679
2017-10-23,78.830002,71.684860
2017-10-24,78.860001,71.712135
2017-10-25,78.629997,71.502998
2017-10-26,78.760002,71.621208
2017-10-27,83.809998,76.213478
2017-10-30,83.889999,76.286217
2017-10-31,83.180000,75.640579
2017-11-01,83.180000,75.640579
2017-11-02,84.050003,76.431732
2017-11-03,84.139999,76.513550
2017-11-06,84.470001,76.813660
2017-11-07,84.269997,76.631790
2017-11-08,84.559998,76.895508
2017-11-09,84.089996,76.468109
2017-11-10,83.870003,76.268044
2017-11-13,83.930000,76.322594
2017-11-14,84.050003,76.431732
2017-11-15,82.980003,75.837715
2017-11-16,83.199997,76.038704
2017-11-17,82.400002,75.307602
2017-11-20,82.529999,75.426392
2017-11-21,83.720001,76.513977
2017-11-22,83.110001,75.956467
2017-11-24,83.260002,76.093552
2017-11-27,83.870003,76.651077
2017-11-28,84.879997,77.574120
2017-11-29,83.339996,76.166687
2017-11-30,84.169998,76.925240
2017-12-01,84.260002,77.007500
2017-12-04,81.080002,74.101204
2017-12-05,81.589996,74.567314
2017-12-06,82.779999,75.654892
2017-12-07,82.489998,75.389839
2017-12-08,84.160004,76.916100
2017-12-11,85.230003,77.894012
2017-12-12,85.580002,78.213867
2017-12-13,85.349998,78.003654
2017-12-14,84.690002,77.400490
2017-12-15,86.849998,79.374565
2017-12-18,86.379997,78.945023
2017-12-19,85.830002,78.442368
2017-12-20,85.519997,78.159027
2017-12-21,85.500000,78.140762
2017-12-22,85.510002,78.149902
2017-12-26,85.400002,78.049377
2017-12-27,85.709999,78.332687
2017-12-28,85.720001,78.341835
2017-12-29,85.540001,78.177338
2018-01-02,85.949997,78.552010
2018-01-03,86.349998,78.917587
2018-01-04,87.110001,79.612175
2018-01-05,88.190002,80.599258
2018-01-08,88.279999,80.681488
2018-01-09,88.220001,80.626656
2018-01-10,87.820000,80.261078
2018-01-11,88.080002,80.498703
2018-01-12,89.599998,81.887871
2018-01-16,88.349998,80.745461
2018-01-17,90.139999,82.381386
2018-01-18,90.099998,82.344841
2018-01-19,90.000000,82.253448
2018-01-22,91.610001,83.724861
2018-01-23,91.900002,83.989868
2018-01-24,91.820000,83.916756
2018-01-25,92.330002,84.382896
2018-01-26,94.059998,85.963966
2018-01-29,93.919998,85.836037
2018-01-30,92.739998,84.757599
2018-01-31,95.010002,86.832207
2018-02-01,94.260002,86.146774
2018-02-02,91.779999,83.880226
2018-02-05,88.000000,80.425575
2018-02-06,91.330002,83.468987
2018-02-07,89.610001,81.897003
2018-02-08,85.010002,77.692924
2018-02-09,88.180000,80.590096
2018-02-12,89.129997,81.458290
2018-02-13,89.830002,82.098083
2018-02-14,90.809998,83.383575
2018-02-15,92.660004,85.082283
2018-02-16,92.000000,84.476250
2018-02-20,92.720001,85.137383
2018-02-21,91.489998,84.007973
2018-02-22,91.730003,84.228340
2018-02-23,94.059998,86.367775
2018-02-26,95.419998,87.616570
2018-02-27,94.199997,86.496338
2018-02-28,93.769997,86.101501
2018-03-01,92.849998,85.256737
2018-03-02,93.050003,85.440399
2018-03-05,93.639999,85.982140
2018-03-06,93.320000,85.688301
2018-03-07,93.860001,86.184151
2018-03-08,94.430000,86.707558
2018-03-09,96.540001,88.644997
2018-03-12,96.769997,88.856163
2018-03-13,94.410004,86.689186
2018-03-14,93.849998,86.174965
2018-03-15,94.180000,86.477974
2018-03-16,94.599998,86.863617
2018-03-19,92.889999,85.293480
2018-03-20,93.129997,85.513863
2018-03-21,92.480003,84.917000
2018-03-22,89.790001,82.446999
2018-03-23,87.180000,80.050430
2018-03-26,93.779999,86.110703
2018-03-27,89.470001,82.153145
2018-03-28,89.389999,82.079697
2018-03-29,91.269997,83.805969
2018-04-02,88.519997,81.280846
2018-04-03,89.709999,82.373535
2018-04-04,92.330002,84.779289
2018-04-05,92.379997,84.825188
2018-04-06,90.230003,82.851021
2018-04-09,90.769997,83.346840
2018-04-10,92.879997,85.284286
2018-04-11,91.860001,84.347694
2018-04-12,93.580002,85.927048
2018-04-13,93.080002,85.467949
2018-04-16,94.169998,86.468773
2018-04-17,96.070000,88.213425
2018-04-18,96.440002,88.553146
2018-04-19,96.110001,88.250137
2018-04-20,95.000000,87.230934
2018-04-23,95.349998,87.552299
2018-04-24,93.120003,85.504669
2018-04-25,92.309998,84.760895
2018-04-26,94.260002,86.551445
2018-04-27,95.820000,87.983856
2018-04-30,93.519997,85.871933
2018-05-01,95.000000,87.230934
2018-05-02,93.510002,85.862778
2018-05-03,94.070000,86.376976
2018-05-04,95.160004,87.377823
2018-05-07,96.220001,88.351158
2018-05-08,95.809998,87.974693
2018-05-09,96.940002,89.012260
2018-05-10,97.910004,89.902946
2018-05-11,97.699997,89.710106
2018-05-14,98.029999,90.013138
2018-05-15,97.320000,89.361198
2018-05-16,97.150002,89.591736
2018-05-17,96.180000,88.697220
2018-05-18,96.360001,88.863213
2018-05-21,97.599998,90.006729
2018-05-22,97.500000,89.914505
2018-05-23,98.660004,90.984253
2018-05-24,98.309998,90.661499
2018-05-25,98.360001,90.707596
2018-05-29,98.010002,90.384850
2018-05-30,98.949997,91.251709
2018-05-31,98.839996,91.150261
2018-06-01,100.790001,92.948524
2018-06-04,101.669998,93.760086
2018-06-05,102.190002,94.239632
2018-06-06,102.489998,94.516289
2018-06-07,100.879997,93.031548
2018-06-08,101.629997,93.723213
2018-06-11,101.050003,93.188309
2018-06-12,101.309998,93.428085
2018-06-13,100.849998,93.003891
2018-06-14,101.419998,93.529541
2018-06-15,100.129997,92.339882
2018-06-18,100.860001,93.013107
2018-06-19,100.860001,93.013107
2018-06-20,101.870003,93.944527
2018-06-21,101.139999,93.271324
2018-06-22,100.410004,92.598114
2018-06-25,98.389999,90.735268
2018-06-26,99.080002,91.371620
2018-06-27,97.540001,89.951408
2018-06-28,98.629997,90.956596
2018-06-29,98.610001,90.938171
2018-07-02,100.010002,92.229240
2018-07-03,99.050003,91.343925
2018-07-05,99.760002,91.998672
2018-07-06,101.160004,93.289764
2018-07-09,101.849998,93.926079
2018-07-10,102.120003,94.175079
2018-07-11,101.980003,94.045959
2018-07-12,104.190002,96.084023
2018-07-13,105.430000,97.227577
2018-07-16,104.910004,96.748024
2018-07-17,105.949997,97.707123
2018-07-18,105.120003,96.941681
2018-07-19,104.400002,96.277679
2018-07-20,106.269997,98.002190
2018-07-23,107.970001,99.569946
2018-07-24,107.660004,99.284081
2018-07-25,110.830002,102.207458
2018-07-26,109.620003,101.091576
2018-07-27,107.680000,99.302521
2018-07-30,105.370003,97.172249
2018-07-31,106.080002,97.826996
2018-08-01,106.279999,98.011436
2018-08-02,107.570000,99.201073
2018-08-03,108.040001,99.634499
2018-08-06,108.129997,99.717499
2018-08-07,108.879997,100.409126
2018-08-08,109.489998,100.971680
2018-08-09,109.669998,101.137695
2018-08-10,109.000000,100.519814
2018-08-13,108.209999,99.791283
2018-08-14,109.559998,101.036240
2018-08-15,107.660004,99.666168
2018-08-16,107.639999,99.647621
2018-08-17,107.580002,99.592094
2018-08-20,106.870003,98.934799
2018-08-21,105.980003,98.110855
2018-08-22,107.059998,99.110680
2018-08-23,107.559998,99.573563
2018-08-24,108.400002,100.351196
2018-08-27,109.599998,101.462082
2018-08-28,110.260002,102.073074
2018-08-29,112.019997,103.702393
2018-08-30,111.949997,103.637596
2018-08-31,112.330002,103.989388
2018-09-04,111.709999,103.415436
2018-09-05,108.489998,100.434509
2018-09-06,108.739998,100.665947
2018-09-07,108.209999,100.175293
2018-09-10,109.379997,101.258415
2018-09-11,111.239998,102.980293
2018-09-12,111.709999,103.415436
2018-09-13,112.910004,104.526337
2018-09-14,113.370003,104.952156
2018-09-17,112.139999,103.813499
2018-09-18,113.209999,104.804062
2018-09-19,111.699997,103.406158
2018-09-20,113.570000,105.137314
2018-09-21,114.260002,105.776085
2018-09-24,114.669998,106.155663
2018-09-25,114.449997,105.951973
2018-09-26,113.980003,105.516861
2018-09-27,114.410004,105.914948
2018-09-28,114.370003,105.877930
2018-10-01,115.610001,107.025833
2018-10-02,115.150002,106.600006
2018-10-03,115.169998,106.618492
2018-10-04,112.790001,104.415245
2018-10-05,112.129997,103.804230
2018-10-08,110.849998,102.619270
2018-10-09,112.260002,103.924576
2018-10-10,106.160004,98.277512
2018-10-11,105.910004,98.046089
2018-10-12,109.570000,101.434326
2018-10-15,107.599998,99.610603
2018-10-16,111.000000,102.758141
2018-10-17,110.709999,102.489693
2018-10-18,108.500000,100.443771
2018-10-19,108.660004,100.591896
2018-10-22,109.629997,101.489845
2018-10-23,108.099998,100.073479
2018-10-24,102.320000,94.722633
2018-10-25,108.300003,100.258659
2018-10-26,106.959999,99.018112
2018-10-29,103.849998,96.139030
2018-10-30,103.730003,96.027946
2018-10-31,106.809998,98.879257
2018-11-01,105.919998,98.055328
2018-11-02,106.160004,98.277512
2018-11-05,107.510002,99.527275
2018-11-06,107.720001,99.721672
2018-11-07,111.959999,103.646873
2018-11-08,111.750000,103.452438
2018-11-09,109.570000,101.434326
2018-11-12,106.870003,98.934799
2018-11-13,106.940002,98.999596
2018-11-14,104.970001,97.595665
2018-11-15,107.279999,99.743393
2018-11-16,108.290001,100.682442
2018-11-19,104.620003,97.270256
2018-11-20,101.709999,94.564697
2018-11-21,103.110001,95.866325
2018-11-23,103.070000,95.829155
2018-11-26,106.470001,98.990295
2018-11-27,107.139999,99.613228
2018-11-28,111.120003,103.313629
2018-11-29,110.190002,102.448967
2018-11-30,110.889999,103.099808
2018-12-03,112.089996,104.215492
2018-12-04,108.519997,100.896286
2018-12-06,109.190002,101.519218
2018-12-07,104.820000,97.456238
2018-12-10,107.589996,100.031609
2018-12-11,108.589996,100.961388
2018-12-12,109.080002,101.416939
2018-12-13,109.449997,101.760948
2018-12-14,106.029999,98.581215
2018-12-17,102.889999,95.661812
2018-12-18,103.970001,96.665932
2018-12-19,103.690002,96.405609
2018-12-20,101.510002,94.378769
2018-12-21,98.230003,91.329163
2018-12-24,94.129997,87.517212
2018-12-26,100.559998,93.495483
2018-12-27,101.180000,94.071922
2018-12-28,100.389999,93.337425
2018-12-31,101.570000,94.434547
2019-01-02,101.120003,94.016144
2019-01-03,97.400002,90.557487
2019-01-04,101.930000,94.769234
2019-01-07,102.059998,94.890099
2019-01-08,102.800003,95.578117
2019-01-09,104.269997,96.944870
2019-01-10,103.599998,96.321915
2019-01-11,102.800003,95.578117
2019-01-14,102.050003,94.880798
2019-01-15,105.010002,97.632866
2019-01-16,105.379997,97.976875
2019-01-17,106.120003,98.664902
2019-01-18,107.709999,100.143181
2019-01-22,105.680000,98.255806
2019-01-23,106.709999,99.213448
2019-01-24,106.199997,98.739281
2019-01-25,107.169998,99.641106
2019-01-28,105.080002,97.697975
2019-01-29,102.940002,95.708290
2019-01-30,106.379997,98.906624
2019-01-31,104.430000,97.093613
2019-02-01,102.779999,95.559509
2019-02-04,105.739998,98.311577
2019-02-05,107.220001,99.687607
2019-02-06,106.029999,98.581215
2019-02-07,105.269997,97.874603
2019-02-08,105.669998,98.246506
2019-02-11,105.250000,97.856026
2019-02-12,106.889999,99.380814
2019-02-13,106.809998,99.306419
2019-02-14,106.900002,99.390106
2019-02-15,108.220001,100.617371
2019-02-19,108.169998,100.570877
2019-02-20,107.150002,100.047981
2019-02-21,109.410004,102.158218
2019-02-22,110.970001,103.614815
2019-02-25,111.589996,104.193710
2019-02-26,112.360001,104.912689
2019-02-27,112.169998,104.735275
2019-02-28,112.029999,104.604546
2019-03-01,112.529999,105.071388
2019-03-04,112.260002,104.819298
2019-03-05,111.699997,104.296402
2019-03-06,111.750000,104.343094
2019-03-07,110.389999,103.073235
2019-03-08,110.510002,103.185272
2019-03-11,112.830002,105.351540
2019-03-12,113.620003,106.089165
2019-03-13,114.500000,106.910835
2019-03-14,114.589996,106.994873
2019-03-15,115.910004,108.227356
2019-03-18,117.570000,109.777344
2019-03-19,117.650002,109.852058
2019-03-20,117.519997,109.730659
2019-03-21,120.220001,112.251709
2019-03-22,117.050003,109.291832
2019-03-25,117.660004,109.861382
2019-03-26,117.910004,110.094795
2019-03-27,116.769997,109.030380
2019-03-28,116.930000,109.179764
2019-03-29,117.940002,110.122826
2019-04-01,119.019997,111.131226
2019-04-02,119.190002,111.289993
2019-04-03,119.970001,112.018265
2019-04-04,119.360001,111.448692
2019-04-05,119.889999,111.943565
2019-04-08,119.930000,111.980911
2019-04-09,119.279999,111.373993
2019-04-10,120.190002,112.223686
2019-04-11,120.330002,112.354393
2019-04-12,120.949997,112.933311
2019-04-15,121.050003,113.026680
2019-04-16,120.769997,112.765228
2019-04-17,121.769997,113.698975
2019-04-18,123.370003,115.192917
2019-04-22,123.760002,115.557068
2019-04-23,125.440002,117.125694
2019-04-24,125.010002,116.724243
2019-04-25,129.149994,120.589790
2019-04-26,129.889999,121.280762
2019-04-29,129.770004,121.168724
2019-04-30,130.600006,121.943718
2019-05-01,127.879997,119.403984
2019-05-02,126.209999,117.844673
2019-05-03,128.899994,120.356377
2019-05-06,128.149994,119.656097
2019-05-07,125.519997,117.200394
2019-05-08,125.510002,117.191071
2019-05-09,125.500000,117.181732
2019-05-10,127.129997,118.703705
2019-05-13,123.349998,115.174217
2019-05-14,124.730003,116.462769
2019-05-15,126.019997,118.102829
2019-05-16,128.929993,120.830025
2019-05-17,128.070007,120.024033
2019-05-20,126.220001,118.290276
2019-05-21,126.900002,118.927544
2019-05-22,127.669998,119.649170
2019-05-23,126.180000,118.252769
2019-05-24,126.239998,118.308990
2019-05-28,126.160004,118.234047
2019-05-29,124.940002,117.090698
2019-05-30,125.730003,117.831055
2019-05-31,123.680000,115.909843
2019-06-03,119.839996,112.311058
2019-06-04,123.160004,115.422508
2019-06-05,125.830002,117.924782
2019-06-06,127.820000,119.789764
2019-06-07,131.399994,123.144844
2019-06-10,132.600006,124.269455
2019-06-11,132.100006,123.800835
2019-06-12,131.490005,123.229202
2019-06-13,132.320007,124.007042
2019-06-14,132.449997,124.128853
2019-06-17,132.850006,124.503746
2019-06-18,135.160004,126.668571
2019-06-19,135.690002,127.165314
2019-06-20,136.949997,128.346146
2019-06-21,136.970001,128.364914
2019-06-24,137.779999,129.123962
2019-06-25,133.429993,125.047295
2019-06-26,133.929993,125.515900
2019-06-27,134.149994,125.722038
2019-06-28,133.960007,125.543999
2019-07-01,135.679993,127.155952
2019-07-02,136.580002,127.999413
2019-07-03,137.460007,128.824158
2019-07-05,137.059998,128.449234
2019-07-08,136.960007,128.355560
2019-07-09,136.460007,127.886940
2019-07-10,137.850006,129.189636
2019-07-11,138.399994,129.705078
2019-07-12,138.899994,130.173660
2019-07-15,138.899994,130.173660
2019-07-16,137.080002,128.467957
2019-07-17,136.270004,127.708900
2019-07-18,136.419998,127.849419
2019-07-19,136.619995,128.036896
2019-07-22,138.429993,129.733170
2019-07-23,139.289993,130.539139
2019-07-24,140.720001,131.879318
2019-07-25,140.190002,131.382645
2019-07-26,141.339996,132.460342
2019-07-29,141.029999,132.169861
2019-07-30,140.350006,131.532547
2019-07-31,136.270004,127.708900
2019-08-01,138.059998,129.386414
2019-08-02,136.899994,128.299271
2019-08-05,132.210007,123.903961
2019-08-06,134.690002,126.228165
2019-08-07,135.279999,126.781044
2019-08-08,138.889999,130.164307
2019-08-09,137.710007,129.058456
2019-08-12,135.789993,127.259026
2019-08-13,138.600006,129.892487
2019-08-14,133.979996,125.980888
2019-08-15,133.679993,125.698753
2019-08-16,136.130005,128.002518
2019-08-19,138.410004,130.146408
2019-08-20,137.259995,129.065033
2019-08-21,138.789993,130.503708
2019-08-22,137.779999,129.553955
2019-08-23,133.389999,125.426094
2019-08-26,135.449997,127.363098
2019-08-27,135.740005,127.635780
2019-08-28,135.559998,127.466537
2019-08-29,138.119995,129.873703
2019-08-30,137.860001,129.629242
2019-09-03,136.039993,127.917847
2019-09-04,137.630005,129.412964
2019-09-05,140.050003,131.688492
2019-09-06,139.100006,130.795197
2019-09-09,137.520004,129.309494
2019-09-10,136.080002,127.955482
2019-09-11,136.119995,127.993111
2019-09-12,137.520004,129.309494
2019-09-13,137.320007,129.121460
2019-09-16,136.330002,128.190567
2019-09-17,137.389999,129.187286
2019-09-18,138.520004,130.249817
2019-09-19,141.070007,132.647522
2019-09-20,139.440002,131.114868
2019-09-23,139.139999,130.832825
2019-09-24,137.380005,129.177902
2019-09-25,139.360001,131.039658
2019-09-26,139.539993,131.208908
2019-09-27,137.729996,129.506943
2019-09-30,139.029999,130.729385
2019-10-01,137.070007,128.886383
2019-10-02,134.649994,126.610809
2019-10-03,136.279999,128.143509
2019-10-04,138.119995,129.873703
2019-10-07,137.119995,128.933441
2019-10-08,135.669998,127.569969
2019-10-09,138.240005,129.986526
2019-10-10,139.100006,130.795197
2019-10-11,139.679993,131.340546
2019-10-14,139.550003,131.218323
2019-10-15,141.570007,133.117676
2019-10-16,140.410004,132.026978
2019-10-17,139.690002,131.350021
2019-10-18,137.410004,129.206146
2019-10-21,138.429993,130.165176
2019-10-22,136.369995,128.228195
2019-10-23,137.240005,129.046249
2019-10-24,139.940002,131.585037
2019-10-25,140.729996,132.327866
2019-10-28,144.190002,135.581284
2019-10-29,142.830002,134.302475
2019-10-30,144.610001,135.976242
2019-10-31,143.369995,134.810242
2019-11-01,143.720001,135.139359
2019-11-04,144.550003,135.919754
2019-11-05,144.460007,135.835175
2019-11-06,144.059998,135.459076
2019-11-07,144.259995,135.647125
2019-11-08,145.960007,137.245636
2019-11-11,146.110001,137.386688
2019-11-12,147.070007,138.289352
2019-11-13,147.309998,138.514969
2019-11-14,148.059998,139.220215
2019-11-15,149.970001,141.016190
2019-11-18,150.339996,141.364044
2019-11-19,150.389999,141.411087
2019-11-20,149.619995,141.165802
2019-11-21,149.479996,141.033737
2019-11-22,149.589996,141.137512
2019-11-25,151.229996,142.684845
2019-11-26,152.029999,143.439621
2019-11-27,152.320007,143.713226
2019-11-29,151.380005,142.826324
2019-12-02,149.550003,141.099747
2019-12-03,149.309998,140.873291
2019-12-04,149.850006,141.382843
2019-12-05,149.929993,141.458267
2019-12-06,151.750000,143.175461
2019-12-09,151.360001,142.807495
2019-12-10,151.130005,142.590530
2019-12-11,151.699997,143.128235
2019-12-12,153.240005,144.581268
2019-12-13,154.529999,145.798386
2019-12-16,155.529999,146.741882
2019-12-17,154.690002,145.949341
2019-12-18,154.369995,145.647430
2019-12-19,155.710007,146.911697
2019-12-20,157.410004,148.515671
2019-12-23,157.410004,148.515671
2019-12-24,157.380005,148.487366
2019-12-26,158.669998,149.704483
2019-12-27,158.960007,149.978043
2019-12-30,157.589996,148.685455
2019-12-31,157.699997,148.789261
2020-01-02,160.619995,151.544266
2020-01-03,158.619995,149.657288
2020-01-06,159.029999,150.044083
2020-01-07,157.580002,148.676056
2020-01-08,160.089996,151.044205
2020-01-09,162.089996,152.931183
2020-01-10,161.339996,152.223587
2020-01-13,163.279999,154.053970
2020-01-14,162.130005,152.968918
2020-01-15,163.179993,153.959579
2020-01-16,166.169998,156.780655
2020-01-17,167.100006,157.658142
2020-01-21,166.500000,157.092041
2020-01-22,165.699997,156.337204
2020-01-23,166.720001,157.299606
2020-01-24,165.039993,155.714508
2020-01-27,162.279999,153.110443
2020-01-28,165.460007,156.110825
2020-01-29,168.039993,158.544998
2020-01-30,172.779999,163.017197
2020-01-31,170.229996,160.611237
2020-02-03,174.380005,164.526749
2020-02-04,180.119995,169.942413
2020-02-05,179.899994,169.734879
2020-02-06,183.630005,173.254089
2020-02-07,183.889999,173.499435
2020-02-10,188.699997,178.037598
2020-02-11,184.440002,174.018341
2020-02-12,184.710007,174.273132
2020-02-13,183.710007,173.329636
2020-02-14,185.350006,174.876892
2020-02-18,187.229996,176.650665
2020-02-19,187.279999,177.180450
2020-02-20,184.419998,174.474716
2020-02-21,178.589996,168.959137
2020-02-24,170.889999,161.674347
2020-02-25,168.070007,159.006424
2020-02-26,170.169998,160.993134
2020-02-27,158.179993,149.649780
2020-02-28,162.009995,153.273224
2020-03-02,172.789993,163.471878
2020-03-03,164.509995,155.638382
2020-03-04,170.550003,161.352692
2020-03-05,166.270004,157.303513
2020-03-06,161.570007,152.856964
2020-03-09,150.619995,142.497467
2020-03-10,160.919998,152.241989
2020-03-11,153.630005,145.345154
2020-03-12,139.059998,131.560867
2020-03-13,158.830002,150.264771
2020-03-16,135.419998,128.117126
2020-03-17,146.570007,138.665878
2020-03-18,140.399994,132.828613
2020-03-19,142.710007,135.014053
2020-03-20,137.350006,129.943115
2020-03-23,135.979996,128.646973
2020-03-24,148.339996,140.340408
2020-03-25,146.919998,138.997025
2020-03-26,156.110001,147.691452
2020-03-27,149.699997,141.627060
2020-03-30,160.229996,151.589233
2020-03-31,157.710007,149.205154
2020-04-01,152.110001,143.907089
2020-04-02,155.259995,146.887222
2020-04-03,153.830002,145.534363
2020-04-06,165.270004,156.357422
2020-04-07,163.490005,154.673431
2020-04-08,165.130005,156.224991
2020-04-09,165.139999,156.234451
2020-04-13,165.509995,156.584488
2020-04-14,173.699997,164.332825
2020-04-15,171.880005,162.610977
2020-04-16,177.039993,167.492691
2020-04-17,178.600006,168.968582
2020-04-20,175.059998,165.619461
2020-04-21,167.820007,158.769913
2020-04-22,173.520004,164.162537
2020-04-23,171.419998,162.175812
2020-04-24,174.550003,165.136993
2020-04-27,174.050003,164.663956
2020-04-28,169.809998,160.652588
2020-04-29,177.429993,167.861649
2020-04-30,179.210007,169.545700
2020-05-01,174.570007,165.155899
2020-05-04,178.839996,169.195633
2020-05-05,180.759995,171.012131
2020-05-06,182.539993,172.696136
2020-05-07,183.600006,173.698959
2020-05-08,184.679993,174.720673
2020-05-11,186.740005,176.669662
2020-05-12,182.509995,172.667709
2020-05-13,179.750000,170.056534
2020-05-14,180.529999,170.794495
2020-05-15,183.160004,173.282684
2020-05-18,184.910004,174.938354
2020-05-19,183.630005,173.727295
2020-05-20,185.660004,176.137054
2020-05-21,183.429993,174.021408
2020-05-22,183.509995,174.097321
2020-05-26,181.570007,172.256836
2020-05-27,181.809998,172.484543
2020-05-28,181.399994,172.095596
2020-05-29,183.250000,173.850677
2020-06-01,182.830002,173.452194
2020-06-02,184.910004,175.425491
2020-06-03,185.360001,175.852432
2020-06-04,182.919998,173.537582
2020-06-05,187.199997,177.598068
2020-06-08,188.360001,178.698624
2020-06-09,189.800003,180.064728
2020-06-10,196.839996,186.743607
2020-06-11,186.270004,176.715744
2020-06-12,187.740005,178.110321
2020-06-15,188.940002,179.248810
2020-06-16,193.570007,183.641327
2020-06-17,194.240005,184.276978
2020-06-18,196.320007,186.250275
2020-06-19,195.149994,185.140289
2020-06-22,200.570007,190.282272
2020-06-23,201.910004,191.553513
2020-06-24,197.839996,187.692322
2020-06-25,200.339996,190.064087
2020-06-26,196.330002,186.259781
2020-06-29,198.440002,188.261551
2020-06-30,203.509995,193.071442
2020-07-01,204.699997,194.200409
2020-07-02,206.259995,195.680374
2020-07-06,210.699997,199.892639
2020-07-07,208.250000,197.568344
2020-07-08,212.830002,201.913437
2020-07-09,214.320007,203.326996
2020-07-10,213.669998,202.710358
2020-07-13,207.070007,196.448914
2020-07-14,208.350006,197.663223
2020-07-15,208.039993,197.369125
2020-07-16,203.919998,193.460434
2020-07-17,202.880005,192.473755
2020-07-20,211.600006,200.746521
2020-07-21,208.750000,198.042664
2020-07-22,211.750000,200.888855
2020-07-23,202.539993,192.151230
2020-07-24,201.300003,190.974854
2020-07-27,203.850006,193.394058
2020-07-28,202.020004,191.657928
2020-07-29,204.059998,193.593292
2020-07-30,203.899994,193.441483
2020-07-31,205.009995,194.494507
2020-08-03,216.539993,205.433121
2020-08-04,213.289993,202.349854
2020-08-05,212.940002,202.017761
2020-08-06,216.350006,205.252899
2020-08-07,212.479996,201.581406
2020-08-10,208.250000,197.568344
2020-08-11,203.380005,192.948151
2020-08-12,209.190002,198.460159
2020-08-13,208.699997,197.995316
2020-08-14,208.899994,198.184982
2020-08-17,210.279999,199.494232
2020-08-18,211.490005,200.642151
2020-08-19,209.699997,199.424866
2020-08-20,214.580002,204.065765
2020-08-21,213.020004,202.582184
2020-08-24,213.690002,203.219406
2020-08-25,216.470001,205.863174
2020-08-26,221.149994,210.313858
2020-08-27,226.580002,215.477783
2020-08-28,228.910004,217.693604
2020-08-31,225.529999,214.479218
2020-09-01,227.270004,216.133987
2020-09-02,231.649994,220.299393
2020-09-03,217.300003,206.652496
2020-09-04,214.250000,203.751984
2020-09-08,202.660004,192.729843
2020-09-09,211.289993,200.936920
2020-09-10,205.369995,195.307037
2020-09-11,204.029999,194.032730
2020-09-14,205.410004,195.345078
2020-09-15,208.779999,198.549988
2020-09-16,205.050003,195.002716
2020-09-17,202.910004,192.967560
2020-09-18,200.389999,190.571045
2020-09-21,202.539993,192.615677
2020-09-22,207.419998,197.256622
2020-09-23,200.589996,190.761276
2020-09-24,203.190002,193.233871
2020-09-25,207.820007,197.637039
2020-09-28,209.440002,199.177612
2020-09-29,207.259995,197.104416
2020-09-30,210.330002,200.024048
2020-10-01,212.460007,202.049667
2020-10-02,206.190002,196.086884
2020-10-05,210.380005,200.071579
2020-10-06,205.910004,195.820602
2020-10-07,209.830002,199.548538
2020-10-08,210.580002,200.261795
2020-10-09,215.809998,205.235458
2020-10-12,221.399994,210.551575
2020-10-13,222.860001,211.940048
2020-10-14,220.860001,210.038071
2020-10-15,219.660004,208.896866
2020-10-16,219.660004,208.896866
2020-10-19,214.220001,203.723404
2020-10-20,214.649994,204.132355
2020-10-21,214.800003,204.275009
2020-10-22,214.889999,204.360565
2020-10-23,216.229996,205.634933
2020-10-26,210.080002,199.786285
2020-10-27,213.250000,202.800964
2020-10-28,202.679993,192.748840
2020-10-29,204.720001,194.688858
2020-10-30,202.470001,192.549179
2020-11-02,202.330002,192.415985
2020-11-03,206.429993,196.315079
2020-11-04,216.389999,205.787079
2020-11-05,223.289993,212.348969
2020-11-06,223.720001,212.757904
2020-11-09,218.389999,207.689133
2020-11-10,211.009995,200.670731
2020-11-11,216.550003,205.939224
2020-11-12,215.440002,204.883652
2020-11-13,216.509995,205.901215
2020-11-16,217.229996,206.585907
2020-11-17,214.460007,203.951645
2020-11-18,211.080002,201.262833
2020-11-19,212.419998,202.540482
2020-11-20,210.389999,200.604904
2020-11-23,210.110001,200.337906
2020-11-24,213.860001,203.913467
2020-11-25,213.869995,203.923050
2020-11-27,215.229996,205.219742
2020-11-30,214.070007,204.113770
2020-12-01,216.210007,206.154221
2020-12-02,215.369995,205.353226
2020-12-03,214.240005,204.275848
2020-12-04,214.360001,204.390274
2020-12-07,214.289993,204.323502
2020-12-08,216.009995,205.963486
2020-12-09,211.800003,201.949326
2020-12-10,210.520004,200.728867
2020-12-11,213.259995,203.341415
2020-12-14,214.199997,204.237701
2020-12-15,214.130005,204.170975
2020-12-16,219.279999,209.081421
2020-12-17,219.419998,209.214905
2020-12-18,218.589996,208.423508
2020-12-21,222.589996,212.237503
2020-12-22,223.940002,213.524689
2020-12-23,221.020004,210.740570
2020-12-24,222.750000,212.390060
2020-12-28,224.960007,214.497253
2020-12-29,224.149994,213.724915
2020-12-30,221.679993,211.369827
2020-12-31,222.419998,212.075378
2021-01-04,217.690002,207.565369
2021-01-05,217.899994,207.765594
2021-01-06,212.250000,202.378387
2021-01-07,218.289993,208.137451
2021-01-08,219.619995,209.405640
2021-01-11,217.490005,207.374680
2021-01-12,214.929993,204.933746
2021-01-13,216.339996,206.278183
2021-01-14,213.020004,203.112579
2021-01-15,212.649994,202.759750
2021-01-19,216.440002,206.373535
2021-01-20,224.339996,213.906097
2021-01-21,224.970001,214.506805
2021-01-22,225.949997,215.441193
2021-01-25,229.529999,218.854706
2021-01-26,232.330002,221.524475
2021-01-27,232.899994,222.067978
2021-01-28,238.929993,227.817505
2021-01-29,231.960007,221.171707
2021-02-01,239.649994,228.504028
2021-02-02,239.509995,228.370529
2021-02-03,243.000000,231.698257
2021-02-04,242.009995,230.754318
2021-02-05,242.199997,230.935486
2021-02-08,242.470001,231.192886
2021-02-09,243.770004,232.432404
2021-02-10,242.820007,231.526611
2021-02-11,244.490005,233.118896
2021-02-12,244.990005,233.595657
2021-02-16,243.699997,232.365692
2021-02-17,244.199997,233.378677
2021-02-18,243.789993,232.986847
2021-02-19,240.970001,230.291794
2021-02-22,234.509995,224.118088
2021-02-23,233.270004,222.933014
2021-02-24,234.550003,224.156296
2021-02-25,228.990005,218.842712
2021-02-26,232.380005,222.082458
2021-03-01,236.940002,226.440414
2021-03-02,233.869995,223.506378
2021-03-03,227.559998,217.476059
2021-03-04,226.729996,216.682846
2021-03-05,231.600006,221.337036
2021-03-08,227.389999,217.313599
2021-03-09,233.779999,223.420441
2021-03-10,232.419998,222.120712
2021-03-11,237.130005,226.621979
2021-03-12,235.750000,225.303131
2021-03-15,234.809998,224.404816
2021-03-16,237.710007,227.176285
2021-03-17,237.039993,226.535934
2021-03-18,230.720001,220.496033
2021-03-19,230.350006,220.142441
2021-03-22,235.990005,225.532501
2021-03-23,237.580002,227.052063
2021-03-24,235.460007,225.026031
2021-03-25,232.339996,222.044235
2021-03-26,236.479996,226.000793
2021-03-29,235.240005,224.815750
2021-03-30,231.850006,221.575974
2021-03-31,235.770004,225.322266
2021-04-01,242.350006,231.610672
2021-04-05,249.070007,238.032883
2021-04-06,247.860001,236.876526
2021-04-07,249.899994,238.826096
2021-04-08,253.250000,242.027649
2021-04-09,255.850006,244.512451
2021-04-12,255.910004,244.569794
2021-04-13,258.489990,247.035461
2021-04-14,255.589996,244.263931
2021-04-15,259.500000,248.000671
2021-04-16,260.739990,249.185776
2021-04-19,258.739990,247.274353
2021-04-20,258.260010,246.815643
2021-04-21,260.579987,249.032852
2021-04-22,257.170013,245.773987
2021-04-23,261.149994,249.577606
2021-04-26,261.549988,249.959824
2021-04-27,261.970001,250.361252
2021-04-28,254.559998,243.279617
2021-04-29,252.509995,241.320435
2021-04-30,252.179993,241.005081
2021-05-03,251.860001,240.699249
2021-05-04,247.789993,236.809601
2021-05-05,246.470001,235.548141
2021-05-06,249.729996,238.663651
2021-05-07,252.460007,241.272675
2021-05-10,247.179993,236.226624
2021-05-11,246.229996,235.318710
2021-05-12,239.000000,228.409103
2021-05-13,243.029999,232.260529
2021-05-14,248.149994,237.153641
2021-05-17,245.179993,234.315247
2021-05-18,243.080002,232.308334
2021-05-19,243.119995,232.883057
2021-05-20,246.479996,236.101624
2021-05-21,245.169998,234.846725
2021-05-24,250.779999,240.220505
2021-05-25,251.720001,241.120972
2021-05-26,251.490005,240.900650
2021-05-27,249.309998,238.812408
2021-05-28,249.679993,239.166824
2021-06-01,247.399994,236.982864
2021-06-02,247.300003,236.887039
2021-06-03,245.710007,235.363998
2021-06-04,250.789993,240.230087
2021-06-07,253.809998,243.122940
2021-06-08,252.570007,241.935135
2021-06-09,253.589996,242.912216
2021-06-10,257.239990,246.408524
2021-06-11,257.890015,247.031158
2021-06-14,259.890015,248.946960
2021-06-15,258.359985,247.481415
2021-06-16,257.380005,246.542664
2021-06-17,260.899994,249.914398
2021-06-18,259.429993,248.506317
2021-06-21,262.630005,251.571579
2021-06-22,265.510010,254.330338
2021-06-23,265.269989,254.100418
2021-06-24,266.690002,255.460617
2021-06-25,265.019989,253.860886
2021-06-28,268.720001,257.405151
2021-06-29,271.399994,259.972290
2021-06-30,270.899994,259.493347
2021-07-01,271.600006,260.163849
2021-07-02,277.649994,265.959137
2021-07-06,277.660004,265.968719
2021-07-07,279.929993,268.143158
2021-07-08,277.420013,265.738739
2021-07-09,277.940002,266.236938
2021-07-12,277.320007,265.642914
2021-07-13,280.980011,269.148865
2021-07-14,282.510010,270.614502
2021-07-15,281.029999,269.196838
2021-07-16,280.750000,268.928589
2021-07-19,277.010010,265.346130
2021-07-20,279.320007,267.558777
2021-07-21,281.399994,269.551270
2021-07-22,286.140015,274.091614
2021-07-23,289.670013,277.473053
2021-07-26,289.049988,276.879120
2021-07-27,286.540009,274.474854
2021-07-28,286.220001,274.168213
2021-07-29,286.500000,274.436523
2021-07-30,284.910004,272.913422
2021-08-02,284.820007,272.827179
2021-08-03,287.119995,275.030365
2021-08-04,286.510010,274.446014
2021-08-05,289.519989,277.329315
2021-08-06,289.459991,277.271851
2021-08-09,288.329987,276.189423
2021-08-10,286.440002,274.378967
2021-08-11,286.950012,274.867554
2021-08-12,289.809998,277.607117
2021-08-13,292.850006,280.519135
2021-08-16,294.600006,282.195404
2021-08-17,293.079987,280.739441
2021-08-18,290.730011,279.021423
2021-08-19,296.769989,284.818329
2021-08-20,304.359985,292.102509
2021-08-23,304.649994,292.380951
2021-08-24,302.619995,290.432617
2021-08-25,302.010010,289.847229
2021-08-26,299.089996,287.044800
2021-08-27,299.720001,287.649475
2021-08-30,303.589996,291.363556
2021-08-31,301.880005,289.722382
2021-09-01,301.829987,289.674500
2021-09-02,301.149994,289.021881
2021-09-03,301.140015,289.012299
2021-09-07,300.179993,288.090942
2021-09-08,300.209991,288.119720
2021-09-09,297.250000,285.278992
2021-09-10,295.709991,283.800934
2021-09-13,296.989990,285.029419
2021-09-14,299.790009,287.716675
2021-09-15,304.820007,292.544098
2021-09-16,305.220001,292.927948
2021-09-17,299.869995,287.793396
2021-09-20,294.299988,282.447693
2021-09-21,294.799988,282.927612
2021-09-22,298.579987,286.555267
2021-09-23,299.559998,287.495880
2021-09-24,299.350006,287.294342
2021-09-27,294.170013,282.322968
2021-09-28,283.519989,272.101807
2021-09-29,284.000000,272.562500
2021-09-30,281.920013,270.566376
2021-10-01,289.100006,277.457214
2021-10-04,283.109985,271.708374
2021-10-05,288.760010,277.130920
2021-10-06,293.109985,281.305573
2021-10-07,294.850006,282.975555
2021-10-08,294.850006,282.975555
2021-10-11,294.230011,282.380585
2021-10-12,292.880005,281.084900
2021-10-13,296.309998,284.376801
2021-10-14,302.750000,290.557404
2021-10-15,304.209991,291.958649
2021-10-18,307.290009,294.914581
2021-10-19,308.230011,295.816742
2021-10-20,307.410004,295.029785
2021-10-21,310.760010,298.244843
2021-10-22,309.160004,296.709320
2021-10-25,308.130005,295.720825
2021-10-26,310.109985,297.621063
2021-10-27,323.170013,310.155060
2021-10-28,324.350006,311.287628
2021-10-29,331.619995,318.264679
2021-11-01,329.369995,316.105377
2021-11-02,333.130005,319.713959
2021-11-03,334.000000,320.548920
2021-11-04,336.440002,322.890625
2021-11-05,336.059998,322.525940
2021-11-08,336.989990,323.418488
2021-11-09,335.950012,322.420410
2021-11-10,330.799988,317.477692
2021-11-11,332.429993,319.042145
2021-11-12,336.720001,323.159424
2021-11-15,336.070007,322.535553
2021-11-16,339.510010,325.837036
2021-11-17,339.119995,326.058136
2021-11-18,341.269989,328.125244
2021-11-19,343.109985,329.894501
2021-11-22,339.829987,326.740753
2021-11-23,337.679993,324.673584
2021-11-24,337.910004,324.894775
2021-11-26,329.679993,316.981812
2021-11-29,336.630005,323.664062
2021-11-30,330.589996,317.856659
2021-12-01,330.079987,317.366333
2021-12-02,329.489990,316.799072
2021-12-03,323.010010,310.568665
2021-12-06,326.190002,313.626190
2021-12-07,334.920013,322.019897
2021-12-08,334.970001,322.067932
2021-12-09,333.100006,320.269958
2021-12-10,342.540009,329.346466
2021-12-13,339.399994,326.327332
2021-12-14,328.339996,315.693359
2021-12-15,334.649994,321.760284
2021-12-16,324.899994,312.385864
2021-12-17,323.799988,311.328186
2021-12-20,319.910004,307.588104
2021-12-21,327.290009,314.683868
2021-12-22,333.200012,320.366150
2021-12-23,334.690002,321.798767
2021-12-27,342.450012,329.259888
2021-12-28,341.250000,328.106140
2021-12-29,341.950012,328.779053
2021-12-30,339.320007,326.250427
2021-12-31,336.320007,323.365967
2022-01-03,334.750000,321.856445
2022-01-04,329.010010,316.337555
2022-01-05,316.380005,304.194000
2022-01-06,313.880005,301.790314
2022-01-07,314.040009,301.944153
2022-01-10,314.269989,302.165253
2022-01-11,314.980011,302.847992
2022-01-12,318.269989,306.011230
2022-01-13,304.799988,293.060059
2022-01-14,310.200012,298.252045
2022-01-18,302.649994,290.992920
2022-01-19,303.329987,291.646637
2022-01-20,301.600006,289.983307
2022-01-21,296.029999,284.627808
2022-01-24,296.369995,284.954651
2022-01-25,288.489990,277.378265
2022-01-26,296.709991,285.281647
2022-01-27,299.839996,288.291077
2022-01-28,308.260010,296.386749
2022-01-31,310.980011,299.002014
2022-02-01,308.760010,296.867493
2022-02-02,313.459991,301.386505
2022-02-03,301.250000,289.646759
2022-02-04,305.940002,294.156158
2022-02-07,300.950012,289.358368
2022-02-08,304.559998,292.829254
2022-02-09,311.209991,299.223236
2022-02-10,302.380005,290.733246
2022-02-11,295.040009,283.675995
2022-02-14,295.000000,283.637512
2022-02-15,300.470001,288.896790
2022-02-16,299.500000,288.559631
2022-02-17,290.730011,280.110016
2022-02-18,287.929993,277.412170
2022-02-22,287.720001,277.209930
2022-02-23,280.269989,270.032104
2022-02-24,294.589996,283.829010
2022-02-25,297.309998,286.449585
2022-02-28,298.790009,287.875549
2022-03-01,294.950012,284.175781
2022-03-02,300.190002,289.224457
2022-03-03,295.920013,285.110413
2022-03-04,289.859985,279.271790
2022-03-07,278.910004,268.721802
2022-03-08,275.850006,265.773499
2022-03-09,288.500000,277.961456
2022-03-10,285.589996,275.157776
2022-03-11,280.070007,269.839417
2022-03-14,276.440002,266.341980
2022-03-15,287.149994,276.660736
2022-03-16,294.390015,283.636292
2022-03-17,295.220001,284.435913
2022-03-18,300.429993,289.455597
2022-03-21,299.160004,288.232086
2022-03-22,304.059998,292.953094
2022-03-23,299.489990,288.549957
2022-03-24,304.100006,292.991577
2022-03-25,303.679993,292.586853
2022-03-28,310.700012,299.350494
2022-03-29,315.410004,303.888367
2022-03-30,313.859985,302.394958
2022-03-31,308.309998,297.047821
2022-04-01,309.420013,298.117218
2022-04-04,314.970001,303.464478
2022-04-05,310.880005,299.523956
2022-04-06,299.500000,288.559631
2022-04-07,301.369995,290.361267
2022-04-08,296.970001,286.122009
2022-04-11,285.260010,274.839813
2022-04-12,282.059998,271.756622
2022-04-13,287.619995,277.113525
2022-04-14,279.829987,269.608124
2022-04-18,280.519989,270.272949
2022-04-19,285.299988,274.878296
2022-04-20,286.359985,275.899658
2022-04-21,280.809998,270.552429
2022-04-22,274.029999,264.020050
2022-04-25,280.720001,270.465607
2022-04-26,270.220001,260.349243
2022-04-27,283.220001,272.874298
2022-04-28,289.630005,279.050079
2022-04-29,277.519989,267.382538
2022-05-02,284.470001,274.078644
2022-05-03,281.779999,271.486877
2022-05-04,289.980011,279.387482
2022-05-05,277.350006,267.218689
2022-05-06,274.730011,264.694458
2022-05-09,264.579987,254.915161
2022-05-10,269.500000,259.655579
2022-05-11,260.549988,251.032379
2022-05-12,255.350006,246.022415
2022-05-13,261.119995,251.581619
2022-05-16,261.500000,251.947693
2022-05-17,266.820007,257.073395
2022-05-18,254.080002,245.368942
2022-05-19,253.139999,244.461151
2022-05-20,252.559998,243.901047
2022-05-23,260.649994,251.713623
2022-05-24,259.619995,250.719009
2022-05-25,262.519989,253.519562
2022-05-26,265.899994,256.783722
2022-05-27,273.239990,263.872009
2022-05-31,271.869995,262.548950
2022-06-01,272.420013,263.080200
2022-06-02,274.579987,265.166107
2022-06-03,270.019989,260.762390
2022-06-06,268.750000,259.535950
2022-06-07,272.500000,263.157440
2022-06-08,270.410004,261.139069
2022-06-09,264.790009,255.711670
2022-06-10,252.990005,244.316284
2022-06-13,242.259995,233.954178
2022-06-14,244.490005,236.107712
2022-06-15,251.759995,243.128510
2022-06-16,244.970001,236.571274
2022-06-17,247.649994,239.159363
2022-06-21,253.740005,245.040604
2022-06-22,253.130005,244.451462
2022-06-23,258.859985,249.984985
2022-06-24,267.700012,258.522003
2022-06-27,264.890015,255.808289
2022-06-28,256.480011,247.686676
2022-06-29,260.260010,251.337021
2022-06-30,256.829987,248.024597
2022-07-01,259.579987,250.680344
2022-07-05,262.850006,253.838226
2022-07-06,266.209991,257.083038
2022-07-07,268.399994,259.197968
2022-07-08,267.660004,258.483337
2022-07-11,264.510010,255.441345
2022-07-12,253.669998,244.972992
2022-07-13,252.720001,244.055573
2022-07-14,254.080002,245.368942
2022-07-15,256.720001,247.918427
2022-07-18,254.250000,245.533096
2022-07-19,259.529999,250.632095
2022-07-20,262.269989,253.278107
2022-07-21,264.839996,255.759979
2022-07-22,260.359985,251.433594
2022-07-25,258.829987,249.956039
2022-07-26,251.899994,243.263641
2022-07-27,268.739990,259.526337
2022-07-28,276.410004,266.933350
2022-07-29,280.739990,271.114929
2022-08-01,278.010010,268.478485
2022-08-02,274.820007,265.397888
2022-08-03,282.470001,272.785645
2022-08-04,283.649994,273.925110
2022-08-05,282.910004,273.210449
2022-08-08,280.320007,270.709259
2022-08-09,282.299988,272.621429
2022-08-10,289.160004,279.246185
2022-08-11,287.019989,277.179596
2022-08-12,291.910004,281.901886
2022-08-15,293.470001,283.408478
2022-08-16,292.709991,282.674469
2022-08-17,291.320007,281.929291
2022-08-18,290.170013,280.816406
2022-08-19,286.149994,276.925873
2022-08-22,277.750000,268.796783
2022-08-23,276.440002,267.528900
2022-08-24,275.790009,266.899963
2022-08-25,278.850006,269.861267
2022-08-26,268.089996,259.448151
2022-08-29,265.230011,256.680328
2022-08-30,262.970001,254.493134
2022-08-31,261.470001,253.041580
2022-09-01,260.399994,252.006073
2022-09-02,256.059998,247.805939
2022-09-06,253.250000,245.086502
2022-09-07,258.089996,249.770462
2022-09-08,258.519989,250.186600
2022-09-09,264.459991,255.935104
2022-09-12,266.649994,258.054504
2022-09-13,251.990005,243.867096
2022-09-14,252.220001,244.089691
2022-09-15,245.380005,237.470169
2022-09-16,244.740005,236.850845
2022-09-19,244.520004,236.637894
2022-09-20,242.449997,234.634613
2022-09-21,238.949997,231.247437
2022-09-22,240.979996,233.212021
2022-09-23,237.919998,230.250641
2022-09-26,237.449997,229.795822
2022-09-27,236.410004,228.789337
2022-09-28,241.070007,233.299118
2022-09-29,237.500000,229.844193
2022-09-30,232.899994,225.392471
2022-10-03,240.740005,232.979752
2022-10-04,248.880005,240.857361
2022-10-05,249.199997,241.167038
2022-10-06,246.789993,238.834747
2022-10-07,234.240005,226.689270
2022-10-10,229.250000,221.860123
2022-10-11,225.410004,218.143906
2022-10-12,225.750000,218.472946
2022-10-13,234.240005,226.689270
2022-10-14,228.559998,221.192368
2022-10-17,237.529999,229.873215
2022-10-18,238.500000,230.811996
2022-10-19,236.479996,228.857040
2022-10-20,236.149994,228.537704
2022-10-21,242.119995,234.315262
2022-10-24,247.250000,239.279877
2022-10-25,250.660004,242.579987
2022-10-26,231.320007,223.863419
2022-10-27,226.750000,219.440735
2022-10-28,235.869995,228.266739
2022-10-31,232.130005,224.647308
2022-11-01,228.169998,220.814957
2022-11-02,220.100006,213.005096
2022-11-03,214.250000,207.343658
2022-11-04,221.389999,214.253510
2022-11-07,227.869995,220.524628
2022-11-08,228.869995,221.492416
2022-11-09,224.509995,217.272903
2022-11-10,242.979996,235.147568
2022-11-11,247.110001,239.144394
2022-11-14,241.550003,233.763641
2022-11-15,241.970001,234.170120
2022-11-16,241.729996,234.597107
2022-11-17,241.679993,234.548599
2022-11-18,241.220001,234.102158
2022-11-21,242.050003,234.907639
2022-11-22,245.029999,237.799728
2022-11-23,247.580002,240.274490
2022-11-25,247.490005,240.187180
2022-11-28,241.759995,234.626205
2022-11-29,240.330002,233.238419
2022-11-30,255.139999,247.611435
2022-12-01,254.690002,247.174698
2022-12-02,255.020004,247.494965
2022-12-05,250.199997,242.817184
2022-12-06,245.119995,237.887085
2022-12-07,244.369995,237.159195
2022-12-08,247.399994,240.099777
2022-12-09,245.419998,238.178207
2022-12-12,252.509995,245.058990
2022-12-13,256.920013,249.338913
2022-12-14,257.220001,249.630035
2022-12-15,249.009995,241.662323
2022-12-16,244.690002,237.469742
2022-12-19,240.449997,233.354874
2022-12-20,241.800003,234.665070
2022-12-21,244.429993,237.217438
2022-12-22,238.190002,231.161575
2022-12-23,238.729996,231.685608
2022-12-27,236.960007,229.967896
2022-12-28,234.529999,227.609558
2022-12-29,241.009995,233.898331
2022-12-30,239.820007,232.743500
2023-01-03,239.580002,232.510544
2023-01-04,229.100006,222.339798
2023-01-05,222.309998,215.750137
2023-01-06,224.929993,218.292847
2023-01-09,227.119995,220.418198
2023-01-10,228.850006,222.097153
2023-01-11,235.770004,228.812988
2023-01-12,238.509995,231.472092
2023-01-13,239.229996,232.170898
2023-01-17,240.350006,233.257843
2023-01-18,235.809998,228.851791
2023-01-19,231.929993,225.086288
2023-01-20,240.220001,233.131699
2023-01-23,242.580002,235.422012
2023-01-24,242.039993,234.897980
2023-01-25,240.610001,233.510132
2023-01-26,248.000000,240.682098
2023-01-27,248.160004,240.837387
2023-01-30,242.710007,235.548203
2023-01-31,247.809998,240.497696
2023-02-01,252.750000,245.291931
2023-02-02,264.600006,256.792297
2023-02-03,258.350006,250.726715
2023-02-06,256.769989,249.193314
2023-02-07,267.559998,259.664886
2023-02-08,266.730011,258.859497
2023-02-09,263.619995,255.841125
2023-02-10,263.100006,255.336487
2023-02-13,271.320007,263.314056
2023-02-14,272.170013,264.138916
2023-02-15,269.320007,262.027710
2023-02-16,262.149994,255.051849
2023-02-17,258.059998,251.072556
2023-02-21,252.669998,245.828537
2023-02-22,251.509995,244.699921
2023-02-23,254.770004,247.871628
2023-02-24,249.220001,242.471909
2023-02-27,250.160004,243.386459
2023-02-28,249.419998,242.666504
2023-03-01,246.270004,239.601791
2023-03-02,251.110001,244.310730
2023-03-03,255.289993,248.377518
2023-03-06,256.869995,249.914780
2023-03-07,254.149994,247.268402
2023-03-08,253.699997,246.830627
2023-03-09,252.320007,245.487991
2023-03-10,248.589996,241.858963
2023-03-13,253.919998,247.044632
2023-03-14,260.790009,253.728683
2023-03-15,265.440002,258.252686
2023-03-16,276.200012,268.721405
2023-03-17,279.429993,271.863953
2023-03-20,272.230011,264.858887
2023-03-21,273.779999,266.366943
2023-03-22,272.290009,264.917267
2023-03-23,277.660004,270.141876
2023-03-24,280.570007,272.973022
2023-03-27,276.380005,268.896484
2023-03-28,275.230011,267.777710
2023-03-29,280.510010,272.914703
2023-03-30,284.049988,276.358795
2023-03-31,288.299988,280.493683
2023-04-03,287.230011,279.452759
2023-04-04,287.179993,279.404114
2023-04-05,284.339996,276.640961
2023-04-06,291.600006,283.704407
2023-04-10,289.390015,281.554260
2023-04-11,282.829987,275.171875
2023-04-12,283.489990,275.813934
2023-04-13,289.839996,281.992035
2023-04-14,286.140015,278.392273
2023-04-17,288.799988,280.980164
2023-04-18,288.369995,280.561829
2023-04-19,288.450012,280.639648
2023-04-20,286.109985,278.363068
2023-04-21,285.760010,278.022491
2023-04-24,281.769989,274.140503
2023-04-25,275.420013,267.962463
2023-04-26,295.369995,287.372284
2023-04-27,304.829987,296.576172
2023-04-28,307.260010,298.940338
2023-05-01,305.559998,297.286377
2023-05-02,305.410004,297.140442
2023-05-03,304.399994,296.157867
2023-05-04,305.410004,297.140442
2023-05-05,310.649994,302.238586
2023-05-08,308.649994,300.292725
2023-05-09,307.000000,298.687347
2023-05-10,312.309998,303.853577
2023-05-11,310.109985,301.713135
2023-05-12,308.970001,300.604095
2023-05-15,309.459991,301.080780
2023-05-16,311.739990,303.299072
2023-05-17,314.000000,306.165741
2023-05-18,318.519989,310.572937
2023-05-19,318.339996,310.397430
2023-05-22,321.179993,313.166534
2023-05-23,315.260010,307.394257
2023-05-24,313.850006,306.019440
2023-05-25,325.920013,317.788300
2023-05-26,332.890015,324.584381
2023-05-30,331.209991,322.946320
2023-05-31,328.390015,320.196686
2023-06-01,332.579987,324.282135
2023-06-02,335.399994,327.031769
2023-06-05,335.940002,327.558289
2023-06-06,333.679993,325.354706
2023-06-07,323.380005,315.311707
2023-06-08,325.260010,317.144806
2023-06-09,326.790009,318.636597
2023-06-12,331.850006,323.570343
2023-06-13,334.290009,325.949402
2023-06-14,337.339996,328.923401
2023-06-15,348.100006,339.414917
2023-06-16,342.329987,333.788818
2023-06-20,338.049988,329.615662
2023-06-21,333.559998,325.237671
2023-06-22,339.709991,331.234222
2023-06-23,335.019989,326.661224
2023-06-26,328.600006,320.401428
2023-06-27,334.570007,326.222473
2023-06-28,335.850006,327.470612
2023-06-29,335.049988,326.690521
2023-06-30,340.540009,332.043518
2023-07-03,337.989990,329.557159
2023-07-05,338.149994,329.713135
2023-07-06,341.269989,332.755249
2023-07-07,337.220001,328.806427
2023-07-10,331.829987,323.550812
2023-07-11,332.470001,324.174927
2023-07-12,337.200012,328.786865
2023-07-13,342.660004,334.110657
2023-07-14,345.239990,336.626282
2023-07-17,345.730011,337.104065
2023-07-18,359.489990,350.520691
2023-07-19,355.079987,346.220734
2023-07-20,346.869995,338.215607
2023-07-21,343.769989,335.192902
2023-07-24,345.109985,336.499481
2023-07-25,350.980011,342.223145
2023-07-26,337.769989,329.342621
2023-07-27,330.720001,322.468597
2023-07-28,338.369995,329.927673
2023-07-31,335.920013,327.538757
2023-08-01,336.339996,327.948334
2023-08-02,327.500000,319.328857
2023-08-03,326.660004,318.509827
2023-08-04,327.779999,319.601929
2023-08-07,330.109985,321.873749
2023-08-08,326.049988,317.915070
2023-08-09,322.230011,314.190399
2023-08-10,322.929993,314.872894
2023-08-11,321.010010,313.000793
2023-08-14,324.040009,315.955200
2023-08-15,321.859985,313.829529
2023-08-16,320.399994,313.067474
2023-08-17,316.880005,309.628021
2023-08-18,316.480011,309.237152
2023-08-21,321.880005,314.513611
2023-08-22,322.459991,315.080322
2023-08-23,327.000000,319.516418
2023-08-24,319.970001,312.647278
2023-08-25,322.980011,315.588409
2023-08-28,323.700012,316.291962
2023-08-29,328.410004,320.894196
2023-08-30,328.790009,321.265442
2023-08-31,327.760010,320.259033
2023-09-01,328.660004,321.138397
2023-09-05,333.549988,325.916534
2023-09-06,332.880005,325.261841
2023-09-07,329.910004,322.359863
2023-09-08,334.269989,326.620056
2023-09-11,337.940002,330.205994
2023-09-12,331.769989,324.177277
2023-09-13,336.059998,328.369080
2023-09-14,338.700012,330.948669
2023-09-15,330.220001,322.662750
2023-09-18,329.059998,321.529236
2023-09-19,328.649994,321.128662
2023-09-20,320.769989,313.429016
2023-09-21,319.529999,312.217377
2023-09-22,317.010010,309.754974
2023-09-25,317.540009,310.272949
2023-09-26,312.140015,304.996521
2023-09-27,312.790009,305.631622
2023-09-28,313.640015,306.462189
2023-09-29,315.750000,308.523773
2023-10-02,321.799988,314.435425
2023-10-03,313.390015,306.217896
2023-10-04,318.959991,311.660400
2023-10-05,319.359985,312.051239
2023-10-06,327.260010,319.770477
2023-10-09,329.820007,322.271912
2023-10-10,328.390015,320.874634
2023-10-11,332.420013,324.812439
2023-10-12,331.160004,323.581177
2023-10-13,327.730011,320.229675
2023-10-16,332.640015,325.027374
2023-10-17,332.059998,324.460571
2023-10-18,330.109985,322.555267
2023-10-19,331.320007,323.737579
2023-10-20,326.670013,319.193970
2023-10-23,329.320007,321.783356
2023-10-24,330.529999,322.965607
2023-10-25,340.670013,332.873535
2023-10-26,327.890015,320.386047
2023-10-27,329.809998,322.262115
2023-10-30,337.309998,329.590454
2023-10-31,338.109985,330.372131
2023-11-01,346.070007,338.149963
2023-11-02,348.320007,340.348480
2023-11-03,352.799988,344.725952
2023-11-06,356.529999,348.370605
2023-11-07,360.529999,352.279053
2023-11-08,363.200012,354.887939
2023-11-09,360.690002,352.435394
2023-11-10,369.670013,361.209900
2023-11-13,366.679993,358.288330
2023-11-14,370.269989,361.796204
2023-11-15,369.670013,361.943024
2023-11-16,376.170013,368.307159
2023-11-17,369.850006,362.119263
2023-11-20,377.440002,369.550629
2023-11-21,373.070007,365.271973
2023-11-22,377.850006,369.952026
2023-11-24,377.429993,369.540802
2023-11-27,378.609985,370.696106
2023-11-28,382.700012,374.700714
2023-11-29,378.850006,370.931152
2023-11-30,378.910004,370.989868
2023-12-01,374.510010,366.681854
2023-12-04,369.140015,361.424103
2023-12-05,372.519989,364.733429
2023-12-06,368.799988,361.091156
2023-12-07,370.950012,363.196320
2023-12-08,374.230011,366.407715
2023-12-11,371.299988,363.538940
2023-12-12,374.380005,366.554565
2023-12-13,374.369995,366.544739
2023-12-14,365.929993,358.281189
2023-12-15,370.730011,362.980896
2023-12-18,372.649994,364.860687
2023-12-19,373.260010,365.458038
2023-12-20,370.619995,362.873199
2023-12-21,373.540009,365.732147
2023-12-22,374.579987,366.750397
2023-12-26,374.660004,366.828766
2023-12-27,374.070007,366.251068
2023-12-28,375.279999,367.435730
2023-12-29,376.040009,368.179932
2024-01-02,370.869995,363.117920
2024-01-03,370.600006,362.853546
2024-01-04,367.940002,360.249207
2024-01-05,367.750000,360.063171
2024-01-08,374.690002,366.858063
2024-01-09,375.790009,367.935089
2024-01-10,382.769989,374.769196
2024-01-11,384.630005,376.590332
2024-01-12,388.470001,380.350098
2024-01-16,390.269989,382.112427
2024-01-17,389.470001,381.329132
2024-01-18,393.869995,385.637177
2024-01-19,398.670013,390.336853
2024-01-22,396.510010,388.221985
2024-01-23,398.899994,390.562073
2024-01-24,402.559998,394.145538
2024-01-25,404.869995,396.407227
2024-01-26,403.929993,395.486877
2024-01-29,409.720001,401.155853
2024-01-30,408.589996,400.049469
2024-01-31,397.579987,389.269592
2024-02-01,403.779999,395.340027
2024-02-02,411.220001,402.624512
2024-02-05,405.649994,397.170959
2024-02-06,405.489990,397.014252
2024-02-07,414.049988,405.395325
2024-02-08,414.109985,405.454102
2024-02-09,420.549988,411.759460
2024-02-12,415.260010,406.580078
2024-02-13,406.320007,397.826935
2024-02-14,409.489990,401.672058
2024-02-15,406.559998,398.798065
2024-02-16,404.059998,396.345825
2024-02-20,402.790009,395.100037
2024-02-21,402.179993,394.501617
2024-02-22,411.649994,403.790924
2024-02-23,410.339996,402.505859
2024-02-26,407.540009,399.759338
2024-02-27,407.480011,399.700470
2024-02-28,407.720001,399.935913
2024-02-29,413.640015,405.742859
2024-03-01,415.500000,407.567383
2024-03-04,414.920013,406.998444
2024-03-05,402.649994,394.962708
2024-03-06,402.089996,394.413422
2024-03-07,409.140015,401.328888
2024-03-08,406.220001,398.464508
2024-03-11,404.519989,396.796967
2024-03-12,415.279999,407.351593
2024-03-13,415.100006,407.175018
2024-03-14,425.220001,417.101807
2024-03-15,416.420013,408.469818
2024-03-18,417.320007,409.352661
2024-03-19,421.410004,413.364532
2024-03-20,425.230011,417.111633
2024-03-21,429.369995,421.172516
2024-03-22,428.739990,420.554565
2024-03-25,422.859985,414.786835
2024-03-26,421.649994,413.599945
2024-03-27,421.429993,413.384155
2024-03-28,420.720001,412.687714
2024-04-01,424.570007,416.464233
2024-04-02,421.440002,413.393921
2024-04-03,420.450012,412.422852
2024-04-04,417.880005,409.901978
2024-04-05,425.519989,417.396027
2024-04-08,424.589996,416.483826
2024-04-09,426.279999,418.141479
2024-04-10,423.260010,415.179169
2024-04-11,427.929993,419.760071
2024-04-12,421.899994,413.845123
2024-04-15,413.640015,405.742859
2024-04-16,414.579987,406.664948
2024-04-17,411.839996,403.977234
2024-04-18,404.269989,396.551727
2024-04-19,399.119995,391.500092
2024-04-22,400.959991,393.304962
2024-04-23,407.570007,399.788788
2024-04-24,409.059998,401.250244
2024-04-25,399.040009,391.421661
2024-04-26,406.320007,398.562653
2024-04-29,402.250000,394.570282
2024-04-30,389.329987,381.896973
2024-05-01,394.940002,387.399902
2024-05-02,397.839996,390.244507
2024-05-03,406.660004,398.896179
2024-05-06,413.540009,405.644806
2024-05-07,409.339996,401.524963
2024-05-08,410.540009,402.702118
2024-05-09,412.320007,404.448090
2024-05-10,414.739990,406.821899
2024-05-13,413.720001,405.821350
2024-05-14,416.559998,408.607117
2024-05-15,423.079987,415.751160
2024-05-16,420.989990,413.697388
2024-05-17,420.209991,412.930878
2024-05-20,425.339996,417.972015
2024-05-21,429.040009,421.607941
2024-05-22,430.519989,423.062286
2024-05-23,427.000000,419.603241
2024-05-24,430.160004,422.708588
2024-05-28,430.320007,422.865753
2024-05-29,429.170013,421.735718
2024-05-30,414.670013,407.486908
2024-05-31,415.130005,407.938934
2024-06-03,413.519989,406.356720
2024-06-04,416.070007,408.862610
2024-06-05,424.010010,416.665070
2024-06-06,424.519989,417.166229
2024-06-07,423.850006,416.507843
2024-06-10,427.869995,420.458252
2024-06-11,432.679993,425.184937
2024-06-12,441.059998,433.419739
2024-06-13,441.579987,433.930725
2024-06-14,442.570007,434.903564
2024-06-17,448.369995,440.603119
2024-06-18,446.339996,438.608246
2024-06-20,445.700012,437.979401
2024-06-21,449.779999,441.988708
2024-06-24,447.670013,439.915222
2024-06-25,450.950012,443.138397
2024-06-26,452.160004,444.327484
2024-06-27,452.850006,445.005493
2024-06-28,446.950012,439.207672
2024-07-01,456.730011,448.818298
2024-07-02,459.279999,451.324127
2024-07-03,460.769989,452.788300
2024-07-05,467.559998,459.460663
2024-07-08,466.239990,458.163544
2024-07-09,459.540009,451.579620
2024-07-10,466.250000,458.173431
2024-07-11,454.700012,446.823456
2024-07-12,453.549988,445.693390
2024-07-15,453.959991,446.096283
2024-07-16,449.519989,441.733185
2024-07-17,443.519989,435.837158
2024-07-18,440.369995,432.741638
2024-07-19,437.109985,429.538086
2024-07-22,442.940002,435.267120
2024-07-23,444.850006,437.144104
2024-07-24,428.899994,421.470337
2024-07-25,418.399994,411.152222
2024-07-26,425.269989,417.903198
2024-07-29,426.730011,419.338013
2024-07-30,422.920013,415.593994
2024-07-31,418.350006,411.103149
2024-08-01,417.109985,409.884613
2024-08-02,408.489990,401.413849
2024-08-05,395.149994,388.304962
2024-08-06,399.609985,392.687805
2024-08-07,398.429993,391.528168
2024-08-08,402.690002,395.714386
2024-08-09,406.019989,398.986725
2024-08-12,406.809998,399.763031
2024-08-13,414.010010,406.838287
2024-08-14,416.859985,409.638947
2024-08-15,421.029999,414.482452
2024-08-16,418.470001,411.962219
2024-08-19,421.529999,414.974701
2024-08-20,424.799988,418.193787
2024-08-21,424.140015,417.544067
2024-08-22,415.549988,409.087616
2024-08-23,416.790009,410.308411
2024-08-26,413.489990,407.059692
2024-08-27,413.839996,407.404266
2024-08-28,410.600006,404.214661
2024-08-29,413.119995,406.695435
2024-08-30,417.140015,410.652924
2024-09-03,409.440002,403.072662
2024-09-04,408.899994,402.541077
2024-09-05,408.390015,402.038971
2024-09-06,401.700012,395.453064
2024-09-09,405.720001,399.410492
2024-09-10,414.200012,407.758667
2024-09-11,423.040009,416.461182
2024-09-12,427.000000,420.359619
2024-09-13,430.589996,423.893829
2024-09-16,431.339996,424.632111
2024-09-17,435.149994,428.382843
2024-09-18,430.809998,424.110321
2024-09-19,438.690002,431.867767
2024-09-20,435.269989,428.500916
2024-09-23,433.510010,426.768372
2024-09-24,429.170013,422.495850
2024-09-25,432.109985,425.390076
2024-09-26,431.309998,424.602570
2024-09-27,428.019989,421.363739
2024-09-30,430.299988,423.608215
2024-10-01,420.690002,414.147736
2024-10-02,417.130005,410.643066
2024-10-03,416.540009,410.062286
2024-10-04,416.059998,409.589752
2024-10-07,409.540009,403.171112
2024-10-08,414.709991,408.260712
2024-10-09,417.459991,410.967896
2024-10-10,415.839996,409.373077
2024-10-11,416.320007,409.845673
2024-10-14,419.140015,412.621857
2024-10-15,418.739990,412.228027
2024-10-16,416.119995,409.648773
2024-10-17,416.720001,410.239502
2024-10-18,418.160004,411.657043
2024-10-21,418.779999,412.267395
2024-10-22,427.510010,420.861664
2024-10-23,424.600006,417.996918
2024-10-24,424.730011,418.124847
2024-10-25,428.149994,421.491699
2024-10-28,426.589996,419.955963
2024-10-29,431.950012,425.232635
2024-10-30,432.529999,425.803589
2024-10-31,406.350006,400.030731
2024-11-01,410.369995,403.988220
2024-11-04,408.459991,402.107880
2024-11-05,411.459991,405.061218
2024-11-06,420.179993,413.645691
2024-11-07,425.429993,418.813995
2024-11-08,422.540009,415.968964
2024-11-11,418.010010,411.509430
2024-11-12,423.029999,416.451355
2024-11-13,425.200012,418.587585
2024-11-14,426.890015,420.251251
2024-11-15,415.000000,408.546204
2024-11-18,415.760010,409.294403
2024-11-19,417.790009,411.292816
2024-11-20,415.489990,409.028595
2024-11-21,412.869995,407.262878
2024-11-22,417.000000,411.336792
2024-11-25,418.790009,413.102509
2024-11-26,427.989990,422.177521
2024-11-27,422.989990,417.245453
2024-11-29,423.459991,417.709076
2024-12-02,430.980011,425.126953
2024-12-03,431.200012,425.343994
2024-12-04,437.420013,431.479462
2024-12-05,442.619995,436.608887
2024-12-06,443.570007,437.545990
2024-12-09,446.019989,439.962677
2024-12-10,443.329987,437.309235
2024-12-11,448.989990,442.892365
2024-12-12,449.559998,443.454590
2024-12-13,447.269989,441.195679
2024-12-16,451.589996,445.457031
2024-12-17,454.459991,448.288055
2024-12-18,437.390015,431.449860
2024-12-19,437.029999,431.094757
2024-12-20,436.600006,430.670685
2024-12-23,435.250000,429.338959
2024-12-24,439.329987,433.363525
2024-12-26,438.109985,432.160095
2024-12-27,430.529999,424.683044
2024-12-30,424.829987,419.060455
2024-12-31,421.500000,415.775696
2025-01-02,418.579987,412.895355
2025-01-03,423.350006,417.600616
2025-01-06,427.850006,422.039490
2025-01-07,422.369995,416.633881
2025-01-08,424.559998,418.794128
2025-01-10,418.950012,413.260345
2025-01-13,417.190002,411.524231
2025-01-14,415.670013,410.024841
2025-01-15,426.309998,420.520386
2025-01-16,424.579987,418.813843
2025-01-17,429.029999,423.203430
2025-01-21,428.500000,422.680603
2025-01-22,446.200012,440.140259
2025-01-23,446.709991,440.643341
2025-01-24,444.059998,438.029327
2025-01-27,434.559998,428.658325
2025-01-28,447.200012,441.126678
2025-01-29,442.329987,436.322815
2025-01-30,414.989990,409.354095
2025-01-31,415.059998,409.423157
2025-02-03,410.920013,405.339417
2025-02-04,412.369995,406.769714
2025-02-05,413.290009,407.677246
2025-02-06,415.820007,410.172852
2025-02-07,409.750000,404.185242
2025-02-10,412.220001,406.621735
2025-02-11,411.440002,405.852356
2025-02-12,409.040009,403.484894
2025-02-13,410.540009,404.964508
2025-02-14,408.429993,402.883179
2025-02-18,409.640015,404.076752
2025-02-19,414.769989,409.137085
2025-02-20,416.130005,411.301666
2025-02-21,408.209991,403.473541
2025-02-24,404.000000,399.312378
2025-02-25,397.899994,393.283234
2025-02-26,399.730011,395.091949
2025-02-27,392.529999,387.975464
2025-02-28,396.989990,392.383728
2025-03-03,388.489990,383.982391
2025-03-04,388.609985,384.100952
2025-03-05,401.019989,396.367004
2025-03-06,396.890015,392.284943
2025-03-07,393.309998,388.746460
2025-03-10,380.160004,375.749023
2025-03-11,380.450012,376.035706
2025-03-12,383.269989,378.822937
2025-03-13,378.769989,374.375153
2025-03-14,388.559998,384.051575
2025-03-17,388.700012,384.189972
2025-03-18,383.519989,379.070068
2025-03-19,387.820007,383.320190
2025-03-20,386.839996,382.351532
2025-03-21,391.260010,386.720276
2025-03-24,393.079987,388.519165
2025-03-25,395.160004,390.574982
2025-03-26,389.970001,385.445190
2025-03-27,390.579987,386.048126
2025-03-28,378.799988,374.404816
2025-03-31,375.390015,371.034424
2025-04-01,382.190002,377.755493
2025-04-02,382.140015,377.706116
2025-04-03,373.109985,368.780823
2025-04-04,359.839996,355.664764
2025-04-07,357.859985,353.707794
2025-04-08,354.559998,350.446075
2025-04-09,390.489990,385.959167
2025-04-10,381.350006,376.925262
2025-04-11,388.450012,383.942841
2025-04-14,387.809998,383.310242
2025-04-15,385.730011,381.254425
2025-04-16,371.609985,367.298218
2025-04-17,367.779999,363.512665
2025-04-21,359.119995,354.953156
2025-04-22,366.820007,362.563843
2025-04-23,374.390015,370.045990
2025-04-24,387.299988,382.806122
2025-04-25,391.850006,387.303436
2025-04-28,391.160004,386.621399
2025-04-29,394.040009,389.467987
2025-04-30,395.260010,390.673859
2025-05-01,425.399994,420.464111
2025-05-02,435.279999,430.229492
2025-05-05,436.170013,431.109161
2025-05-06,433.309998,428.282349
2025-05-07,433.350006,428.321869
2025-05-08,438.170013,433.085968
2025-05-09,438.730011,433.639465
2025-05-12,449.260010,444.047302
2025-05-13,449.140015,443.928711
2025-05-14,452.940002,447.684570
2025-05-15,453.130005,448.694611
2025-05-16,454.269989,449.823395
2025-05-19,458.869995,454.378387
2025-05-20,458.170013,453.685272
2025-05-21,452.570007,448.140106
2025-05-22,454.859985,450.407654
2025-05-23,450.179993,445.773468
2025-05-27,460.690002,456.180603
2025-05-28,457.359985,452.883179
2025-05-29,458.679993,454.190308
2025-05-30,460.359985,455.853821
2025-06-02,461.970001,457.448090
2025-06-03,462.970001,458.438263
2025-06-04,463.869995,459.329468
2025-06-05,467.679993,463.102203
2025-06-06,470.380005,465.775757
2025-06-09,472.750000,468.122559
2025-06-10,470.920013,466.310516
2025-06-11,472.619995,467.993835
2025-06-12,478.869995,474.182648
2025-06-13,474.959991,470.310913
2025-06-16,479.140015,474.450012
2025-06-17,478.040009,473.360779
2025-06-18,480.239990,475.539246
2025-06-20,477.399994,472.726990
2025-06-23,486.000000,481.242889
2025-06-24,490.109985,485.312622
2025-06-25,492.269989,487.451477
2025-06-26,497.450012,492.580811
2025-06-27,495.940002,491.085571
2025-06-30,497.410004,492.541168
2025-07-01,492.049988,487.233582
2025-07-02,491.089996,486.283051
2025-07-03,498.839996,493.957214
2025-07-07,497.720001,492.848114
2025-07-08,496.619995,491.758881
2025-07-09,503.510010,498.581482
2025-07-10,501.480011,496.571320
2025-07-11,503.320007,498.393311
2025-07-14,503.019989,498.096222
2025-07-15,505.820007,500.868866
2025-07-16,505.619995,500.670837
2025-07-17,511.700012,506.691284
2025-07-18,510.049988,505.057434
2025-07-21,510.059998,505.067352
2025-07-22,505.269989,500.324219
2025-07-23,505.869995,500.918335
2025-07-24,510.880005,505.879333
2025-07-25,513.710022,508.681671
2025-07-28,512.500000,507.483459
2025-07-29,512.570007,507.552765
2025-07-30,513.239990,508.216217
2025-07-31,533.500000,528.277893
2025-08-01,524.109985,518.979797
2025-08-04,535.640015,530.396912
2025-08-05,527.750000,522.584229
2025-08-06,524.940002,519.801697
2025-08-07,520.840027,515.741821
2025-08-08,522.039978,516.930115
2025-08-11,521.770020,516.662781
2025-08-12,529.239990,524.059509
2025-08-13,520.580017,515.484375
2025-08-14,522.479980,517.365723
2025-08-15,520.169983,515.078369
2025-08-18,517.099976,512.038391
2025-08-19,509.769989,504.780182
2025-08-20,505.720001,500.769836
2025-08-21,504.239990,500.125122
2025-08-22,507.230011,503.090729
2025-08-25,504.260010,500.144989
2025-08-26,502.040009,497.943115
2025-08-27,506.739990,502.604736
2025-08-28,509.640015,505.481079
2025-08-29,506.690002,502.555115
2025-09-02,505.119995,500.997925
2025-09-03,505.350006,501.226074
2025-09-04,507.970001,503.824707
2025-09-05,495.000000,490.960541
2025-09-08,498.200012,494.134430
2025-09-09,498.410004,494.342712
2025-09-10,500.369995,496.286713
2025-09-11,501.010010,496.921539
2025-09-12,509.899994,505.738953
2025-09-15,515.359985,511.154388
2025-09-16,509.040009,504.885956
2025-09-17,510.019989,505.857971
2025-09-18,508.450012,504.300812
2025-09-19,517.929993,513.703430
2025-09-22,514.450012,510.251831
2025-09-23,509.230011,505.074463
2025-09-24,510.149994,505.986908
2025-09-25,507.029999,502.892334
2025-09-26,511.459991,507.286194
2025-09-29,514.599976,510.400513
2025-09-30,517.950012,513.723267
2025-10-01,519.710022,515.468872
2025-10-02,515.739990,511.531311
2025-10-03,517.349976,513.128113
2025-10-06,528.570007,524.256592
2025-10-07,523.979980,519.704041
2025-10-08,524.849976,520.566895
2025-10-09,522.400024,518.136963
2025-10-10,510.959991,506.790283
2025-10-13,514.049988,509.855042
2025-10-14,513.570007,509.378998
2025-10-15,513.429993,509.240143
2025-10-16,511.609985,507.434967
2025-10-17,513.580017,509.388947
2025-10-20,516.789978,512.572693
2025-10-21,517.659973,513.435608
2025-10-22,520.539978,516.292175
2025-10-23,520.559998,516.311951
2025-10-24,523.609985,519.337036
2025-10-27,531.520020,527.182556
2025-10-28,542.070007,537.646423
2025-10-29,541.549988,537.130676
2025-10-30,525.760010,521.469543
2025-10-31,517.809998,513.584351
2025-11-03,517.030029,512.810791
2025-11-04,514.330017,510.132843
2025-11-05,507.160004,503.021332
2025-11-06,497.100006,493.043396
2025-11-07,496.820007,492.765686
2025-11-10,506.000000,501.870758
2025-11-11,508.679993,504.528900
2025-11-12,511.140015,506.968872
2025-11-13,503.290009,499.182861
2025-11-14,510.179993,506.016632
2025-11-17,507.489990,503.348602
2025-11-18,493.790009,489.760437
2025-11-19,487.119995,483.144836
2025-11-20,478.429993,475.413879
2025-11-21,472.119995,469.143646
2025-11-24,474.000000,471.011810
2025-11-25,476.989990,473.982941
2025-11-26,485.500000,482.439331
2025-11-28,492.010010,488.908295
2025-12-01,486.739990,483.671478
2025-12-02,490.000000,486.910950
2025-12-03,477.730011,474.718292
2025-12-04,480.839996,477.808716
2025-12-05,483.160004,480.114075
2025-12-08,491.019989,487.924530
2025-12-09,492.019989,488.918182
2025-12-10,478.559998,475.543091
2025-12-11,483.470001,480.422119
2025-12-12,478.529999,475.513245
2025-12-15,474.820007,471.826660
2025-12-16,476.390015,473.386780
2025-12-17,476.119995,473.118439
2025-12-18,483.980011,480.928894
2025-12-19,485.920013,482.856659
2025-12-22,484.920013,481.863007
2025-12-23,486.850006,483.780792
2025-12-24,488.019989,484.943420
2025-12-26,487.709991,484.635376
2025-12-29,487.100006,484.029236
2025-12-30,487.480011,484.406830
2025-12-31,483.619995,480.571167
2026-01-02,472.940002,469.958496
2026-01-05,472.850006,469.869110
2026-01-06,478.510010,475.493408
2026-01-07,483.470001,480.422119
2026-01-08,478.109985,475.095886
2026-01-09,479.279999,476.258514
2026-01-12,477.179993,474.171753
2026-01-13,470.670013,467.702820
2026-01-14,459.380005,456.483978
2026-01-15,456.660004,453.781128
2026-01-16,459.859985,456.960938
2026-01-20,454.519989,451.654633
2026-01-21,444.109985,441.310242
2026-01-22,451.140015,448.295929
2026-01-23,465.950012,463.012573
2026-01-26,470.279999,467.315277
2026-01-27,480.579987,477.550323
2026-01-28,481.630005,478.593719
2026-01-29,433.500000,430.767151
2026-01-30,430.290009,427.577393
2026-02-02,423.369995,420.701019
2026-02-03,411.209991,408.617645
2026-02-04,414.190002,411.578857
2026-02-05,393.670013,391.188232
2026-02-06,401.140015,398.611145
2026-02-09,413.600006,410.992584
2026-02-10,413.269989,410.664673
2026-02-11,404.369995,401.820770
2026-02-12,401.839996,399.306702
2026-02-13,401.320007,398.790009
2026-02-17,396.859985,394.358124
2026-02-18,399.600006,397.080872
2026-02-19,398.459991,396.851776
2026-02-20,397.230011,395.626740
2026-02-23,384.470001,382.918213
2026-02-24,389.000000,387.429962
2026-02-25,400.600006,398.983124
2026-02-26,401.720001,400.098602
2026-02-27,392.739990,391.154846
2026-03-02,398.549988,396.941376
2026-03-03,403.929993,402.299683
2026-03-04,405.200012,403.564575
2026-03-05,410.679993,409.022430
2026-03-06,408.959991,407.309387
2026-03-09,409.410004,407.757568
2026-03-10,405.760010,404.122314
2026-03-11,404.880005,403.245850
2026-03-12,401.859985,400.238037
2026-03-13,395.549988,393.953491
2026-03-16,399.950012,398.335754
2026-03-17,399.410004,397.797913
2026-03-18,391.790009,390.208710
2026-03-19,389.019989,387.449860
2026-03-20,381.869995,380.328735
2026-03-23,383.000000,381.454193
2026-03-24,372.739990,371.235565
2026-03-25,371.040009,369.542450
2026-03-26,365.970001,364.492920
2026-03-27,356.769989,355.330017
2026-03-30,358.959991,357.511169
2026-03-31,370.170013,368.675964
2026-04-01,369.369995,367.879181
2026-04-02,373.459991,371.952667
2026-04-06,372.880005,371.375000
2026-04-07,372.290009,370.787415
2026-04-08,374.329987,372.819153
2026-04-09,373.070007,371.564270
2026-04-10,370.869995,369.373138
2026-04-13,384.369995,382.818634
2026-04-14,393.109985,391.523346
2026-04-15,411.220001,409.560272
2026-04-16,420.260010,418.563782
2026-04-17,422.790009,421.083588
2026-04-20,418.070007,416.382629
2026-04-21,424.160004,422.448059
2026-04-22,432.920013,431.172699
2026-04-23,415.750000,414.071960
2026-04-24,424.619995,422.906189
2026-04-27,424.820007,423.105377
2026-04-28,429.250000,427.517487
2026-04-29,424.459991,422.746796
2026-04-30,407.779999,406.134155
2026-05-01,414.440002,412.767273
2026-05-04,413.619995,411.950562
2026-05-05,411.380005,409.719635
2026-05-06,413.959991,412.289185
2026-05-07,420.769989,419.071716
2026-05-08,415.119995,413.444519
2026-05-11,412.660004,410.994446
2026-05-12,407.769989,406.124176
2026-05-13,405.209991,403.574524
2026-05-14,409.429993,407.777496
2026-05-15,421.920013,420.217072
2026-05-18,423.540009,421.830566
2026-05-19,417.420013,415.735260
2026-05-20,421.059998,419.360535
2026-05-21,419.089996,418.302521
2026-05-22,418.570007,417.783539
2026-05-26,416.029999,415.248291
2026-05-27,412.670013,411.894623
2026-05-28,426.989990,426.187683
2026-05-29,450.239990,449.394012
2026-06-01,460.519989,459.654694
2026-06-02,441.309998,440.480774
2026-06-03,427.339996,426.537048
2026-06-04,428.049988,427.245697
2026-06-05,416.670013,415.887085
2026-06-08,411.739990,410.966339
2026-06-09,403.410004,402.652008
2026-06-10,397.359985,396.613342
2026-06-11,390.339996,389.606567
2026-06-12,390.739990,390.005798
2026-06-15,399.760010,399.008881
2026-06-16,393.829987,393.089996
2026-06-17,378.910004,378.198029
2026-06-18,379.399994,378.687103
2026-06-22,367.339996,366.649780
2026-06-23,373.940002,373.237366
2026-06-24,365.459991,364.773315
2026-06-25,352.829987,352.167023
2026-06-26,372.970001,372.269196
2026-06-29,368.570007,367.877472
2026-06-30,373.019989,372.319092
2026-07-01,384.279999,383.557953
2026-07-02,390.489990,389.756256
2026-07-06,386.739990,386.013306
2026-07-07,388.839996,388.109375
2026-07-08,383.339996,382.619720
2026-07-09,384.359985,383.637787
2026-07-10,385.100006,384.376404
2026-07-13,390.989990,390.255341
2026-07-14,384.929993,384.206726
2026-07-15,395.630005,394.886627
2026-07-16,401.100006,400.346344
2026-07-17,393.820007,393.080017
2026-07-20,402.290009,401.534119
2026-07-21,397.750000,397.002625
2026-07-22,390.339996,389.606567
2026-07-23,381.579987,380.863007
2026-07-24,381.700012,380.982819
2026-07-27,389.100006,388.368896
2026-07-28,393.350006,392.610901
2026-07-29,390.540009,389.806183
2026-07-30,451.100006,450.252411
2026-07-31,464.720001,463.846802
2026-08-03,487.649994,486.733704
2026-08-04,492.809998,491.884033
2026-08-05,487.459991,486.544067
2026-08-06,499.859985,498.920746
2026-08-07,499.989990,499.050507
2026-08-10,506.059998,505.109131
2026-08-11,503.809998,502.863342
2026-08-12,492.429993,491.504730
2026-08-13,496.880005,495.946381
2026-08-14,495.399994,494.469147
2026-08-17,480.350006,479.447449
2026-08-18,481.630005,480.725037
2026-08-19,484.309998,483.399994
2026-08-20,481.149994,481.149994
2026-08-21,483.239990,483.239990
2026-08-24,487.309998,487.309998
2026-08-25,491.709991,491.709991
2026-08-26,496.369995,496.369995
2026-08-27,505.059998,505.059998
2026-08-28,513.530029,513.530029
2026-08-31,507.290009,507.290009
2026-09-01,501.019989,501.019989
2026-09-02,496.820007,496.820007
2026-09-03,510.119995,510.119995
2026-09-04,499.700012,499.700012
2026-09-08,493.950012,493.950012
2026-09-09,491.649994,491.649994
2026-09-10,492.440002,492.440002
2026-09-11,495.630005,495.630005
2026-09-14,505.410004,505.410004
2026-09-15,497.119995,497.119995
2026-09-16,490.299988,490.299988
2026-09-17,497.750000,497.750000
2026-09-18,493.779999,493.779999
2026-09-21,501.609985,501.609985
2026-09-22,498.000000,498.000000
2026-09-23,500.589996,500.589996
2026-09-24,497.929993,497.929993
2026-09-25,516.169983,516.169983
2026-09-28,509.220001,509.220001
