date,close,adjclose
2010-01-04,9.616000,9.616000
2010-01-05,9.784000,9.784000
2010-01-06,9.634000,9.634000
2010-01-07,9.249000,9.249000
2010-01-08,9.500000,9.500000
2010-01-11,9.077000,9.077000
2010-01-12,9.957000,9.957000
2010-01-13,9.809000,9.809000
2010-01-14,9.907000,9.907000
2010-01-15,10.359000,10.359000
2010-01-19,10.510000,10.510000
2010-01-20,10.244000,10.244000
2010-01-21,9.945000,9.945000
2010-01-22,9.701000,9.701000
2010-01-25,9.549000,9.549000
2010-01-26,9.735000,9.735000
2010-01-27,9.683000,9.683000
2010-01-28,9.550000,9.550000
2010-01-29,9.372000,9.372000
2010-02-01,9.437000,9.437000
2010-02-02,9.466000,9.466000
2010-02-03,9.664000,9.664000
2010-02-04,7.903000,7.903000
2010-02-05,7.913000,7.913000
2010-02-08,8.126000,8.126000
2010-02-09,8.242000,8.242000
2010-02-10,8.403000,8.403000
2010-02-11,8.454000,8.454000
2010-02-12,8.480000,8.480000
2010-02-16,8.614000,8.614000
2010-02-17,8.600000,8.600000
2010-02-18,8.504000,8.504000
2010-02-19,8.566000,8.566000
2010-02-22,8.636000,8.636000
2010-02-23,8.612000,8.612000
2010-02-24,8.719000,8.719000
2010-02-25,8.724000,8.724000
2010-02-26,8.862000,8.862000
2010-03-01,9.067000,9.067000
2010-03-02,8.831000,8.831000
2010-03-03,8.897000,8.897000
2010-03-04,8.928000,8.928000
2010-03-05,9.133000,9.133000
2010-03-08,8.654000,8.654000
2010-03-09,8.539000,8.539000
2010-03-10,8.650000,8.650000
2010-03-11,8.669000,8.669000
2010-03-12,8.748000,8.748000
2010-03-15,8.707000,8.707000
2010-03-16,8.647000,8.647000
2010-03-17,8.583000,8.583000
2010-03-18,8.502000,8.502000
2010-03-19,8.927000,8.927000
2010-03-22,8.912000,8.912000
2010-03-23,8.940000,8.940000
2010-03-24,8.751000,8.751000
2010-03-25,8.630000,8.630000
2010-03-26,8.500000,8.500000
2010-03-29,8.551000,8.551000
2010-03-30,8.556000,8.556000
2010-03-31,8.507000,8.507000
2010-04-01,8.547000,8.547000
2010-04-05,8.581000,8.581000
2010-04-06,8.593000,8.593000
2010-04-07,8.627000,8.627000
2010-04-08,8.599000,8.599000
2010-04-09,8.546000,8.546000
2010-04-12,8.442000,8.442000
2010-04-13,8.486000,8.486000
2010-04-14,8.520000,8.520000
2010-04-15,8.474000,8.474000
2010-04-16,8.429000,8.429000
2010-04-19,8.395000,8.395000
2010-04-20,8.671000,8.671000
2010-04-21,8.717000,8.717000
2010-04-22,8.749000,8.749000
2010-04-23,8.778000,8.778000
2010-04-26,8.837000,8.837000
2010-04-27,8.793000,8.793000
2010-04-28,8.868000,8.868000
2010-04-29,9.001000,9.001000
2010-04-30,7.660000,7.660000
2010-05-03,7.609000,7.609000
2010-05-04,7.459000,7.459000
2010-05-05,7.245000,7.245000
2010-05-06,6.989000,6.989000
2010-05-07,6.883000,6.883000
2010-05-10,7.131000,7.131000
2010-05-11,7.285000,7.285000
2010-05-12,7.620000,7.620000
2010-05-13,7.761000,7.761000
2010-05-14,7.709000,7.709000
2010-05-17,7.738000,7.738000
2010-05-18,7.708000,7.708000
2010-05-19,7.714000,7.714000
2010-05-20,7.468000,7.468000
2010-05-21,7.640000,7.640000
2010-05-24,7.600000,7.600000
2010-05-25,7.614000,7.614000
2010-05-26,7.496000,7.496000
2010-05-27,7.827000,7.827000
2010-05-28,7.706000,7.706000
2010-06-01,7.509000,7.509000
2010-06-02,7.610000,7.610000
2010-06-03,7.751000,7.751000
2010-06-04,7.460000,7.460000
2010-06-07,7.315000,7.315000
2010-06-08,7.226000,7.226000
2010-06-09,7.273000,7.273000
2010-06-10,7.499000,7.499000
2010-06-11,7.570000,7.570000
2010-06-14,7.581000,7.581000
2010-06-15,7.737000,7.737000
2010-06-16,7.813000,7.813000
2010-06-17,7.861000,7.861000
2010-06-18,7.851000,7.851000
2010-06-21,7.916000,7.916000
2010-06-22,7.768000,7.768000
2010-06-23,7.766000,7.766000
2010-06-24,7.571000,7.571000
2010-06-25,7.599000,7.599000
2010-06-28,7.637000,7.637000
2010-06-29,7.551000,7.551000
2010-06-30,7.509000,7.509000
2010-07-01,7.432000,7.432000
2010-07-02,7.448000,7.448000
2010-07-06,7.458000,7.458000
2010-07-07,7.495000,7.495000
2010-07-08,7.497000,7.497000
2010-07-09,7.543000,7.543000
2010-07-12,7.722000,7.722000
2010-07-13,7.924000,7.924000
2010-07-14,7.868000,7.868000
2010-07-15,7.763000,7.763000
2010-07-16,7.569000,7.569000
2010-07-19,7.724000,7.724000
2010-07-20,8.055000,8.055000
2010-07-21,7.925000,7.925000
2010-07-22,8.000000,8.000000
2010-07-23,8.150000,8.150000
2010-07-26,8.140000,8.140000
2010-07-27,8.292000,8.292000
2010-07-28,8.158000,8.158000
2010-07-29,8.005000,8.005000
2010-07-30,8.299000,8.299000
2010-08-02,8.438000,8.438000
2010-08-03,7.926000,7.926000
2010-08-04,7.913000,7.913000
2010-08-05,7.738000,7.738000
2010-08-06,7.742000,7.742000
2010-08-09,7.740000,7.740000
2010-08-10,7.619000,7.619000
2010-08-11,7.512000,7.512000
2010-08-12,7.465000,7.465000
2010-08-13,7.430000,7.430000
2010-08-16,7.359000,7.359000
2010-08-17,7.592000,7.592000
2010-08-18,7.591000,7.591000
2010-08-19,7.592000,7.592000
2010-08-20,7.693000,7.693000
2010-08-23,7.690000,7.690000
2010-08-24,7.623000,7.623000
2010-08-25,7.727000,7.727000
2010-08-26,7.643000,7.643000
2010-08-27,7.754000,7.754000
2010-08-30,7.757000,7.757000
2010-08-31,7.793000,7.793000
2010-09-01,7.999000,7.999000
2010-09-02,8.117000,8.117000
2010-09-03,8.199000,8.199000
2010-09-07,8.172000,8.172000
2010-09-08,8.254000,8.254000
2010-09-09,8.261000,8.261000
2010-09-10,8.230000,8.230000
2010-09-13,8.403000,8.403000
2010-09-14,8.391000,8.391000
2010-09-15,8.430000,8.430000
2010-09-16,8.404000,8.404000
2010-09-17,8.443000,8.443000
2010-09-20,8.687000,8.687000
2010-09-21,8.570000,8.570000
2010-09-22,8.532000,8.532000
2010-09-23,8.429000,8.429000
2010-09-24,8.724000,8.724000
2010-09-27,8.773000,8.773000
2010-09-28,8.648000,8.648000
2010-09-29,8.725000,8.725000
2010-09-30,8.661000,8.661000
2010-10-01,8.780000,8.780000
2010-10-04,8.561000,8.561000
2010-10-05,8.759000,8.759000
2010-10-06,8.792000,8.792000
2010-10-07,8.866000,8.866000
2010-10-08,8.830000,8.830000
2010-10-11,8.803000,8.803000
2010-10-12,8.797000,8.797000
2010-10-13,8.853000,8.853000
2010-10-14,8.938000,8.938000
2010-10-15,8.995000,8.995000
2010-10-18,8.951000,8.951000
2010-10-19,8.763000,8.763000
2010-10-20,8.753000,8.753000
2010-10-21,8.715000,8.715000
2010-10-22,9.056000,9.056000
2010-10-25,8.953000,8.953000
2010-10-26,8.993000,8.993000
2010-10-27,8.951000,8.951000
2010-10-28,8.962000,8.962000
2010-10-29,9.063000,9.063000
2010-11-01,9.053000,9.053000
2010-11-02,8.464000,8.464000
2010-11-03,8.541000,8.541000
2010-11-04,8.835000,8.835000
2010-11-05,8.950000,8.950000
2010-11-08,9.020000,9.020000
2010-11-09,9.034000,9.034000
2010-11-10,9.075000,9.075000
2010-11-11,9.003000,9.003000
2010-11-12,8.848000,8.848000
2010-11-15,8.953000,8.953000
2010-11-16,8.781000,8.781000
2010-11-17,8.752000,8.752000
2010-11-18,8.966000,8.966000
2010-11-19,9.035000,9.035000
2010-11-22,9.084000,9.084000
2010-11-23,8.831000,8.831000
2010-11-24,8.968000,8.968000
2010-11-26,8.937000,8.937000
2010-11-29,8.802000,8.802000
2010-11-30,8.655000,8.655000
2010-12-01,8.769000,8.769000
2010-12-02,8.886000,8.886000
2010-12-03,8.837000,8.837000
2010-12-06,8.797000,8.797000
2010-12-07,8.822000,8.822000
2010-12-08,8.809000,8.809000
2010-12-09,8.831000,8.831000
2010-12-10,8.944000,8.944000
2010-12-13,8.832000,8.832000
2010-12-14,8.839000,8.839000
2010-12-15,8.805000,8.805000
2010-12-16,8.823000,8.823000
2010-12-17,8.800000,8.800000
2010-12-20,8.749000,8.749000
2010-12-21,8.636000,8.636000
2010-12-22,8.563000,8.563000
2010-12-23,8.523000,8.523000
2010-12-27,8.532000,8.532000
2010-12-28,8.493000,8.493000
2010-12-29,8.534000,8.534000
2010-12-30,8.614000,8.614000
2010-12-31,8.547000,8.547000
2011-01-03,8.837000,8.837000
2011-01-04,8.900000,8.900000
2011-01-05,8.942000,8.942000
2011-01-06,8.941000,8.941000
2011-01-07,8.921000,8.921000
2011-01-10,8.904000,8.904000
2011-01-11,9.100000,9.100000
2011-01-12,9.106000,9.106000
2011-01-13,9.152000,9.152000
2011-01-14,9.139000,9.139000
2011-01-18,9.175000,9.175000
2011-01-19,9.146000,9.146000
2011-01-20,9.100000,9.100000
2011-01-21,9.100000,9.100000
2011-01-24,9.100000,9.100000
2011-01-25,9.301000,9.301000
2011-01-26,10.502000,10.502000
2011-01-27,10.593000,10.593000
2011-01-28,10.545000,10.545000
2011-01-31,10.636000,10.636000
2011-02-01,11.041000,11.041000
2011-02-02,11.017000,11.017000
2011-02-03,11.139000,11.139000
2011-02-04,11.176000,11.176000
2011-02-07,11.338000,11.338000
2011-02-08,11.333000,11.333000
2011-02-09,11.284000,11.284000
2011-02-10,11.508000,11.508000
2011-02-11,11.738000,11.738000
2011-02-14,11.700000,11.700000
2011-02-15,11.633000,11.633000
2011-02-16,11.788000,11.788000
2011-02-17,11.690000,11.690000
2011-02-18,11.668000,11.668000
2011-02-22,11.628000,11.628000
2011-02-23,11.472000,11.472000
2011-02-24,11.480000,11.480000
2011-02-25,11.695000,11.695000
2011-02-28,11.885000,11.885000
2011-03-01,11.499000,11.499000
2011-03-02,11.581000,11.581000
2011-03-03,12.003000,12.003000
2011-03-04,12.347000,12.347000
2011-03-07,12.177000,12.177000
2011-03-08,12.177000,12.177000
2011-03-09,12.158000,12.158000
2011-03-10,11.910000,11.910000
2011-03-11,11.741000,11.741000
2011-03-14,11.607000,11.607000
2011-03-15,11.447000,11.447000
2011-03-16,11.278000,11.278000
2011-03-17,11.243000,11.243000
2011-03-18,11.324000,11.324000
2011-03-21,11.913000,11.913000
2011-03-22,11.977000,11.977000
2011-03-23,11.953000,11.953000
2011-03-24,12.098000,12.098000
2011-03-25,12.105000,12.105000
2011-03-28,12.283000,12.283000
2011-03-29,12.300000,12.300000
2011-03-30,13.369000,13.369000
2011-03-31,13.448000,13.448000
2011-04-01,13.765000,13.765000
2011-04-04,13.792000,13.792000
2011-04-05,13.735000,13.735000
2011-04-06,13.448000,13.448000
2011-04-07,13.346000,13.346000
2011-04-08,13.214000,13.214000
2011-04-11,13.138000,13.138000
2011-04-12,12.913000,12.913000
2011-04-13,12.998000,12.998000
2011-04-14,13.000000,13.000000
2011-04-15,12.900000,12.900000
2011-04-18,12.686000,12.686000
2011-04-19,12.588000,12.588000
2011-04-20,13.179000,13.179000
2011-04-21,13.168000,13.168000
2011-04-25,13.004000,13.004000
2011-04-26,13.139000,13.139000
2011-04-27,14.004000,14.004000
2011-04-28,13.900000,13.900000
2011-04-29,14.130000,14.130000
2011-05-02,14.069000,14.069000
2011-05-03,13.670000,13.670000
2011-05-04,14.027000,14.027000
2011-05-05,13.477000,13.477000
2011-05-06,13.529000,13.529000
2011-05-09,13.493000,13.493000
2011-05-10,13.665000,13.665000
2011-05-11,13.637000,13.637000
2011-05-12,13.796000,13.796000
2011-05-13,13.530000,13.530000
2011-05-16,13.178000,13.178000
2011-05-17,13.100000,13.100000
2011-05-18,13.150000,13.150000
2011-05-19,13.827000,13.827000
2011-05-20,13.883000,13.883000
2011-05-23,13.542000,13.542000
2011-05-24,13.410000,13.410000
2011-05-25,13.644000,13.644000
2011-05-26,13.600000,13.600000
2011-05-27,14.571000,14.571000
2011-05-31,14.619000,14.619000
2011-06-01,14.969000,14.969000
2011-06-02,14.319000,14.319000
2011-06-03,14.337000,14.337000
2011-06-06,14.200000,14.200000
2011-06-07,14.073000,14.073000
2011-06-08,14.139000,14.139000
2011-06-09,14.245000,14.245000
2011-06-10,13.983000,13.983000
2011-06-13,13.981000,13.981000
2011-06-14,14.273000,14.273000
2011-06-15,14.140000,14.140000
2011-06-16,14.277000,14.277000
2011-06-17,14.050000,14.050000
2011-06-20,13.966000,13.966000
2011-06-21,14.530000,14.530000
2011-06-22,14.968000,14.968000
2011-06-23,15.879000,15.879000
2011-06-24,15.774000,15.774000
2011-06-27,16.023001,16.023001
2011-06-28,16.278000,16.278000
2011-06-29,16.343000,16.343000
2011-06-30,16.268000,16.268000
2011-07-01,16.641001,16.641001
2011-07-05,16.773001,16.773001
2011-07-06,16.575001,16.575001
2011-07-07,16.641001,16.641001
2011-07-08,16.472000,16.472000
2011-07-11,15.992000,15.992000
2011-07-12,15.663000,15.663000
2011-07-13,16.322001,16.322001
2011-07-14,17.131001,17.131001
2011-07-15,16.969000,16.969000
2011-07-18,16.881001,16.881001
2011-07-19,17.598000,17.598000
2011-07-20,17.410000,17.410000
2011-07-21,17.058001,17.058001
2011-07-22,17.167999,17.167999
2011-07-25,16.941999,16.941999
2011-07-26,16.712000,16.712000
2011-07-27,16.313000,16.313000
2011-07-28,15.949000,15.949000
2011-07-29,15.937000,15.937000
2011-08-01,15.999000,15.999000
2011-08-02,15.192000,15.192000
2011-08-03,14.737000,14.737000
2011-08-04,13.704000,13.704000
2011-08-05,12.840000,12.840000
2011-08-08,11.568000,11.568000
2011-08-09,12.323000,12.323000
2011-08-10,11.372000,11.372000
2011-08-11,11.979000,11.979000
2011-08-12,12.262000,12.262000
2011-08-15,12.743000,12.743000
2011-08-16,12.470000,12.470000
2011-08-17,11.991000,11.991000
2011-08-18,10.800000,10.800000
2011-08-19,10.592000,10.592000
2011-08-22,10.722000,10.722000
2011-08-23,11.345000,11.345000
2011-08-24,11.623000,11.623000
2011-08-25,11.093000,11.093000
2011-08-26,11.476000,11.476000
2011-08-29,12.168000,12.168000
2011-08-30,12.124000,12.124000
2011-08-31,12.288000,12.288000
2011-09-01,11.837000,11.837000
2011-09-02,11.101000,11.101000
2011-09-06,10.943000,10.943000
2011-09-07,11.197000,11.197000
2011-09-08,10.885000,10.885000
2011-09-09,10.423000,10.423000
2011-09-12,10.579000,10.579000
2011-09-13,11.329000,11.329000
2011-09-14,11.830000,11.830000
2011-09-15,11.876000,11.876000
2011-09-16,12.160000,12.160000
2011-09-19,11.910000,11.910000
2011-09-20,11.508000,11.508000
2011-09-21,11.475000,11.475000
2011-09-22,10.820000,10.820000
2011-09-23,11.541000,11.541000
2011-09-26,11.839000,11.839000
2011-09-27,12.233000,12.233000
2011-09-28,11.658000,11.658000
2011-09-29,11.694000,11.694000
2011-09-30,11.407000,11.407000
2011-10-03,10.510000,10.510000
2011-10-04,11.259000,11.259000
2011-10-05,11.700000,11.700000
2011-10-06,11.700000,11.700000
2011-10-07,11.599000,11.599000
2011-10-10,11.881000,11.881000
2011-10-11,12.203000,12.203000
2011-10-12,12.450000,12.450000
2011-10-13,12.903000,12.903000
2011-10-14,13.578000,13.578000
2011-10-17,13.113000,13.113000
2011-10-18,13.240000,13.240000
2011-10-19,13.055000,13.055000
2011-10-20,13.110000,13.110000
2011-10-21,13.304000,13.304000
2011-10-24,13.825000,13.825000
2011-10-25,13.353000,13.353000
2011-10-26,13.396000,13.396000
2011-10-27,14.160000,14.160000
2011-10-28,14.336000,14.336000
2011-10-31,13.177000,13.177000
2011-11-01,11.654000,11.654000
2011-11-02,11.728000,11.728000
2011-11-03,11.770000,11.770000
2011-11-04,11.637000,11.637000
2011-11-07,11.630000,11.630000
2011-11-08,11.992000,11.992000
2011-11-09,11.797000,11.797000
2011-11-10,12.405000,12.405000
2011-11-11,12.981000,12.981000
2011-11-14,12.933000,12.933000
2011-11-15,13.294000,13.294000
2011-11-16,13.145000,13.145000
2011-11-17,12.700000,12.700000
2011-11-18,12.446000,12.446000
2011-11-21,12.211000,12.211000
2011-11-22,11.902000,11.902000
2011-11-23,11.298000,11.298000
2011-11-25,10.972000,10.972000
2011-11-28,11.825000,11.825000
2011-11-29,11.810000,11.810000
2011-11-30,12.313000,12.313000
2011-12-01,12.227000,12.227000
2011-12-02,12.132000,12.132000
2011-12-05,12.585000,12.585000
2011-12-06,12.454000,12.454000
2011-12-07,12.293000,12.293000
2011-12-08,11.937000,11.937000
2011-12-09,12.147000,12.147000
2011-12-12,12.055000,12.055000
2011-12-13,11.460000,11.460000
2011-12-14,10.651000,10.651000
2011-12-15,10.686000,10.686000
2011-12-16,10.868000,10.868000
2011-12-19,10.535000,10.535000
2011-12-20,10.715000,10.715000
2011-12-21,10.479000,10.479000
2011-12-22,10.727000,10.727000
2011-12-23,10.735000,10.735000
2011-12-27,10.720000,10.720000
2011-12-28,10.552000,10.552000
2011-12-29,10.898000,10.898000
2011-12-30,10.832000,10.832000
2012-01-03,11.128000,11.128000
2012-01-04,10.699000,10.699000
2012-01-05,10.573000,10.573000
2012-01-06,10.737000,10.737000
2012-01-09,10.499000,10.499000
2012-01-10,10.624000,10.624000
2012-01-11,10.632000,10.632000
2012-01-12,10.534000,10.534000
2012-01-13,10.624000,10.624000
2012-01-17,10.465000,10.465000
2012-01-18,10.855000,10.855000
2012-01-19,11.090000,11.090000
2012-01-20,11.521000,11.521000
2012-01-23,11.125000,11.125000
2012-01-24,11.163000,11.163000
2012-01-25,11.239000,11.239000
2012-01-26,11.162000,11.162000
2012-01-27,11.465000,11.465000
2012-01-30,11.552000,11.552000
2012-01-31,11.512000,11.512000
2012-02-01,11.919000,11.919000
2012-02-02,12.362000,12.362000
2012-02-03,12.645000,12.645000
2012-02-06,12.505000,12.505000
2012-02-07,12.380000,12.380000
2012-02-08,12.354000,12.354000
2012-02-09,12.532000,12.532000
2012-02-10,12.272000,12.272000
2012-02-13,12.486000,12.486000
2012-02-14,12.373000,12.373000
2012-02-15,12.359000,12.359000
2012-02-16,12.906000,12.906000
2012-02-17,12.610000,12.610000
2012-02-21,13.443000,13.443000
2012-02-22,13.458000,13.458000
2012-02-23,13.835000,13.835000
2012-02-24,13.782000,13.782000
2012-02-27,13.630000,13.630000
2012-02-28,13.527000,13.527000
2012-02-29,13.559000,13.559000
2012-03-01,13.938000,13.938000
2012-03-02,13.547000,13.547000
2012-03-05,13.264000,13.264000
2012-03-06,12.912000,12.912000
2012-03-07,12.890000,12.890000
2012-03-08,13.135000,13.135000
2012-03-09,13.125000,13.125000
2012-03-12,13.199000,13.199000
2012-03-13,13.655000,13.655000
2012-03-14,13.148000,13.148000
2012-03-15,13.104000,13.104000
2012-03-16,13.075000,13.075000
2012-03-19,13.452000,13.452000
2012-03-20,13.409000,13.409000
2012-03-21,14.018000,14.018000
2012-03-22,13.799000,13.799000
2012-03-23,13.893000,13.893000
2012-03-26,14.139000,14.139000
2012-03-27,13.987000,13.987000
2012-03-28,13.893000,13.893000
2012-03-29,13.880000,13.880000
2012-03-30,14.000000,14.000000
2012-04-02,14.320000,14.320000
2012-04-03,14.749000,14.749000
2012-04-04,14.518000,14.518000
2012-04-05,14.526000,14.526000
2012-04-09,14.334000,14.334000
2012-04-10,14.210000,14.210000
2012-04-11,14.404000,14.404000
2012-04-12,14.681000,14.681000
2012-04-13,14.710000,14.710000
2012-04-16,14.620000,14.620000
2012-04-17,14.891000,14.891000
2012-04-18,14.495000,14.495000
2012-04-19,14.588000,14.588000
2012-04-20,14.520000,14.520000
2012-04-23,14.081000,14.081000
2012-04-24,13.832000,13.832000
2012-04-25,14.103000,14.103000
2012-04-26,14.196000,14.196000
2012-04-27,14.111000,14.111000
2012-04-30,13.978000,13.978000
2012-05-01,14.022000,14.022000
2012-05-02,14.204000,14.204000
2012-05-03,15.624000,15.624000
2012-05-04,15.232000,15.232000
2012-05-07,14.932000,14.932000
2012-05-08,14.743000,14.743000
2012-05-09,14.578000,14.578000
2012-05-10,14.214000,14.214000
2012-05-11,14.284000,14.284000
2012-05-14,14.103000,14.103000
2012-05-15,14.153000,14.153000
2012-05-16,13.796000,13.796000
2012-05-17,13.600000,13.600000
2012-05-18,12.905000,12.905000
2012-05-21,13.169000,13.169000
2012-05-22,13.039000,13.039000
2012-05-23,13.081000,13.081000
2012-05-24,12.694000,12.694000
2012-05-25,12.676000,12.676000
2012-05-29,12.708000,12.708000
2012-05-30,12.208000,12.208000
2012-05-31,12.198000,12.198000
2012-06-01,11.890000,11.890000
2012-06-04,11.993000,11.993000
2012-06-05,12.011000,12.011000
2012-06-06,12.359000,12.359000
2012-06-07,12.197000,12.197000
2012-06-08,12.216000,12.216000
2012-06-11,12.064000,12.064000
2012-06-12,11.953000,11.953000
2012-06-13,11.761000,11.761000
2012-06-14,12.014000,12.014000
2012-06-15,12.433000,12.433000
2012-06-18,12.499000,12.499000
2012-06-19,12.741000,12.741000
2012-06-20,12.890000,12.890000
2012-06-21,12.460000,12.460000
2012-06-22,12.914000,12.914000
2012-06-25,12.525000,12.525000
2012-06-26,12.699000,12.699000
2012-06-27,12.962000,12.962000
2012-06-28,12.811000,12.811000
2012-06-29,12.986000,12.986000
2012-07-02,13.026000,13.026000
2012-07-03,13.287000,13.287000
2012-07-05,13.493000,13.493000
2012-07-06,11.957000,11.957000
2012-07-09,11.822000,11.822000
2012-07-10,11.332000,11.332000
2012-07-11,11.349000,11.349000
2012-07-12,11.481000,11.481000
2012-07-13,11.656000,11.656000
2012-07-16,11.664000,11.664000
2012-07-17,11.474000,11.474000
2012-07-18,12.000000,12.000000
2012-07-19,11.981000,11.981000
2012-07-20,11.533000,11.533000
2012-07-23,11.581000,11.581000
2012-07-24,11.335000,11.335000
2012-07-25,11.378000,11.378000
2012-07-26,11.348000,11.348000
2012-07-27,11.708000,11.708000
2012-07-30,11.888000,11.888000
2012-07-31,11.646000,11.646000
2012-08-01,11.768000,11.768000
2012-08-02,11.762000,11.762000
2012-08-03,12.233000,12.233000
2012-08-06,12.408000,12.408000
2012-08-07,12.575000,12.575000
2012-08-08,12.645000,12.645000
2012-08-09,12.634000,12.634000
2012-08-10,12.764000,12.764000
2012-08-13,12.649000,12.649000
2012-08-14,12.426000,12.426000
2012-08-15,12.437000,12.437000
2012-08-16,12.637000,12.637000
2012-08-17,12.681000,12.681000
2012-08-20,12.612000,12.612000
2012-08-21,12.833000,12.833000
2012-08-22,12.619000,12.619000
2012-08-23,12.443000,12.443000
2012-08-24,12.458000,12.458000
2012-08-27,12.549000,12.549000
2012-08-28,12.553000,12.553000
2012-08-29,12.656000,12.656000
2012-08-30,12.580000,12.580000
2012-08-31,12.551000,12.551000
2012-09-04,12.540000,12.540000
2012-09-05,12.598000,12.598000
2012-09-06,12.828000,12.828000
2012-09-07,12.989000,12.989000
2012-09-10,12.888000,12.888000
2012-09-11,12.983000,12.983000
2012-09-12,13.037000,13.037000
2012-09-13,13.211000,13.211000
2012-09-14,13.305000,13.305000
2012-09-17,13.419000,13.419000
2012-09-18,13.479000,13.479000
2012-09-19,13.435000,13.435000
2012-09-20,13.452000,13.452000
2012-09-21,13.492000,13.492000
2012-09-24,13.495000,13.495000
2012-09-25,13.331000,13.331000
2012-09-26,13.172000,13.172000
2012-09-27,13.411000,13.411000
2012-09-28,13.407000,13.407000
2012-10-01,13.312000,13.312000
2012-10-02,13.141000,13.141000
2012-10-03,12.981000,12.981000
2012-10-04,12.617000,12.617000
2012-10-05,12.440000,12.440000
2012-10-08,12.239000,12.239000
2012-10-09,11.995000,11.995000
2012-10-10,11.921000,11.921000
2012-10-11,11.899000,11.899000
2012-10-12,11.826000,11.826000
2012-10-15,11.968000,11.968000
2012-10-16,12.102000,12.102000
2012-10-17,11.905000,11.905000
2012-10-18,11.893000,11.893000
2012-10-19,11.814000,11.814000
2012-10-22,11.998000,11.998000
2012-10-23,11.162000,11.162000
2012-10-24,11.106000,11.106000
2012-10-25,11.213000,11.213000
2012-10-26,10.981000,10.981000
2012-10-31,9.447000,9.447000
2012-11-01,9.744000,9.744000
2012-11-02,9.647000,9.647000
2012-11-05,9.861000,9.861000
2012-11-06,9.837000,9.837000
2012-11-07,9.650000,9.650000
2012-11-08,9.574000,9.574000
2012-11-09,9.562000,9.562000
2012-11-12,9.533000,9.533000
2012-11-13,9.457000,9.457000
2012-11-14,9.272000,9.272000
2012-11-15,9.315000,9.315000
2012-11-16,9.178000,9.178000
2012-11-19,8.712000,8.712000
2012-11-20,8.545000,8.545000
2012-11-21,8.527000,8.527000
2012-11-23,8.630000,8.630000
2012-11-26,8.670000,8.670000
2012-11-27,8.675000,8.675000
2012-11-28,8.704000,8.704000
2012-11-29,8.853000,8.853000
2012-11-30,8.849000,8.849000
2012-12-03,8.869000,8.869000
2012-12-04,8.877000,8.877000
2012-12-05,8.828000,8.828000
2012-12-06,8.858000,8.858000
2012-12-07,8.856000,8.856000
2012-12-10,9.018000,9.018000
2012-12-11,9.145000,9.145000
2012-12-12,9.187000,9.187000
2012-12-13,9.197000,9.197000
2012-12-14,9.100000,9.100000
2012-12-17,9.340000,9.340000
2012-12-18,9.521000,9.521000
2012-12-19,9.423000,9.423000
2012-12-20,9.504000,9.504000
2012-12-21,9.616000,9.616000
2012-12-24,9.585000,9.585000
2012-12-26,9.419000,9.419000
2012-12-27,9.393000,9.393000
2012-12-28,9.355000,9.355000
2012-12-31,9.338000,9.338000
2013-01-02,9.549000,9.549000
2013-01-03,9.245000,9.245000
2013-01-04,9.299000,9.299000
2013-01-07,9.367000,9.367000
2013-01-08,9.245000,9.245000
2013-01-09,9.323000,9.323000
2013-01-10,9.341000,9.341000
2013-01-11,9.394000,9.394000
2013-01-14,9.433000,9.433000
2013-01-15,9.484000,9.484000
2013-01-16,9.426000,9.426000
2013-01-17,9.426000,9.426000
2013-01-18,9.379000,9.379000
2013-01-22,9.308000,9.308000
2013-01-23,9.446000,9.446000
2013-01-24,9.525000,9.525000
2013-01-25,10.181000,10.181000
2013-01-28,9.939000,9.939000
2013-01-29,10.011000,10.011000
2013-01-30,10.074000,10.074000
2013-01-31,10.027000,10.027000
2013-02-01,10.236000,10.236000
2013-02-04,9.916000,9.916000
2013-02-05,10.073000,10.073000
2013-02-06,9.904000,9.904000
2013-02-07,9.808000,9.808000
2013-02-08,9.893000,9.893000
2013-02-11,9.805000,9.805000
2013-02-12,9.976000,9.976000
2013-02-13,9.977000,9.977000
2013-02-14,9.897000,9.897000
2013-02-15,10.408000,10.408000
2013-02-19,10.666000,10.666000
2013-02-20,10.271000,10.271000
2013-02-21,10.093000,10.093000
2013-02-22,10.225000,10.225000
2013-02-25,9.909000,9.909000
2013-02-26,10.318000,10.318000
2013-02-27,10.219000,10.219000
2013-02-28,10.188000,10.188000
2013-03-01,10.309000,10.309000
2013-03-04,10.305000,10.305000
2013-03-05,11.345000,11.345000
2013-03-06,11.265000,11.265000
2013-03-07,11.208000,11.208000
2013-03-08,11.419000,11.419000
2013-03-11,11.269000,11.269000
2013-03-12,11.269000,11.269000
2013-03-13,11.280000,11.280000
2013-03-14,11.293000,11.293000
2013-03-15,11.228000,11.228000
2013-03-18,10.899000,10.899000
2013-03-19,10.745000,10.745000
2013-03-20,10.847000,10.847000
2013-03-21,10.807000,10.807000
2013-03-22,10.386000,10.386000
2013-03-25,10.176000,10.176000
2013-03-26,10.261000,10.261000
2013-03-27,10.100000,10.100000
2013-03-28,10.108000,10.108000
2013-04-01,10.303000,10.303000
2013-04-02,10.253000,10.253000
2013-04-03,10.144000,10.144000
2013-04-04,10.103000,10.103000
2013-04-05,10.054000,10.054000
2013-04-08,10.145000,10.145000
2013-04-09,10.119000,10.119000
2013-04-10,10.479000,10.479000
2013-04-11,10.306000,10.306000
2013-04-12,10.288000,10.288000
2013-04-15,10.018000,10.018000
2013-04-16,10.014000,10.014000
2013-04-17,9.817000,9.817000
2013-04-18,9.736000,9.736000
2013-04-19,9.576000,9.576000
2013-04-22,9.617000,9.617000
2013-04-23,9.788000,9.788000
2013-04-24,9.683000,9.683000
2013-04-25,9.823000,9.823000
2013-04-26,9.771000,9.771000
2013-04-29,9.930000,9.930000
2013-04-30,9.019000,9.019000
2013-05-01,8.922000,8.922000
2013-05-02,9.000000,9.000000
2013-05-03,9.114000,9.114000
2013-05-06,9.103000,9.103000
2013-05-07,9.167000,9.167000
2013-05-08,9.192000,9.192000
2013-05-09,9.148000,9.148000
2013-05-10,9.470000,9.470000
2013-05-13,9.449000,9.449000
2013-05-14,9.486000,9.486000
2013-05-15,9.309000,9.309000
2013-05-16,9.435000,9.435000
2013-05-17,9.595000,9.595000
2013-05-20,9.417000,9.417000
2013-05-21,9.323000,9.323000
2013-05-22,9.057000,9.057000
2013-05-23,9.129000,9.129000
2013-05-24,9.241000,9.241000
2013-05-28,9.234000,9.234000
2013-05-29,9.146000,9.146000
2013-05-30,9.316000,9.316000
2013-05-31,9.148000,9.148000
2013-06-03,9.109000,9.109000
2013-06-04,9.052000,9.052000
2013-06-05,9.053000,9.053000
2013-06-06,9.010000,9.010000
2013-06-07,8.971000,8.971000
2013-06-10,8.969000,8.969000
2013-06-11,8.812000,8.812000
2013-06-12,8.814000,8.814000
2013-06-13,9.005000,9.005000
2013-06-14,9.094000,9.094000
2013-06-17,8.921000,8.921000
2013-06-18,8.957000,8.957000
2013-06-19,8.794000,8.794000
2013-06-20,8.664000,8.664000
2013-06-21,8.427000,8.427000
2013-06-24,8.483000,8.483000
2013-06-25,8.431000,8.431000
2013-06-26,8.408000,8.408000
2013-06-27,8.558000,8.558000
2013-06-28,8.696000,8.696000
2013-07-01,8.777000,8.777000
2013-07-02,8.880000,8.880000
2013-07-03,8.861000,8.861000
2013-07-05,8.974000,8.974000
2013-07-08,8.996000,8.996000
2013-07-09,9.223000,9.223000
2013-07-10,9.528000,9.528000
2013-07-11,9.834000,9.834000
2013-07-12,9.771000,9.771000
2013-07-15,9.659000,9.659000
2013-07-16,9.661000,9.661000
2013-07-17,9.703000,9.703000
2013-07-18,9.726000,9.726000
2013-07-19,9.677000,9.677000
2013-07-22,9.637000,9.637000
2013-07-23,9.692000,9.692000
2013-07-24,9.735000,9.735000
2013-07-25,9.820000,9.820000
2013-07-26,9.737000,9.737000
2013-07-29,9.657000,9.657000
2013-07-30,9.594000,9.594000
2013-07-31,9.501000,9.501000
2013-08-01,9.677000,9.677000
2013-08-02,9.510000,9.510000
2013-08-05,9.735000,9.735000
2013-08-06,9.618000,9.618000
2013-08-07,9.575000,9.575000
2013-08-08,9.725000,9.725000
2013-08-09,9.935000,9.935000
2013-08-12,10.023000,10.023000
2013-08-13,10.092000,10.092000
2013-08-14,10.049000,10.049000
2013-08-15,9.752000,9.752000
2013-08-16,9.631000,9.631000
2013-08-19,9.511000,9.511000
2013-08-20,9.490000,9.490000
2013-08-21,9.413000,9.413000
2013-08-22,9.490000,9.490000
2013-08-23,9.510000,9.510000
2013-08-26,9.485000,9.485000
2013-08-27,9.247000,9.247000
2013-08-28,9.188000,9.188000
2013-08-29,9.233000,9.233000
2013-08-30,9.181000,9.181000
2013-09-03,9.170000,9.170000
2013-09-04,9.264000,9.264000
2013-09-05,9.284000,9.284000
2013-09-06,9.340000,9.340000
2013-09-09,9.652000,9.652000
2013-09-10,9.822000,9.822000
2013-09-11,10.286000,10.286000
2013-09-12,10.539000,10.539000
2013-09-13,10.617000,10.617000
2013-09-16,10.455000,10.455000
2013-09-17,10.521000,10.521000
2013-09-18,10.556000,10.556000
2013-09-19,10.395000,10.395000
2013-09-20,10.855000,10.855000
2013-09-23,10.505000,10.505000
2013-09-24,10.477000,10.477000
2013-09-25,10.461000,10.461000
2013-09-26,10.442000,10.442000
2013-09-27,10.383000,10.383000
2013-09-30,10.376000,10.376000
2013-10-01,10.711000,10.711000
2013-10-02,10.706000,10.706000
2013-10-03,10.419000,10.419000
2013-10-04,10.556000,10.556000
2013-10-07,10.239000,10.239000
2013-10-08,10.098000,10.098000
2013-10-09,9.906000,9.906000
2013-10-10,10.045000,10.045000
2013-10-11,10.259000,10.259000
2013-10-14,10.245000,10.245000
2013-10-15,9.619000,9.619000
2013-10-16,9.739000,9.739000
2013-10-17,9.980000,9.980000
2013-10-18,10.018000,10.018000
2013-10-21,9.872000,9.872000
2013-10-22,9.991000,9.991000
2013-10-23,9.914000,9.914000
2013-10-24,10.133000,10.133000
2013-10-25,10.024000,10.024000
2013-10-28,10.062000,10.062000
2013-10-29,11.917000,11.917000
2013-10-30,12.535000,12.535000
2013-10-31,12.199000,12.199000
2013-11-01,12.228000,12.228000
2013-11-04,12.656000,12.656000
2013-11-05,12.668000,12.668000
2013-11-06,12.438000,12.438000
2013-11-07,12.288000,12.288000
2013-11-08,12.423000,12.423000
2013-11-11,12.566000,12.566000
2013-11-12,12.640000,12.640000
2013-11-13,12.900000,12.900000
2013-11-14,12.675000,12.675000
2013-11-15,12.698000,12.698000
2013-11-18,12.612000,12.612000
2013-11-19,12.450000,12.450000
2013-11-20,12.507000,12.507000
2013-11-21,12.651000,12.651000
2013-11-22,12.663000,12.663000
2013-11-25,12.520000,12.520000
2013-11-26,12.882000,12.882000
2013-11-27,12.875000,12.875000
2013-11-29,12.933000,12.933000
2013-12-02,12.543000,12.543000
2013-12-03,12.712000,12.712000
2013-12-04,12.725000,12.725000
2013-12-05,12.816000,12.816000
2013-12-06,12.658000,12.658000
2013-12-09,12.763000,12.763000
2013-12-10,12.404000,12.404000
2013-12-11,12.295000,12.295000
2013-12-12,12.219000,12.219000
2013-12-13,12.419000,12.419000
2013-12-16,12.499000,12.499000
2013-12-17,12.400000,12.400000
2013-12-18,12.480000,12.480000
2013-12-19,12.236000,12.236000
2013-12-20,12.232000,12.232000
2013-12-23,12.495000,12.495000
2013-12-24,12.489000,12.489000
2013-12-26,12.453000,12.453000
2013-12-27,12.471000,12.471000
2013-12-30,12.381000,12.381000
2013-12-31,12.424000,12.424000
2014-01-02,12.353000,12.353000
2014-01-03,12.326000,12.326000
2014-01-06,12.144000,12.144000
2014-01-07,12.296000,12.296000
2014-01-08,12.244000,12.244000
2014-01-09,12.127000,12.127000
2014-01-10,12.307000,12.307000
2014-01-13,12.114000,12.114000
2014-01-14,12.362000,12.362000
2014-01-15,12.404000,12.404000
2014-01-16,12.284000,12.284000
2014-01-17,12.293000,12.293000
2014-01-21,12.390000,12.390000
2014-01-22,12.235000,12.235000
2014-01-23,12.191000,12.191000
2014-01-24,11.912000,11.912000
2014-01-27,11.625000,11.625000
2014-01-28,12.599000,12.599000
2014-01-29,12.103000,12.103000
2014-01-30,12.563000,12.563000
2014-01-31,12.570000,12.570000
2014-02-03,12.341000,12.341000
2014-02-04,12.409000,12.409000
2014-02-05,12.385000,12.385000
2014-02-06,12.373000,12.373000
2014-02-07,12.402000,12.402000
2014-02-10,12.312000,12.312000
2014-02-11,12.332000,12.332000
2014-02-12,12.301000,12.301000
2014-02-13,13.024000,13.024000
2014-02-14,13.017000,13.017000
2014-02-18,13.123000,13.123000
2014-02-19,12.954000,12.954000
2014-02-20,13.163000,13.163000
2014-02-21,13.211000,13.211000
2014-02-24,13.200000,13.200000
2014-02-25,13.070000,13.070000
2014-02-26,13.210000,13.210000
2014-02-27,13.445000,13.445000
2014-02-28,12.913000,12.913000
2014-03-03,12.890000,12.890000
2014-03-04,12.999000,12.999000
2014-03-05,12.807000,12.807000
2014-03-06,13.234000,13.234000
2014-03-07,13.136000,13.136000
2014-03-10,12.891000,12.891000
2014-03-11,12.739000,12.739000
2014-03-12,12.756000,12.756000
2014-03-13,12.455000,12.455000
2014-03-14,12.569000,12.569000
2014-03-17,12.706000,12.706000
2014-03-18,12.921000,12.921000
2014-03-19,12.722000,12.722000
2014-03-20,12.572000,12.572000
2014-03-21,12.435000,12.435000
2014-03-24,11.869000,11.869000
2014-03-25,11.629000,11.629000
2014-03-26,11.522000,11.522000
2014-03-27,11.402000,11.402000
2014-03-28,11.350000,11.350000
2014-03-31,11.539000,11.539000
2014-04-01,11.626000,11.626000
2014-04-02,11.673000,11.673000
2014-04-03,11.495000,11.495000
2014-04-04,11.166000,11.166000
2014-04-07,10.878000,10.878000
2014-04-08,10.460000,10.460000
2014-04-09,10.842000,10.842000
2014-04-10,10.405000,10.405000
2014-04-11,10.054000,10.054000
2014-04-14,10.109000,10.109000
2014-04-15,10.209000,10.209000
2014-04-16,10.284000,10.284000
2014-04-17,10.450000,10.450000
2014-04-21,10.204000,10.204000
2014-04-22,10.821000,10.821000
2014-04-23,10.721000,10.721000
2014-04-24,12.676000,12.676000
2014-04-25,12.080000,12.080000
2014-04-28,12.000000,12.000000
2014-04-29,11.637000,11.637000
2014-04-30,12.143000,12.143000
2014-05-01,12.088000,12.088000
2014-05-02,11.902000,11.902000
2014-05-05,11.785000,11.785000
2014-05-06,11.786000,11.786000
2014-05-07,11.756000,11.756000
2014-05-08,11.618000,11.618000
2014-05-09,12.142000,12.142000
2014-05-12,12.529000,12.529000
2014-05-13,12.395000,12.395000
2014-05-14,12.204000,12.204000
2014-05-15,12.927000,12.927000
2014-05-16,13.163000,13.163000
2014-05-19,13.888000,13.888000
2014-05-20,13.789000,13.789000
2014-05-21,14.073000,14.073000
2014-05-22,14.201000,14.201000
2014-05-23,14.262000,14.262000
2014-05-27,14.481000,14.481000
2014-05-28,14.198000,14.198000
2014-05-29,14.255000,14.255000
2014-05-30,14.112000,14.112000
2014-06-02,14.007000,14.007000
2014-06-03,14.184000,14.184000
2014-06-04,14.020000,14.020000
2014-06-05,14.220000,14.220000
2014-06-06,14.304000,14.304000
2014-06-09,14.332000,14.332000
2014-06-10,14.209000,14.209000
2014-06-11,14.128000,14.128000
2014-06-12,14.274000,14.274000
2014-06-13,14.328000,14.328000
2014-06-16,14.422000,14.422000
2014-06-17,14.343000,14.343000
2014-06-18,14.320000,14.320000
2014-06-19,14.398000,14.398000
2014-06-20,14.460000,14.460000
2014-06-23,14.408000,14.408000
2014-06-24,13.987000,13.987000
2014-06-25,13.993000,13.993000
2014-06-26,13.944000,13.944000
2014-06-27,14.075000,14.075000
2014-06-30,14.062000,14.062000
2014-07-01,14.239000,14.239000
2014-07-02,14.224000,14.224000
2014-07-03,14.360000,14.360000
2014-07-07,13.980000,13.980000
2014-07-08,13.895000,13.895000
2014-07-09,13.888000,13.888000
2014-07-10,13.660000,13.660000
2014-07-11,14.055000,14.055000
2014-07-14,14.214000,14.214000
2014-07-15,13.990000,13.990000
2014-07-16,13.927000,13.927000
2014-07-17,13.936000,13.936000
2014-07-18,13.955000,13.955000
2014-07-21,13.806000,13.806000
2014-07-22,13.990000,13.990000
2014-07-23,13.837000,13.837000
2014-07-24,14.145000,14.145000
2014-07-25,13.865000,13.865000
2014-07-28,13.753000,13.753000
2014-07-29,15.037000,15.037000
2014-07-30,14.974000,14.974000
2014-07-31,14.313000,14.313000
2014-08-01,14.021000,14.021000
2014-08-04,14.388000,14.388000
2014-08-05,14.432000,14.432000
2014-08-06,14.420000,14.420000
2014-08-07,14.290000,14.290000
2014-08-08,14.286000,14.286000
2014-08-11,14.051000,14.051000
2014-08-12,13.779000,13.779000
2014-08-13,13.701000,13.701000
2014-08-14,13.552000,13.552000
2014-08-15,13.486000,13.486000
2014-08-18,13.796000,13.796000
2014-08-19,13.868000,13.868000
2014-08-20,13.733000,13.733000
2014-08-21,13.704000,13.704000
2014-08-22,13.674000,13.674000
2014-08-25,13.590000,13.590000
2014-08-26,13.958000,13.958000
2014-08-27,13.867000,13.867000
2014-08-28,13.773000,13.773000
2014-08-29,13.893000,13.893000
2014-09-02,13.911000,13.911000
2014-09-03,14.083000,14.083000
2014-09-04,13.777000,13.777000
2014-09-05,13.821000,13.821000
2014-09-08,14.291000,14.291000
2014-09-09,13.999000,13.999000
2014-09-10,14.037000,14.037000
2014-09-11,14.162000,14.162000
2014-09-12,13.926000,13.926000
2014-09-15,13.666000,13.666000
2014-09-16,13.901000,13.901000
2014-09-17,13.928000,13.928000
2014-09-18,13.963000,13.963000
2014-09-19,13.729000,13.729000
2014-09-22,13.388000,13.388000
2014-09-23,13.175000,13.175000
2014-09-24,13.473000,13.473000
2014-09-25,13.030000,13.030000
2014-09-26,13.122000,13.122000
2014-09-29,13.360000,13.360000
2014-09-30,13.084000,13.084000
2014-10-01,12.859000,12.859000
2014-10-02,13.374000,13.374000
2014-10-03,13.679000,13.679000
2014-10-06,13.654000,13.654000
2014-10-07,13.569000,13.569000
2014-10-08,13.719000,13.719000
2014-10-09,13.562000,13.562000
2014-10-10,14.756000,14.756000
2014-10-13,14.703000,14.703000
2014-10-14,14.541000,14.541000
2014-10-15,14.453000,14.453000
2014-10-16,14.492000,14.492000
2014-10-17,14.530000,14.530000
2014-10-20,14.988000,14.988000
2014-10-21,15.134000,15.134000
2014-10-22,14.865000,14.865000
2014-10-23,15.426000,15.426000
2014-10-24,15.750000,15.750000
2014-10-27,15.420000,15.420000
2014-10-28,15.811000,15.811000
2014-10-29,16.000000,16.000000
2014-10-30,16.000000,16.000000
2014-10-31,16.087999,16.087999
2014-11-03,15.939000,15.939000
2014-11-04,15.841000,15.841000
2014-11-05,15.875000,15.875000
2014-11-06,15.838000,15.838000
2014-11-07,15.744000,15.744000
2014-11-10,15.852000,15.852000
2014-11-11,16.021000,16.021000
2014-11-12,15.998000,15.998000
2014-11-13,15.998000,15.998000
2014-11-14,16.674999,16.674999
2014-11-17,16.419001,16.419001
2014-11-18,16.882000,16.882000
2014-11-19,16.702000,16.702000
2014-11-20,16.700001,16.700001
2014-11-21,16.577999,16.577999
2014-11-24,17.389000,17.389000
2014-11-25,17.107000,17.107000
2014-11-26,17.386999,17.386999
2014-11-28,17.174000,17.174000
2014-12-01,17.125000,17.125000
2014-12-02,17.051001,17.051001
2014-12-03,16.958000,16.958000
2014-12-04,16.884001,16.884001
2014-12-05,16.976000,16.976000
2014-12-08,16.750000,16.750000
2014-12-09,17.027000,17.027000
2014-12-10,16.575001,16.575001
2014-12-11,16.740999,16.740999
2014-12-12,15.824000,15.824000
2014-12-15,15.709000,15.709000
2014-12-16,15.403000,15.403000
2014-12-17,15.922000,15.922000
2014-12-18,16.610001,16.610001
2014-12-19,16.406000,16.406000
2014-12-22,16.509001,16.509001
2014-12-23,16.410000,16.410000
2014-12-24,16.353001,16.353001
2014-12-26,16.378000,16.378000
2014-12-29,16.169001,16.169001
2014-12-30,15.913000,15.913000
2014-12-31,16.240000,16.240000
2015-01-02,16.312000,16.312000
2015-01-05,16.298000,16.298000
2015-01-06,15.797000,15.797000
2015-01-07,15.800000,15.800000
2015-01-08,16.240999,16.240999
2015-01-09,15.962000,15.962000
2015-01-12,15.868000,15.868000
2015-01-13,15.806000,15.806000
2015-01-14,15.870000,15.870000
2015-01-15,15.366000,15.366000
2015-01-16,15.789000,15.789000
2015-01-20,15.998000,15.998000
2015-01-21,15.890000,15.890000
2015-01-22,16.358000,16.358000
2015-01-23,16.521000,16.521000
2015-01-26,16.830000,16.830000
2015-01-27,16.145000,16.145000
2015-01-28,15.903000,15.903000
2015-01-29,16.188000,16.188000
2015-01-30,16.160000,16.160000
2015-02-02,16.500999,16.500999
2015-02-03,16.750000,16.750000
2015-02-04,16.896000,16.896000
2015-02-05,17.422001,17.422001
2015-02-06,17.516001,17.516001
2015-02-09,17.533001,17.533001
2015-02-10,17.783001,17.783001
2015-02-11,17.806000,17.806000
2015-02-12,17.875000,17.875000
2015-02-13,18.124001,18.124001
2015-02-17,17.966000,17.966000
2015-02-18,17.966000,17.966000
2015-02-19,17.962000,17.962000
2015-02-20,17.955000,17.955000
2015-02-23,17.739000,17.739000
2015-02-24,17.733000,17.733000
2015-02-25,17.930000,17.930000
2015-02-26,17.951000,17.951000
2015-02-27,17.834000,17.834000
2015-03-02,17.959000,17.959000
2015-03-03,17.919001,17.919001
2015-03-04,17.468000,17.468000
2015-03-05,17.030001,17.030001
2015-03-06,16.172001,16.172001
2015-03-09,16.486000,16.486000
2015-03-10,16.104000,16.104000
2015-03-11,16.021000,16.021000
2015-03-12,16.302999,16.302999
2015-03-13,16.426001,16.426001
2015-03-16,16.841000,16.841000
2015-03-17,16.996000,16.996000
2015-03-18,17.323999,17.323999
2015-03-19,17.378000,17.378000
2015-03-20,17.476000,17.476000
2015-03-23,17.434999,17.434999
2015-03-24,17.250000,17.250000
2015-03-25,16.695999,16.695999
2015-03-26,16.954000,16.954000
2015-03-27,17.013000,17.013000
2015-03-30,17.091000,17.091000
2015-03-31,16.919001,16.919001
2015-04-01,16.916000,16.916000
2015-04-02,16.952000,16.952000
2015-04-06,17.002001,17.002001
2015-04-07,17.028000,17.028000
2015-04-08,17.207001,17.207001
2015-04-09,17.399000,17.399000
2015-04-10,17.599001,17.599001
2015-04-13,17.195999,17.195999
2015-04-14,17.112000,17.112000
2015-04-15,17.339001,17.339001
2015-04-16,17.334999,17.334999
2015-04-17,17.065001,17.065001
2015-04-20,17.122000,17.122000
2015-04-21,17.539000,17.539000
2015-04-22,17.632000,17.632000
2015-04-23,17.663000,17.663000
2015-04-24,17.509001,17.509001
2015-04-27,17.356001,17.356001
2015-04-28,16.969999,16.969999
2015-04-29,18.707001,18.707001
2015-04-30,18.212000,18.212000
2015-05-01,18.268000,18.268000
2015-05-04,18.129999,18.129999
2015-05-05,17.900000,17.900000
2015-05-06,17.934999,17.934999
2015-05-07,17.754000,17.754000
2015-05-08,18.084000,18.084000
2015-05-11,18.106001,18.106001
2015-05-12,17.757999,17.757999
2015-05-13,17.743000,17.743000
2015-05-14,17.982000,17.982000
2015-05-15,17.879999,17.879999
2015-05-18,17.910000,17.910000
2015-05-19,17.868999,17.868999
2015-05-20,17.645000,17.645000
2015-05-21,17.538000,17.538000
2015-05-22,17.530001,17.530001
2015-05-26,17.278999,17.278999
2015-05-27,17.531000,17.531000
2015-05-28,17.667999,17.667999
2015-05-29,17.598000,17.598000
2015-06-01,17.614000,17.614000
2015-06-02,17.587999,17.587999
2015-06-03,17.780001,17.780001
2015-06-04,17.489000,17.489000
2015-06-05,18.042999,18.042999
2015-06-08,17.687000,17.687000
2015-06-09,17.677999,17.677999
2015-06-10,18.176001,18.176001
2015-06-11,18.063999,18.063999
2015-06-12,17.875000,17.875000
2015-06-15,17.409000,17.409000
2015-06-16,17.620001,17.620001
2015-06-17,17.680000,17.680000
2015-06-18,17.864000,17.864000
2015-06-19,17.768999,17.768999
2015-06-22,17.862000,17.862000
2015-06-23,17.862000,17.862000
2015-06-24,17.423000,17.423000
2015-06-25,17.389000,17.389000
2015-06-26,17.386000,17.386000
2015-06-29,16.788000,16.788000
2015-06-30,17.007999,17.007999
2015-07-01,17.006001,17.006001
2015-07-02,17.257000,17.257000
2015-07-06,17.247000,17.247000
2015-07-07,17.360001,17.360001
2015-07-08,17.222000,17.222000
2015-07-09,17.444000,17.444000
2015-07-10,17.570000,17.570000
2015-07-13,17.709999,17.709999
2015-07-14,18.070000,18.070000
2015-07-15,18.287001,18.287001
2015-07-16,18.629999,18.629999
2015-07-17,18.563000,18.563000
2015-07-20,18.400000,18.400000
2015-07-21,18.150000,18.150000
2015-07-22,18.372000,18.372000
2015-07-23,17.982000,17.982000
2015-07-24,18.143000,18.143000
2015-07-27,17.816999,17.816999
2015-07-28,20.201000,20.201000
2015-07-29,20.448000,20.448000
2015-07-30,20.481001,20.481001
2015-07-31,20.385000,20.385000
2015-08-03,20.350000,20.350000
2015-08-04,21.486000,21.486000
2015-08-05,21.625000,21.625000
2015-08-06,21.304001,21.304001
2015-08-07,21.561001,21.561001
2015-08-10,21.885000,21.885000
2015-08-11,21.541000,21.541000
2015-08-12,21.698000,21.698000
2015-08-13,21.871000,21.871000
2015-08-14,21.879999,21.879999
2015-08-17,22.160000,22.160000
2015-08-18,21.773001,21.773001
2015-08-19,21.862000,21.862000
2015-08-20,20.959000,20.959000
2015-08-21,20.400000,20.400000
2015-08-24,19.606001,19.606001
2015-08-25,19.603001,19.603001
2015-08-26,20.114000,20.114000
2015-08-27,20.087000,20.087000
2015-08-28,20.099001,20.099001
2015-08-31,19.870001,19.870001
2015-09-01,19.604000,19.604000
2015-09-02,19.702000,19.702000
2015-09-03,19.837000,19.837000
2015-09-04,19.542999,19.542999
2015-09-08,20.125000,20.125000
2015-09-09,19.834000,19.834000
2015-09-10,19.841000,19.841000
2015-09-11,20.114000,20.114000
2015-09-14,20.094999,20.094999
2015-09-15,20.795000,20.795000
2015-09-16,20.987000,20.987000
2015-09-17,20.990000,20.990000
2015-09-18,20.667999,20.667999
2015-09-21,20.850000,20.850000
2015-09-22,20.707001,20.707001
2015-09-23,20.827999,20.827999
2015-09-24,20.518999,20.518999
2015-09-25,20.518999,20.518999
2015-09-28,19.528000,19.528000
2015-09-29,19.472000,19.472000
2015-09-30,19.646999,19.646999
2015-10-01,19.930000,19.930000
2015-10-02,19.884001,19.884001
2015-10-05,20.099001,20.099001
2015-10-06,19.757999,19.757999
2015-10-07,19.958000,19.958000
2015-10-08,19.952999,19.952999
2015-10-09,20.525000,20.525000
2015-10-12,20.611000,20.611000
2015-10-13,19.938000,19.938000
2015-10-14,19.674999,19.674999
2015-10-15,19.979000,19.979000
2015-10-16,20.311001,20.311001
2015-10-19,20.372999,20.372999
2015-10-20,19.711000,19.711000
2015-10-21,19.035999,19.035999
2015-10-22,19.492001,19.492001
2015-10-23,18.818001,18.818001
2015-10-26,19.625999,19.625999
2015-10-27,16.823999,16.823999
2015-10-28,17.885000,17.885000
2015-10-29,17.438000,17.438000
2015-10-30,17.207001,17.207001
2015-11-02,17.615999,17.615999
2015-11-03,17.712000,17.712000
2015-11-04,18.023001,18.023001
2015-11-05,17.691999,17.691999
2015-11-06,17.764999,17.764999
2015-11-09,17.486000,17.486000
2015-11-10,17.445000,17.445000
2015-11-11,17.485001,17.485001
2015-11-12,17.271999,17.271999
2015-11-13,16.886999,16.886999
2015-11-16,17.158001,17.158001
2015-11-17,17.193001,17.193001
2015-11-18,17.482000,17.482000
2015-11-19,17.299999,17.299999
2015-11-20,17.320999,17.320999
2015-11-23,17.368000,17.368000
2015-11-24,17.330000,17.330000
2015-11-25,17.540001,17.540001
2015-11-27,17.556000,17.556000
2015-11-30,17.337000,17.337000
2015-12-01,17.719000,17.719000
2015-12-02,17.618999,17.618999
2015-12-03,17.358000,17.358000
2015-12-04,17.684000,17.684000
2015-12-07,17.372999,17.372999
2015-12-08,17.549000,17.549000
2015-12-09,17.253000,17.253000
2015-12-10,17.275000,17.275000
2015-12-11,17.414000,17.414000
2015-12-14,17.525000,17.525000
2015-12-15,17.893000,17.893000
2015-12-16,17.712000,17.712000
2015-12-17,17.351000,17.351000
2015-12-18,17.573999,17.573999
2015-12-21,17.737000,17.737000
2015-12-22,17.714001,17.714001
2015-12-23,17.745001,17.745001
2015-12-24,17.761000,17.761000
2015-12-28,17.641001,17.641001
2015-12-29,18.063999,18.063999
2015-12-30,17.892000,17.892000
2015-12-31,17.929001,17.929001
2016-01-04,17.113001,17.113001
2016-01-05,17.177000,17.177000
2016-01-06,16.927000,16.927000
2016-01-07,16.103001,16.103001
2016-01-08,14.815000,14.815000
2016-01-11,15.245000,15.245000
2016-01-12,15.619000,15.619000
2016-01-13,15.034000,15.034000
2016-01-14,15.253000,15.253000
2016-01-15,14.993000,14.993000
2016-01-19,14.634000,14.634000
2016-01-20,14.969000,14.969000
2016-01-21,15.022000,15.022000
2016-01-22,14.991000,14.991000
2016-01-25,14.588000,14.588000
2016-01-26,14.715000,14.715000
2016-01-27,14.239000,14.239000
2016-01-28,16.726000,16.726000
2016-01-29,17.250999,17.250999
2016-02-01,17.334000,17.334000
2016-02-02,17.188999,17.188999
2016-02-03,17.148001,17.148001
2016-02-04,16.784000,16.784000
2016-02-05,15.646000,15.646000
2016-02-08,15.500000,15.500000
2016-02-09,15.196000,15.196000
2016-02-10,15.015000,15.015000
2016-02-11,14.957000,14.957000
2016-02-12,15.190000,15.190000
2016-02-16,15.236000,15.236000
2016-02-17,15.660000,15.660000
2016-02-18,14.932000,14.932000
2016-02-19,15.325000,15.325000
2016-02-22,15.460000,15.460000
2016-02-23,15.259000,15.259000
2016-02-24,15.658000,15.658000
2016-02-25,15.815000,15.815000
2016-02-26,15.858000,15.858000
2016-02-29,16.089001,16.089001
2016-03-01,17.239000,17.239000
2016-03-02,16.823999,16.823999
2016-03-03,17.077999,17.077999
2016-03-04,16.898001,16.898001
2016-03-07,16.875000,16.875000
2016-03-08,16.764999,16.764999
2016-03-09,16.823999,16.823999
2016-03-10,16.712000,16.712000
2016-03-11,17.059000,17.059000
2016-03-14,16.804001,16.804001
2016-03-15,16.580999,16.580999
2016-03-16,16.738001,16.738001
2016-03-17,16.898001,16.898001
2016-03-18,17.511999,17.511999
2016-03-21,17.555000,17.555000
2016-03-22,17.577000,17.577000
2016-03-23,16.948000,16.948000
2016-03-24,17.282000,17.282000
2016-03-28,17.202000,17.202000
2016-03-29,17.778999,17.778999
2016-03-30,18.087000,18.087000
2016-03-31,17.972000,17.972000
2016-04-01,18.275000,18.275000
2016-04-04,18.471001,18.471001
2016-04-05,18.309999,18.309999
2016-04-06,18.233999,18.233999
2016-04-07,17.910000,17.910000
2016-04-08,17.879999,17.879999
2016-04-11,18.072001,18.072001
2016-04-12,18.264999,18.264999
2016-04-13,18.707001,18.707001
2016-04-14,18.795000,18.795000
2016-04-15,18.617001,18.617001
2016-04-18,18.825001,18.825001
2016-04-19,18.934999,18.934999
2016-04-20,18.827999,18.827999
2016-04-21,18.826000,18.826000
2016-04-22,19.180000,19.180000
2016-04-25,18.549999,18.549999
2016-04-26,18.983000,18.983000
2016-04-27,18.997000,18.997000
2016-04-28,18.257000,18.257000
2016-04-29,17.931999,17.931999
2016-05-02,18.410000,18.410000
2016-05-03,18.034000,18.034000
2016-05-04,18.007000,18.007000
2016-05-05,17.983000,17.983000
2016-05-06,18.257000,18.257000
2016-05-09,18.816000,18.816000
2016-05-10,19.049999,19.049999
2016-05-11,18.518999,18.518999
2016-05-12,18.445000,18.445000
2016-05-13,18.215000,18.215000
2016-05-16,18.249001,18.249001
2016-05-17,17.900000,17.900000
2016-05-18,18.025999,18.025999
2016-05-19,17.884001,17.884001
2016-05-20,17.927999,17.927999
2016-05-23,18.351999,18.351999
2016-05-24,18.938999,18.938999
2016-05-25,18.709000,18.709000
2016-05-26,18.802999,18.802999
2016-05-27,19.093000,19.093000
2016-05-31,18.653999,18.653999
2016-06-01,18.646999,18.646999
2016-06-02,19.070000,19.070000
2016-06-03,18.868999,18.868999
2016-06-06,19.471001,19.471001
2016-06-07,19.388000,19.388000
2016-06-08,19.230000,19.230000
2016-06-09,19.209000,19.209000
2016-06-10,18.775999,18.775999
2016-06-13,18.632000,18.632000
2016-06-14,18.549999,18.549999
2016-06-15,18.486000,18.486000
2016-06-16,18.472000,18.472000
2016-06-17,17.917999,17.917999
2016-06-20,18.396999,18.396999
2016-06-21,18.219999,18.219999
2016-06-22,17.962000,17.962000
2016-06-23,18.294001,18.294001
2016-06-24,17.312000,17.312000
2016-06-27,16.712999,16.712999
2016-06-28,16.815001,16.815001
2016-06-29,17.431999,17.431999
2016-06-30,17.502001,17.502001
2016-07-01,17.239000,17.239000
2016-07-05,17.288000,17.288000
2016-07-06,17.290001,17.290001
2016-07-07,17.384001,17.384001
2016-07-08,17.829000,17.829000
2016-07-11,18.055000,18.055000
2016-07-12,18.160000,18.160000
2016-07-13,18.158001,18.158001
2016-07-14,18.221001,18.221001
2016-07-15,18.721001,18.721001
2016-07-18,18.740000,18.740000
2016-07-19,18.655001,18.655001
2016-07-20,19.048000,19.048000
2016-07-21,18.379000,18.379000
2016-07-22,18.784000,18.784000
2016-07-25,18.451000,18.451000
2016-07-26,18.521000,18.521000
2016-07-27,18.298000,18.298000
2016-07-28,18.507999,18.507999
2016-07-29,17.489000,17.489000
2016-08-01,17.201000,17.201000
2016-08-02,16.724001,16.724001
2016-08-03,16.684000,16.684000
2016-08-04,16.448999,16.448999
2016-08-05,16.632000,16.632000
2016-08-08,16.444000,16.444000
2016-08-09,16.506001,16.506001
2016-08-10,16.558001,16.558001
2016-08-11,16.613001,16.613001
2016-08-12,16.542999,16.542999
2016-08-15,16.674999,16.674999
2016-08-16,16.540001,16.540001
2016-08-17,16.402000,16.402000
2016-08-18,16.558001,16.558001
2016-08-19,16.664000,16.664000
2016-08-22,16.688000,16.688000
2016-08-23,16.841999,16.841999
2016-08-24,16.677999,16.677999
2016-08-25,16.832001,16.832001
2016-08-26,16.747000,16.747000
2016-08-29,16.600000,16.600000
2016-08-30,16.695999,16.695999
2016-08-31,16.679001,16.679001
2016-09-01,16.732000,16.732000
2016-09-02,16.978001,16.978001
2016-09-06,17.063000,17.063000
2016-09-07,17.171000,17.171000
2016-09-08,17.264999,17.264999
2016-09-09,17.070000,17.070000
2016-09-12,17.245001,17.245001
2016-09-13,16.993000,16.993000
2016-09-14,16.839001,16.839001
2016-09-15,16.761999,16.761999
2016-09-16,16.483999,16.483999
2016-09-19,16.424999,16.424999
2016-09-20,16.655001,16.655001
2016-09-21,16.763000,16.763000
2016-09-22,17.030001,17.030001
2016-09-23,17.177999,17.177999
2016-09-26,17.087000,17.087000
2016-09-27,16.906000,16.906000
2016-09-28,17.025000,17.025000
2016-09-29,16.573999,16.573999
2016-09-30,16.743999,16.743999
2016-10-03,16.384001,16.384001
2016-10-04,17.049999,17.049999
2016-10-05,17.101000,17.101000
2016-10-06,17.277000,17.277000
2016-10-07,17.298000,17.298000
2016-10-10,17.469000,17.469000
2016-10-11,17.306000,17.306000
2016-10-12,17.316000,17.316000
2016-10-13,17.237000,17.237000
2016-10-14,17.219999,17.219999
2016-10-17,17.184999,17.184999
2016-10-18,17.257999,17.257999
2016-10-19,17.014000,17.014000
2016-10-20,16.844000,16.844000
2016-10-21,16.861000,16.861000
2016-10-24,17.403999,17.403999
2016-10-25,17.229000,17.229000
2016-10-26,17.180000,17.180000
2016-10-27,17.353001,17.353001
2016-10-28,19.146999,19.146999
2016-10-31,19.481001,19.481001
2016-11-01,19.504000,19.504000
2016-11-02,19.187000,19.187000
2016-11-03,18.896000,18.896000
2016-11-04,19.016001,19.016001
2016-11-07,19.231001,19.231001
2016-11-08,19.000000,19.000000
2016-11-09,19.188000,19.188000
2016-11-10,19.316000,19.316000
2016-11-11,19.674999,19.674999
2016-11-14,19.211000,19.211000
2016-11-15,19.309999,19.309999
2016-11-16,19.648001,19.648001
2016-11-17,19.747000,19.747000
2016-11-18,19.667999,19.667999
2016-11-21,19.693001,19.693001
2016-11-22,19.857000,19.857000
2016-11-23,19.820999,19.820999
2016-11-25,19.785000,19.785000
2016-11-28,19.503000,19.503000
2016-11-29,19.523001,19.523001
2016-11-30,19.403000,19.403000
2016-12-01,19.160000,19.160000
2016-12-02,19.194000,19.194000
2016-12-05,19.576000,19.576000
2016-12-06,19.857000,19.857000
2016-12-07,19.844999,19.844999
2016-12-08,20.098000,20.098000
2016-12-09,20.097000,20.097000
2016-12-12,20.187000,20.187000
2016-12-13,20.444000,20.444000
2016-12-14,19.959000,19.959000
2016-12-15,20.155001,20.155001
2016-12-16,20.040001,20.040001
2016-12-19,20.318001,20.318001
2016-12-20,20.389000,20.389000
2016-12-21,20.031000,20.031000
2016-12-22,19.618000,19.618000
2016-12-23,20.122000,20.122000
2016-12-27,20.148001,20.148001
2016-12-28,19.760000,19.760000
2016-12-29,19.850000,19.850000
2016-12-30,19.740000,19.740000
2017-01-03,19.784000,19.784000
2017-01-04,19.794001,19.794001
2017-01-05,19.961000,19.961000
2017-01-06,19.917000,19.917000
2017-01-09,19.863001,19.863001
2017-01-10,20.077999,20.077999
2017-01-11,20.100000,20.100000
2017-01-12,20.047001,20.047001
2017-01-13,20.379999,20.379999
2017-01-17,20.091999,20.091999
2017-01-18,20.250999,20.250999
2017-01-19,19.900000,19.900000
2017-01-20,20.155001,20.155001
2017-01-23,20.510000,20.510000
2017-01-24,20.296000,20.296000
2017-01-25,20.330000,20.330000
2017-01-26,20.129999,20.129999
2017-01-27,19.958000,19.958000
2017-01-30,19.945999,19.945999
2017-01-31,20.129999,20.129999
2017-02-01,19.650999,19.650999
2017-02-02,19.150000,19.150000
2017-02-03,19.548000,19.548000
2017-02-06,19.030001,19.030001
2017-02-07,18.799000,18.799000
2017-02-08,18.749001,18.749001
2017-02-09,19.000999,19.000999
2017-02-10,18.934999,18.934999
2017-02-13,19.134001,19.134001
2017-02-14,19.299000,19.299000
2017-02-15,19.415001,19.415001
2017-02-16,19.268000,19.268000
2017-02-17,19.287001,19.287001
2017-02-21,19.580000,19.580000
2017-02-22,19.459999,19.459999
2017-02-23,19.330000,19.330000
2017-02-24,19.433001,19.433001
2017-02-27,19.441999,19.441999
2017-02-28,19.188000,19.188000
2017-03-01,19.378000,19.378000
2017-03-02,19.023001,19.023001
2017-03-03,19.000000,19.000000
2017-03-06,18.795000,18.795000
2017-03-07,18.757000,18.757000
2017-03-08,18.916000,18.916000
2017-03-09,18.761999,18.761999
2017-03-10,18.697001,18.697001
2017-03-13,18.885000,18.885000
2017-03-14,18.862000,18.862000
2017-03-15,19.002001,19.002001
2017-03-16,19.105000,19.105000
2017-03-17,19.186001,19.186001
2017-03-20,19.242001,19.242001
2017-03-21,18.799000,18.799000
2017-03-22,18.695000,18.695000
2017-03-23,18.641001,18.641001
2017-03-24,18.614000,18.614000
2017-03-27,18.694000,18.694000
2017-03-28,18.774000,18.774000
2017-03-29,18.781000,18.781000
2017-03-30,18.829000,18.829000
2017-03-31,18.780001,18.780001
2017-04-03,18.743000,18.743000
2017-04-04,18.625000,18.625000
2017-04-05,18.410999,18.410999
2017-04-06,18.349001,18.349001
2017-04-07,18.280001,18.280001
2017-04-10,18.479000,18.479000
2017-04-11,18.566999,18.566999
2017-04-12,18.392000,18.392000
2017-04-13,18.160999,18.160999
2017-04-17,18.423000,18.423000
2017-04-18,18.541000,18.541000
2017-04-19,18.594000,18.594000
2017-04-20,18.811001,18.811001
2017-04-21,18.759001,18.759001
2017-04-24,19.066999,19.066999
2017-04-25,19.068001,19.068001
2017-04-26,19.301001,19.301001
2017-04-27,19.249001,19.249001
2017-04-28,19.017000,19.017000
2017-05-01,19.135000,19.135000
2017-05-02,18.801001,18.801001
2017-05-03,18.784000,18.784000
2017-05-04,18.917000,18.917000
2017-05-05,19.094999,19.094999
2017-05-08,19.152000,19.152000
2017-05-09,18.788000,18.788000
2017-05-10,18.711000,18.711000
2017-05-11,18.705000,18.705000
2017-05-12,18.531000,18.531000
2017-05-15,18.707001,18.707001
2017-05-16,18.766001,18.766001
2017-05-17,18.389999,18.389999
2017-05-18,18.413000,18.413000
2017-05-19,18.378000,18.378000
2017-05-22,18.521999,18.521999
2017-05-23,18.209999,18.209999
2017-05-24,18.198999,18.198999
2017-05-25,18.150000,18.150000
2017-05-26,18.077000,18.077000
2017-05-30,18.284000,18.284000
2017-05-31,18.236000,18.236000
2017-06-01,18.594000,18.594000
2017-06-02,18.832001,18.832001
2017-06-05,18.413000,18.413000
2017-06-06,18.282000,18.282000
2017-06-07,18.252001,18.252001
2017-06-08,18.461000,18.461000
2017-06-09,18.079000,18.079000
2017-06-12,18.118999,18.118999
2017-06-13,18.212000,18.212000
2017-06-14,18.340000,18.340000
2017-06-15,18.282000,18.282000
2017-06-16,18.260000,18.260000
2017-06-19,18.239000,18.239000
2017-06-20,18.313999,18.313999
2017-06-21,18.447001,18.447001
2017-06-22,18.459999,18.459999
2017-06-23,18.495001,18.495001
2017-06-26,18.483999,18.483999
2017-06-27,18.511000,18.511000
2017-06-28,18.882999,18.882999
2017-06-29,18.910000,18.910000
2017-06-30,19.167000,19.167000
2017-07-03,18.653999,18.653999
2017-07-05,18.452000,18.452000
2017-07-06,18.261999,18.261999
2017-07-07,18.499001,18.499001
2017-07-10,18.377001,18.377001
2017-07-11,18.434000,18.434000
2017-07-12,18.768000,18.768000
2017-07-13,18.579000,18.579000
2017-07-14,18.473000,18.473000
2017-07-17,18.582001,18.582001
2017-07-18,18.875000,18.875000
2017-07-19,18.981001,18.981001
2017-07-20,18.931999,18.931999
2017-07-21,18.848000,18.848000
2017-07-24,19.190001,19.190001
2017-07-25,19.250999,19.250999
2017-07-26,19.156000,19.156000
2017-07-27,18.917999,18.917999
2017-07-28,13.999000,13.999000
2017-07-31,13.451000,13.451000
2017-08-01,13.628000,13.628000
2017-08-02,13.593000,13.593000
2017-08-03,13.356000,13.356000
2017-08-04,13.573000,13.573000
2017-08-07,13.213000,13.213000
2017-08-08,13.149000,13.149000
2017-08-09,13.060000,13.060000
2017-08-10,12.774000,12.774000
2017-08-11,12.901000,12.901000
2017-08-14,12.892000,12.892000
2017-08-15,12.869000,12.869000
2017-08-16,12.872000,12.872000
2017-08-17,12.746000,12.746000
2017-08-18,12.593000,12.593000
2017-08-21,12.521000,12.521000
2017-08-22,12.614000,12.614000
2017-08-23,12.564000,12.564000
2017-08-24,12.564000,12.564000
2017-08-25,12.576000,12.576000
2017-08-28,12.631000,12.631000
2017-08-29,12.670000,12.670000
2017-08-30,12.573000,12.573000
2017-08-31,12.900000,12.900000
2017-09-01,12.850000,12.850000
2017-09-05,12.831000,12.831000
2017-09-06,12.819000,12.819000
2017-09-07,12.836000,12.836000
2017-09-08,12.825000,12.825000
2017-09-11,12.820000,12.820000
2017-09-12,12.852000,12.852000
2017-09-13,13.221000,13.221000
2017-09-14,13.010000,13.010000
2017-09-15,12.681000,12.681000
2017-09-18,12.595000,12.595000
2017-09-19,12.585000,12.585000
2017-09-20,12.530000,12.530000
2017-09-21,12.451000,12.451000
2017-09-22,12.476000,12.476000
2017-09-25,12.396000,12.396000
2017-09-26,12.454000,12.454000
2017-09-27,12.733000,12.733000
2017-09-28,12.772000,12.772000
2017-09-29,12.771000,12.771000
2017-10-02,12.906000,12.906000
2017-10-03,12.927000,12.927000
2017-10-04,13.099000,13.099000
2017-10-05,13.116000,13.116000
2017-10-06,13.136000,13.136000
2017-10-09,13.212000,13.212000
2017-10-10,13.235000,13.235000
2017-10-11,13.213000,13.213000
2017-10-12,13.357000,13.357000
2017-10-13,13.500000,13.500000
2017-10-16,13.583000,13.583000
2017-10-17,13.589000,13.589000
2017-10-18,13.600000,13.600000
2017-10-19,13.556000,13.556000
2017-10-20,13.700000,13.700000
2017-10-23,13.688000,13.688000
2017-10-24,13.704000,13.704000
2017-10-25,13.785000,13.785000
2017-10-26,14.096000,14.096000
2017-10-27,14.086000,14.086000
2017-10-30,13.581000,13.581000
2017-10-31,13.226000,13.226000
2017-11-01,13.454000,13.454000
2017-11-02,13.399000,13.399000
2017-11-03,13.368000,13.368000
2017-11-06,13.430000,13.430000
2017-11-07,13.371000,13.371000
2017-11-08,13.439000,13.439000
2017-11-09,13.339000,13.339000
2017-11-10,13.350000,13.350000
2017-11-13,13.222000,13.222000
2017-11-14,13.318000,13.318000
2017-11-15,13.224000,13.224000
2017-11-16,13.342000,13.342000
2017-11-17,13.376000,13.376000
2017-11-20,13.459000,13.459000
2017-11-21,13.700000,13.700000
2017-11-22,13.746000,13.746000
2017-11-24,13.743000,13.743000
2017-11-27,13.630000,13.630000
2017-11-28,13.820000,13.820000
2017-11-29,13.659000,13.659000
2017-11-30,13.676000,13.676000
2017-12-01,13.500000,13.500000
2017-12-04,13.523000,13.523000
2017-12-05,13.456000,13.456000
2017-12-06,13.447000,13.447000
2017-12-07,13.399000,13.399000
2017-12-08,13.625000,13.625000
2017-12-11,13.368000,13.368000
2017-12-12,13.236000,13.236000
2017-12-13,13.285000,13.285000
2017-12-14,13.175000,13.175000
2017-12-15,13.265000,13.265000
2017-12-18,13.398000,13.398000
2017-12-19,13.482000,13.482000
2017-12-20,13.507000,13.507000
2017-12-21,13.365000,13.365000
2017-12-22,13.193000,13.193000
2017-12-26,13.104000,13.104000
2017-12-27,13.139000,13.139000
2017-12-28,13.160000,13.160000
2017-12-29,13.130000,13.130000
2018-01-02,13.180000,13.180000
2018-01-03,13.238000,13.238000
2018-01-04,13.506000,13.506000
2018-01-05,13.501000,13.501000
2018-01-08,13.661000,13.661000
2018-01-09,13.625000,13.625000
2018-01-10,13.662000,13.662000
2018-01-11,13.836000,13.836000
2018-01-12,13.975000,13.975000
2018-01-16,13.831000,13.831000
2018-01-17,13.960000,13.960000
2018-01-18,13.885000,13.885000
2018-01-19,14.098000,14.098000
2018-01-22,13.922000,13.922000
2018-01-23,13.910000,13.910000
2018-01-24,13.829000,13.829000
2018-01-25,13.733000,13.733000
2018-01-26,13.779000,13.779000
2018-01-29,13.795000,13.795000
2018-01-30,13.838000,13.838000
2018-01-31,13.773000,13.773000
2018-02-01,13.914000,13.914000
2018-02-02,13.577000,13.577000
2018-02-05,13.159000,13.159000
2018-02-06,13.300000,13.300000
2018-02-07,13.352000,13.352000
2018-02-08,13.153000,13.153000
2018-02-09,13.062000,13.062000
2018-02-12,13.287000,13.287000
2018-02-13,13.451000,13.451000
2018-02-14,13.583000,13.583000
2018-02-15,13.785000,13.785000
2018-02-16,13.755000,13.755000
2018-02-20,13.799000,13.799000
2018-02-21,13.677000,13.677000
2018-02-22,13.737000,13.737000
2018-02-23,13.798000,13.798000
2018-02-26,13.769000,13.769000
2018-02-27,13.516000,13.516000
2018-02-28,12.798000,12.798000
2018-03-01,12.387000,12.387000
2018-03-02,12.543000,12.543000
2018-03-05,13.414000,13.414000
2018-03-06,13.320000,13.320000
2018-03-07,13.325000,13.325000
2018-03-08,13.421000,13.421000
2018-03-09,13.627000,13.627000
2018-03-12,13.607000,13.607000
2018-03-13,13.504000,13.504000
2018-03-14,13.343000,13.343000
2018-03-15,13.337000,13.337000
2018-03-16,13.176000,13.176000
2018-03-19,13.085000,13.085000
2018-03-20,13.071000,13.071000
2018-03-21,13.073000,13.073000
2018-03-22,13.086000,13.086000
2018-03-23,12.977000,12.977000
2018-03-26,13.070000,13.070000
2018-03-27,12.842000,12.842000
2018-03-28,12.770000,12.770000
2018-03-29,12.899000,12.899000
2018-04-02,12.554000,12.554000
2018-04-03,12.682000,12.682000
2018-04-04,12.680000,12.680000
2018-04-05,12.758000,12.758000
2018-04-06,12.587000,12.587000
2018-04-09,12.544000,12.544000
2018-04-10,12.751000,12.751000
2018-04-11,12.870000,12.870000
2018-04-12,12.952000,12.952000
2018-04-13,13.018000,13.018000
2018-04-16,13.236000,13.236000
2018-04-17,13.463000,13.463000
2018-04-18,13.482000,13.482000
2018-04-19,13.424000,13.424000
2018-04-20,13.155000,13.155000
2018-04-23,13.152000,13.152000
2018-04-24,13.034000,13.034000
2018-04-25,13.158000,13.158000
2018-04-26,13.229000,13.229000
2018-04-27,12.669000,12.669000
2018-04-30,12.746000,12.746000
2018-05-01,13.082000,13.082000
2018-05-02,13.031000,13.031000
2018-05-03,12.912000,12.912000
2018-05-04,13.020000,13.020000
2018-05-07,12.993000,12.993000
2018-05-08,13.104000,13.104000
2018-05-09,13.060000,13.060000
2018-05-10,13.018000,13.018000
2018-05-11,12.928000,12.928000
2018-05-14,12.713000,12.713000
2018-05-15,12.746000,12.746000
2018-05-16,12.881000,12.881000
2018-05-17,12.948000,12.948000
2018-05-18,13.080000,13.080000
2018-05-21,13.018000,13.018000
2018-05-22,12.975000,12.975000
2018-05-23,13.010000,13.010000
2018-05-24,13.095000,13.095000
2018-05-25,13.072000,13.072000
2018-05-29,12.927000,12.927000
2018-05-30,13.224000,13.224000
2018-05-31,12.957000,12.957000
2018-06-01,13.042000,13.042000
2018-06-04,13.112000,13.112000
2018-06-05,13.131000,13.131000
2018-06-06,13.178000,13.178000
2018-06-07,12.990000,12.990000
2018-06-08,12.996000,12.996000
2018-06-11,13.109000,13.109000
2018-06-12,13.252000,13.252000
2018-06-13,13.272000,13.272000
2018-06-14,13.316000,13.316000
2018-06-15,13.474000,13.474000
2018-06-18,13.578000,13.578000
2018-06-19,13.550000,13.550000
2018-06-20,13.500000,13.500000
2018-06-21,13.246000,13.246000
2018-06-22,13.115000,13.115000
2018-06-25,12.876000,12.876000
2018-06-26,12.961000,12.961000
2018-06-27,12.506000,12.506000
2018-06-28,12.730000,12.730000
2018-06-29,12.775000,12.775000
2018-07-02,12.963000,12.963000
2018-07-03,13.176000,13.176000
2018-07-05,13.405000,13.405000
2018-07-06,13.488000,13.488000
2018-07-09,13.512000,13.512000
2018-07-10,13.492000,13.492000
2018-07-11,13.426000,13.426000
2018-07-12,13.631000,13.631000
2018-07-13,13.583000,13.583000
2018-07-16,13.530000,13.530000
2018-07-17,13.488000,13.488000
2018-07-18,13.583000,13.583000
2018-07-19,13.754000,13.754000
2018-07-20,13.529000,13.529000
2018-07-23,13.420000,13.420000
2018-07-24,13.332000,13.332000
2018-07-25,13.527000,13.527000
2018-07-26,13.738000,13.738000
2018-07-27,12.916000,12.916000
2018-07-30,12.793000,12.793000
2018-07-31,13.015000,13.015000
2018-08-01,13.231000,13.231000
2018-08-02,13.655000,13.655000
2018-08-03,13.489000,13.489000
2018-08-06,13.717000,13.717000
2018-08-07,13.786000,13.786000
2018-08-08,13.797000,13.797000
2018-08-09,13.975000,13.975000
2018-08-10,14.146000,14.146000
2018-08-13,14.078000,14.078000
2018-08-14,14.215000,14.215000
2018-08-15,14.057000,14.057000
2018-08-16,14.107000,14.107000
2018-08-17,13.953000,13.953000
2018-08-20,14.092000,14.092000
2018-08-21,14.107000,14.107000
2018-08-22,14.156000,14.156000
2018-08-23,14.179000,14.179000
2018-08-24,14.967000,14.967000
2018-08-27,14.693000,14.693000
2018-08-28,14.784000,14.784000
2018-08-29,14.780000,14.780000
2018-08-30,14.718000,14.718000
2018-08-31,14.900000,14.900000
2018-09-04,14.775000,14.775000
2018-09-05,14.484000,14.484000
2018-09-06,14.481000,14.481000
2018-09-07,14.454000,14.454000
2018-09-10,14.677000,14.677000
2018-09-11,14.780000,14.780000
2018-09-12,14.889000,14.889000
2018-09-13,14.769000,14.769000
2018-09-14,14.913000,14.913000
2018-09-17,14.710000,14.710000
2018-09-18,14.996000,14.996000
2018-09-19,14.781000,14.781000
2018-09-20,14.765000,14.765000
2018-09-21,14.812000,14.812000
2018-09-24,14.738000,14.738000
2018-09-25,14.681000,14.681000
2018-09-26,14.141000,14.141000
2018-09-27,14.054000,14.054000
2018-09-28,14.062000,14.062000
2018-10-01,13.647000,13.647000
2018-10-02,13.249000,13.249000
2018-10-03,13.348000,13.348000
2018-10-04,13.170000,13.170000
2018-10-05,13.120000,13.120000
2018-10-08,13.084000,13.084000
2018-10-09,13.071000,13.071000
2018-10-10,12.672000,12.672000
2018-10-11,12.680000,12.680000
2018-10-12,12.728000,12.728000
2018-10-15,12.801000,12.801000
2018-10-16,13.115000,13.115000
2018-10-17,13.054000,13.054000
2018-10-18,12.827000,12.827000
2018-10-19,12.648000,12.648000
2018-10-22,12.758000,12.758000
2018-10-23,12.687000,12.687000
2018-10-24,12.125000,12.125000
2018-10-25,12.325000,12.325000
2018-10-26,12.249000,12.249000
2018-10-29,12.171000,12.171000
2018-10-30,12.404000,12.404000
2018-10-31,12.597000,12.597000
2018-11-01,12.563000,12.563000
2018-11-02,12.673000,12.673000
2018-11-05,12.664000,12.664000
2018-11-06,12.633000,12.633000
2018-11-07,12.986000,12.986000
2018-11-08,12.851000,12.851000
2018-11-09,12.828000,12.828000
2018-11-12,12.659000,12.659000
2018-11-13,12.591000,12.591000
2018-11-14,12.545000,12.545000
2018-11-15,12.742000,12.742000
2018-11-16,12.708000,12.708000
2018-11-19,12.445000,12.445000
2018-11-20,12.302000,12.302000
2018-11-21,12.518000,12.518000
2018-11-23,12.435000,12.435000
2018-11-26,12.608000,12.608000
2018-11-27,12.528000,12.528000
2018-11-28,12.746000,12.746000
2018-11-29,12.776000,12.776000
2018-11-30,12.964000,12.964000
2018-12-03,13.107000,13.107000
2018-12-04,12.671000,12.671000
2018-12-06,12.765000,12.765000
2018-12-07,12.758000,12.758000
2018-12-10,12.764000,12.764000
2018-12-11,12.699000,12.699000
2018-12-12,12.785000,12.785000
2018-12-13,12.810000,12.810000
2018-12-14,12.692000,12.692000
2018-12-17,12.282000,12.282000
2018-12-18,12.335000,12.335000
2018-12-19,12.283000,12.283000
2018-12-20,12.061000,12.061000
2018-12-21,11.658000,11.658000
2018-12-24,11.670000,11.670000
2018-12-26,12.109000,12.109000
2018-12-27,12.595000,12.595000
2018-12-28,12.688000,12.688000
2018-12-31,12.775000,12.775000
2019-01-02,12.857000,12.857000
2019-01-03,12.657000,12.657000
2019-01-04,13.040000,13.040000
2019-01-07,13.123000,13.123000
2019-01-08,13.231000,13.231000
2019-01-09,13.158000,13.158000
2019-01-10,13.251000,13.251000
2019-01-11,13.386000,13.386000
2019-01-14,13.211000,13.211000
2019-01-15,13.431000,13.431000
2019-01-16,13.384000,13.384000
2019-01-17,13.488000,13.488000
2019-01-18,13.632000,13.632000
2019-01-22,13.724000,13.724000
2019-01-23,13.748000,13.748000
2019-01-24,13.828000,13.828000
2019-01-25,13.940000,13.940000
2019-01-28,13.851000,13.851000
2019-01-29,13.827000,13.827000
2019-01-30,12.737000,12.737000
2019-01-31,12.689000,12.689000
2019-02-01,12.804000,12.804000
2019-02-04,13.005000,13.005000
2019-02-05,13.215000,13.215000
2019-02-06,12.827000,12.827000
2019-02-07,12.914000,12.914000
2019-02-08,13.078000,13.078000
2019-02-11,13.680000,13.680000
2019-02-12,14.211000,14.211000
2019-02-13,14.043000,14.043000
2019-02-14,14.006000,14.006000
2019-02-15,14.106000,14.106000
2019-02-19,14.191000,14.191000
2019-02-20,14.042000,14.042000
2019-02-21,14.313000,14.313000
2019-02-22,14.541000,14.541000
2019-02-25,14.619000,14.619000
2019-02-26,14.180000,14.180000
2019-02-27,14.119000,14.119000
2019-02-28,14.150000,14.150000
2019-03-01,14.174000,14.174000
2019-03-04,13.931000,13.931000
2019-03-05,13.866000,13.866000
2019-03-06,13.697000,13.697000
2019-03-07,13.735000,13.735000
2019-03-08,13.812000,13.812000
2019-03-11,14.300000,14.300000
2019-03-12,14.519000,14.519000
2019-03-13,14.750000,14.750000
2019-03-14,14.800000,14.800000
2019-03-15,14.833000,14.833000
2019-03-18,14.783000,14.783000
2019-03-19,14.740000,14.740000
2019-03-20,14.754000,14.754000
2019-03-21,14.962000,14.962000
2019-03-22,14.383000,14.383000
2019-03-25,14.409000,14.409000
2019-03-26,14.565000,14.565000
2019-03-27,14.362000,14.362000
2019-03-28,14.480000,14.480000
2019-03-29,14.425000,14.425000
2019-04-01,14.734000,14.734000
2019-04-02,14.620000,14.620000
2019-04-03,14.793000,14.793000
2019-04-04,14.457000,14.457000
2019-04-05,14.652000,14.652000
2019-04-08,14.442000,14.442000
2019-04-09,14.413000,14.413000
2019-04-10,14.774000,14.774000
2019-04-11,14.852000,14.852000
2019-04-12,15.065000,15.065000
2019-04-15,14.954000,14.954000
2019-04-16,15.112000,15.112000
2019-04-17,14.811000,14.811000
2019-04-18,14.648000,14.648000
2019-04-22,14.734000,14.734000
2019-04-23,14.916000,14.916000
2019-04-24,14.954000,14.954000
2019-04-25,14.800000,14.800000
2019-04-26,14.942000,14.942000
2019-04-29,14.923000,14.923000
2019-04-30,14.970000,14.970000
2019-05-01,14.102000,14.102000
2019-05-02,14.084000,14.084000
2019-05-03,14.103000,14.103000
2019-05-06,14.145000,14.145000
2019-05-07,13.887000,13.887000
2019-05-08,13.797000,13.797000
2019-05-09,13.813000,13.813000
2019-05-10,13.926000,13.926000
2019-05-13,13.505000,13.505000
2019-05-14,13.650000,13.650000
2019-05-15,13.622000,13.622000
2019-05-16,13.806000,13.806000
2019-05-17,13.684000,13.684000
2019-05-20,13.627000,13.627000
2019-05-21,13.731000,13.731000
2019-05-22,13.627000,13.627000
2019-05-23,13.392000,13.392000
2019-05-24,13.408000,13.408000
2019-05-28,13.533000,13.533000
2019-05-29,13.375000,13.375000
2019-05-30,13.366000,13.366000
2019-05-31,13.291000,13.291000
2019-06-03,13.090000,13.090000
2019-06-04,13.382000,13.382000
2019-06-05,13.438000,13.438000
2019-06-06,13.441000,13.441000
2019-06-07,13.714000,13.714000
2019-06-10,13.655000,13.655000
2019-06-11,13.414000,13.414000
2019-06-12,13.268000,13.268000
2019-06-13,13.205000,13.205000
2019-06-14,13.365000,13.365000
2019-06-17,14.125000,14.125000
2019-06-18,14.559000,14.559000
2019-06-19,14.767000,14.767000
2019-06-20,14.789000,14.789000
2019-06-21,14.672000,14.672000
2019-06-24,14.158000,14.158000
2019-06-25,14.016000,14.016000
2019-06-26,13.912000,13.912000
2019-06-27,14.103000,14.103000
2019-06-28,14.331000,14.331000
2019-07-01,14.003000,14.003000
2019-07-02,14.050000,14.050000
2019-07-03,14.116000,14.116000
2019-07-05,14.024000,14.024000
2019-07-08,12.593000,12.593000
2019-07-09,12.399000,12.399000
2019-07-10,12.296000,12.296000
2019-07-11,12.279000,12.279000
2019-07-12,12.302000,12.302000
2019-07-15,12.362000,12.362000
2019-07-16,12.450000,12.450000
2019-07-17,12.251000,12.251000
2019-07-18,12.266000,12.266000
2019-07-19,12.175000,12.175000
2019-07-22,12.225000,12.225000
2019-07-23,12.158000,12.158000
2019-07-24,12.273000,12.273000
2019-07-25,12.219000,12.219000
2019-07-26,12.332000,12.332000
2019-07-29,12.218000,12.218000
2019-07-30,12.319000,12.319000
2019-07-31,13.673000,13.673000
2019-08-01,13.548000,13.548000
2019-08-02,13.430000,13.430000
2019-08-05,13.252000,13.252000
2019-08-06,13.410000,13.410000
2019-08-07,13.835000,13.835000
2019-08-08,14.027000,14.027000
2019-08-09,14.070000,14.070000
2019-08-12,14.074000,14.074000
2019-08-13,13.873000,13.873000
2019-08-14,13.795000,13.795000
2019-08-15,13.639000,13.639000
2019-08-16,13.733000,13.733000
2019-08-19,13.975000,13.975000
2019-08-20,14.051000,14.051000
2019-08-21,14.089000,14.089000
2019-08-22,14.122000,14.122000
2019-08-23,13.811000,13.811000
2019-08-26,13.962000,13.962000
2019-08-27,13.872000,13.872000
2019-08-28,13.946000,13.946000
2019-08-29,14.139000,14.139000
2019-08-30,14.329000,14.329000
2019-09-03,14.360000,14.360000
2019-09-04,13.717000,13.717000
2019-09-05,14.141000,14.141000
2019-09-06,13.989000,13.989000
2019-09-09,14.369000,14.369000
2019-09-10,14.496000,14.496000
2019-09-11,14.754000,14.754000
2019-09-12,14.840000,14.840000
2019-09-13,14.578000,14.578000
2019-09-16,14.745000,14.745000
2019-09-17,14.901000,14.901000
2019-09-18,14.813000,14.813000
2019-09-19,15.045000,15.045000
2019-09-20,14.905000,14.905000
2019-09-23,15.059000,15.059000
2019-09-24,14.888000,14.888000
2019-09-25,14.957000,14.957000
2019-09-26,14.937000,14.937000
2019-09-27,14.703000,14.703000
2019-09-30,14.837000,14.837000
2019-10-01,14.634000,14.634000
2019-10-02,14.490000,14.490000
2019-10-03,14.542000,14.542000
2019-10-04,14.659000,14.659000
2019-10-07,14.735000,14.735000
2019-10-08,14.396000,14.396000
2019-10-09,14.437000,14.437000
2019-10-10,14.352000,14.352000
2019-10-11,14.415000,14.415000
2019-10-14,14.394000,14.394000
2019-10-15,14.418000,14.418000
2019-10-16,14.341000,14.341000
2019-10-17,14.372000,14.372000
2019-10-18,14.315000,14.315000
2019-10-21,14.402000,14.402000
2019-10-22,14.302000,14.302000
2019-10-23,14.260000,14.260000
2019-10-24,14.460000,14.460000
2019-10-25,14.577000,14.577000
2019-10-28,14.617000,14.617000
2019-10-29,14.665000,14.665000
2019-10-30,15.341000,15.341000
2019-10-31,15.325000,15.325000
2019-11-01,15.369000,15.369000
2019-11-04,15.351000,15.351000
2019-11-05,15.500000,15.500000
2019-11-06,15.496000,15.496000
2019-11-07,15.578000,15.578000
2019-11-08,15.613000,15.613000
2019-11-11,15.592000,15.592000
2019-11-12,15.806000,15.806000
2019-11-13,15.696000,15.696000
2019-11-14,15.664000,15.664000
2019-11-15,15.640000,15.640000
2019-11-18,15.523000,15.523000
2019-11-19,15.749000,15.749000
2019-11-20,15.402000,15.402000
2019-11-21,14.950000,14.950000
2019-11-22,15.160000,15.160000
2019-11-25,15.276000,15.276000
2019-11-26,15.240000,15.240000
2019-11-27,15.262000,15.262000
2019-11-29,15.033000,15.033000
2019-12-02,15.008000,15.008000
2019-12-03,14.998000,14.998000
2019-12-04,15.160000,15.160000
2019-12-05,14.986000,14.986000
2019-12-06,15.160000,15.160000
2019-12-09,15.230000,15.230000
2019-12-10,15.270000,15.270000
2019-12-11,15.047000,15.047000
2019-12-12,14.685000,14.685000
2019-12-13,14.535000,14.535000
2019-12-16,14.653000,14.653000
2019-12-17,14.735000,14.735000
2019-12-18,14.582000,14.582000
2019-12-19,14.595000,14.595000
2019-12-20,14.520000,14.520000
2019-12-23,14.433000,14.433000
2019-12-24,14.440000,14.440000
2019-12-26,14.505000,14.505000
2019-12-27,14.476000,14.476000
2019-12-30,14.202000,14.202000
2019-12-31,14.263000,14.263000
2020-01-02,14.431000,14.431000
2020-01-03,14.357000,14.357000
2020-01-06,14.425000,14.425000
2020-01-07,14.387000,14.387000
2020-01-08,14.371000,14.371000
2020-01-09,14.350000,14.350000
2020-01-10,14.239000,14.239000
2020-01-13,14.459000,14.459000
2020-01-14,14.477000,14.477000
2020-01-15,14.627000,14.627000
2020-01-16,14.672000,14.672000
2020-01-17,14.674000,14.674000
2020-01-21,14.595000,14.595000
2020-01-22,14.592000,14.592000
2020-01-23,14.574000,14.574000
2020-01-24,14.316000,14.316000
2020-01-27,14.253000,14.253000
2020-01-28,14.400000,14.400000
2020-01-29,15.260000,15.260000
2020-01-30,15.270000,15.270000
2020-01-31,15.203000,15.203000
2020-02-03,14.948000,14.948000
2020-02-04,15.181000,15.181000
2020-02-05,15.284000,15.284000
2020-02-06,15.224000,15.224000
2020-02-07,15.266000,15.266000
2020-02-10,15.145000,15.145000
2020-02-11,15.210000,15.210000
2020-02-12,14.984000,14.984000
2020-02-13,14.807000,14.807000
2020-02-14,14.884000,14.884000
2020-02-18,14.797000,14.797000
2020-02-19,14.960000,14.960000
2020-02-20,14.980000,14.980000
2020-02-21,14.995000,14.995000
2020-02-24,14.588000,14.588000
2020-02-25,14.005000,14.005000
2020-02-26,14.012000,14.012000
2020-02-27,13.622000,13.622000
2020-02-28,13.516000,13.516000
2020-03-02,13.672000,13.672000
2020-03-03,13.439000,13.439000
2020-03-04,13.617000,13.617000
2020-03-05,13.688000,13.688000
2020-03-06,13.628000,13.628000
2020-03-09,12.943000,12.943000
2020-03-10,12.998000,12.998000
2020-03-11,12.415000,12.415000
2020-03-12,10.853000,10.853000
2020-03-13,11.133000,11.133000
2020-03-16,10.666000,10.666000
2020-03-17,10.936000,10.936000
2020-03-18,9.220000,9.220000
2020-03-19,10.538000,10.538000
2020-03-20,10.074000,10.074000
2020-03-23,10.247000,10.247000
2020-03-24,10.689000,10.689000
2020-03-25,10.413000,10.413000
2020-03-26,11.054000,11.054000
2020-03-27,10.631000,10.631000
2020-03-30,11.024000,11.024000
2020-03-31,11.810000,11.810000
2020-04-01,11.339000,11.339000
2020-04-02,11.449000,11.449000
2020-04-03,11.223000,11.223000
2020-04-06,11.603000,11.603000
2020-04-07,11.771000,11.771000
2020-04-08,12.300000,12.300000
2020-04-09,12.542000,12.542000
2020-04-13,12.209000,12.209000
2020-04-14,12.650000,12.650000
2020-04-15,12.260000,12.260000
2020-04-16,12.413000,12.413000
2020-04-17,12.653000,12.653000
2020-04-20,12.692000,12.692000
2020-04-21,12.271000,12.271000
2020-04-22,12.501000,12.501000
2020-04-23,12.598000,12.598000
2020-04-24,12.555000,12.555000
2020-04-27,12.923000,12.923000
2020-04-28,12.885000,12.885000
2020-04-29,12.748000,12.748000
2020-04-30,12.633000,12.633000
2020-05-01,12.259000,12.259000
2020-05-04,11.855000,11.855000
2020-05-05,12.081000,12.081000
2020-05-06,12.200000,12.200000
2020-05-07,12.348000,12.348000
2020-05-08,12.467000,12.467000
2020-05-11,12.382000,12.382000
2020-05-12,12.011000,12.011000
2020-05-13,11.495000,11.495000
2020-05-14,11.321000,11.321000
2020-05-15,11.558000,11.558000
2020-05-18,12.013000,12.013000
2020-05-19,11.906000,11.906000
2020-05-20,12.124000,12.124000
2020-05-21,12.072000,12.072000
2020-05-22,12.237000,12.237000
2020-05-26,12.471000,12.471000
2020-05-27,12.592000,12.592000
2020-05-28,12.534000,12.534000
2020-05-29,12.448000,12.448000
2020-06-01,12.260000,12.260000
2020-06-02,12.109000,12.109000
2020-06-03,12.963000,12.963000
2020-06-04,12.530000,12.530000
2020-06-05,12.521000,12.521000
2020-06-08,12.636000,12.636000
2020-06-09,12.568000,12.568000
2020-06-10,12.392000,12.392000
2020-06-11,11.734000,11.734000
2020-06-12,11.802000,11.802000
2020-06-15,12.267000,12.267000
2020-06-16,12.196000,12.196000
2020-06-17,12.173000,12.173000
2020-06-18,11.946000,11.946000
2020-06-19,11.819000,11.819000
2020-06-22,11.871000,11.871000
2020-06-23,11.754000,11.754000
2020-06-24,11.438000,11.438000
2020-06-25,11.779000,11.779000
2020-06-26,11.600000,11.600000
2020-06-29,11.850000,11.850000
2020-06-30,11.829000,11.829000
2020-07-01,11.780000,11.780000
2020-07-02,11.735000,11.735000
2020-07-06,11.975000,11.975000
2020-07-07,11.809000,11.809000
2020-07-08,11.822000,11.822000
2020-07-09,11.737000,11.737000
2020-07-10,11.766000,11.766000
2020-07-13,11.579000,11.579000
2020-07-14,11.666000,11.666000
2020-07-15,12.045000,12.045000
2020-07-16,11.846000,11.846000
2020-07-17,11.834000,11.834000
2020-07-20,12.051000,12.051000
2020-07-21,12.104000,12.104000
2020-07-22,12.121000,12.121000
2020-07-23,11.976000,11.976000
2020-07-24,11.695000,11.695000
2020-07-27,11.766000,11.766000
2020-07-28,11.781000,11.781000
2020-07-29,12.274000,12.274000
2020-07-30,12.215000,12.215000
2020-07-31,12.392000,12.392000
2020-08-03,12.366000,12.366000
2020-08-04,12.332000,12.332000
2020-08-05,12.395000,12.395000
2020-08-06,12.335000,12.335000
2020-08-07,12.339000,12.339000
2020-08-10,12.362000,12.362000
2020-08-11,13.489000,13.489000
2020-08-12,13.704000,13.704000
2020-08-13,13.700000,13.700000
2020-08-14,14.663000,14.663000
2020-08-17,14.384000,14.384000
2020-08-18,14.314000,14.314000
2020-08-19,14.167000,14.167000
2020-08-20,14.414000,14.414000
2020-08-21,14.508000,14.508000
2020-08-24,14.858000,14.858000
2020-08-25,14.696000,14.696000
2020-08-26,14.606000,14.606000
2020-08-27,14.652000,14.652000
2020-08-28,14.689000,14.689000
2020-08-31,14.444000,14.444000
2020-09-01,14.882000,14.882000
2020-09-02,15.000000,15.000000
2020-09-03,14.428000,14.428000
2020-09-04,14.219000,14.219000
2020-09-08,13.882000,13.882000
2020-09-09,14.115000,14.115000
2020-09-10,13.972000,13.972000
2020-09-11,14.113000,14.113000
2020-09-14,14.262000,14.262000
2020-09-15,15.575000,15.575000
2020-09-16,17.490000,17.490000
2020-09-17,16.361000,16.361000
2020-09-18,15.959000,15.959000
2020-09-21,15.216000,15.216000
2020-09-22,15.425000,15.425000
2020-09-23,14.828000,14.828000
2020-09-24,14.606000,14.606000
2020-09-25,14.613000,14.613000
2020-09-28,15.146000,15.146000
2020-09-29,14.969000,14.969000
2020-09-30,15.056000,15.056000
2020-10-01,14.896000,14.896000
2020-10-02,14.646000,14.646000
2020-10-05,14.821000,14.821000
2020-10-06,15.004000,15.004000
2020-10-07,15.309000,15.309000
2020-10-08,16.393999,16.393999
2020-10-09,16.473000,16.473000
2020-10-12,16.646000,16.646000
2020-10-13,16.608000,16.608000
2020-10-14,16.424000,16.424000
2020-10-15,16.597000,16.597000
2020-10-16,16.469999,16.469999
2020-10-19,16.414000,16.414000
2020-10-20,16.907000,16.907000
2020-10-21,18.105000,18.105000
2020-10-22,18.305000,18.305000
2020-10-23,18.430000,18.430000
2020-10-26,17.500000,17.500000
2020-10-27,17.558001,17.558001
2020-10-28,16.215000,16.215000
2020-10-29,16.195999,16.195999
2020-10-30,16.707001,16.707001
2020-11-02,16.657000,16.657000
2020-11-03,17.195000,17.195000
2020-11-04,17.253000,17.253000
2020-11-05,18.167999,18.167999
2020-11-06,18.562000,18.562000
2020-11-09,18.500999,18.500999
2020-11-10,18.614000,18.614000
2020-11-11,19.216000,19.216000
2020-11-12,18.694000,18.694000
2020-11-13,19.226999,19.226999
2020-11-16,20.393000,20.393000
2020-11-17,20.820000,20.820000
2020-11-18,21.296000,21.296000
2020-11-19,21.711000,21.711000
2020-11-20,22.211000,22.211000
2020-11-23,22.076000,22.076000
2020-11-24,24.723000,24.723000
2020-11-25,27.027000,27.027000
2020-11-27,27.125999,27.125999
2020-11-30,34.277000,34.277000
2020-12-01,32.400002,32.400002
2020-12-02,32.132000,32.132000
2020-12-03,33.160000,33.160000
2020-12-04,32.799999,32.799999
2020-12-07,33.622002,33.622002
2020-12-08,28.945000,28.945000
2020-12-09,28.621000,28.621000
2020-12-10,29.033001,29.033001
2020-12-11,28.591999,28.591999
2020-12-14,27.952999,27.952999
2020-12-15,28.579000,28.579000
2020-12-16,29.912001,29.912001
2020-12-17,29.780001,29.780001
2020-12-18,30.120001,30.120001
2020-12-21,31.760000,31.760000
2020-12-22,33.150002,33.150002
2020-12-23,33.717999,33.717999
2020-12-24,32.261002,32.261002
2020-12-28,37.000000,37.000000
2020-12-29,36.606998,36.606998
2020-12-30,38.997002,38.997002
2020-12-31,38.855000,38.855000
2021-01-04,42.521999,42.521999
2021-01-05,42.862999,42.862999
2021-01-06,48.055000,48.055000
2021-01-07,53.575001,53.575001
2021-01-08,53.164001,53.164001
2021-01-11,49.549000,49.549000
2021-01-12,51.424000,51.424000
2021-01-13,51.925999,51.925999
2021-01-14,63.099998,63.099998
2021-01-15,57.806999,57.806999
2021-01-19,59.221001,59.221001
2021-01-20,55.082001,55.082001
2021-01-21,52.046001,52.046001
2021-01-22,57.702999,57.702999
2021-01-25,57.141998,57.141998
2021-01-26,55.980999,55.980999
2021-01-27,54.009998,54.009998
2021-01-28,57.838001,57.838001
2021-01-29,61.730999,61.730999
2021-02-01,63.456001,63.456001
2021-02-02,68.792000,68.792000
2021-02-03,74.119003,74.119003
2021-02-04,76.558998,76.558998
2021-02-05,80.599998,80.599998
2021-02-08,104.099998,104.099998
2021-02-09,127.293999,127.293999
2021-02-10,97.447998,97.447998
2021-02-11,100.994003,100.994003
2021-02-12,103.431000,103.431000
2021-02-16,95.500000,95.500000
2021-02-17,94.180000,94.180000
2021-02-18,92.778000,92.778000
2021-02-19,96.372002,96.372002
2021-02-22,87.599998,87.599998
2021-02-23,69.123001,69.123001
2021-02-24,81.768997,81.768997
2021-02-25,73.161003,73.161003
2021-02-26,75.041000,75.041000
2021-03-01,78.244003,78.244003
2021-03-02,74.849998,74.849998
2021-03-03,73.156998,73.156998
2021-03-04,64.566002,64.566002
2021-03-05,62.023998,62.023998
2021-03-08,62.418999,62.418999
2021-03-09,71.598999,71.598999
2021-03-10,75.654999,75.654999
2021-03-11,80.375000,80.375000
2021-03-12,78.400002,78.400002
2021-03-15,76.901001,76.901001
2021-03-16,72.429001,72.429001
2021-03-17,77.098999,77.098999
2021-03-18,73.205002,73.205002
2021-03-19,77.704002,77.704002
2021-03-22,72.456001,72.456001
2021-03-23,67.721001,67.721001
2021-03-24,62.157001,62.157001
2021-03-25,62.091000,62.091000
2021-03-26,62.400002,62.400002
2021-03-29,63.133999,63.133999
2021-03-30,65.398003,65.398003
2021-03-31,67.879997,67.879997
2021-04-01,70.356003,70.356003
2021-04-05,72.055000,72.055000
2021-04-06,70.458000,70.458000
2021-04-07,65.620003,65.620003
2021-04-08,69.012001,69.012001
2021-04-09,71.099998,71.099998
2021-04-12,71.823997,71.823997
2021-04-13,84.853996,84.853996
2021-04-14,73.550003,73.550003
2021-04-15,74.014999,74.014999
2021-04-16,69.362000,69.362000
2021-04-19,63.751999,63.751999
2021-04-20,64.644997,64.644997
2021-04-21,65.045998,65.045998
2021-04-22,59.820000,59.820000
2021-04-23,61.304001,61.304001
2021-04-26,65.882004,65.882004
2021-04-27,67.698997,67.698997
2021-04-28,68.082001,68.082001
2021-04-29,65.500999,65.500999
2021-04-30,65.716003,65.716003
2021-05-03,63.562000,63.562000
2021-05-04,61.688000,61.688000
2021-05-05,62.345001,62.345001
2021-05-06,60.908001,60.908001
2021-05-07,62.046001,62.046001
2021-05-10,56.945999,56.945999
2021-05-11,57.695999,57.695999
2021-05-12,54.188000,54.188000
2021-05-13,48.807999,48.807999
2021-05-14,52.131001,52.131001
2021-05-17,48.935001,48.935001
2021-05-18,48.720001,48.720001
2021-05-19,45.486000,45.486000
2021-05-20,47.265999,47.265999
2021-05-21,45.051998,45.051998
2021-05-24,47.244999,47.244999
2021-05-25,46.966999,46.966999
2021-05-26,48.278999,48.278999
2021-05-27,49.384998,49.384998
2021-05-28,47.000000,47.000000
2021-06-01,47.776001,47.776001
2021-06-02,49.849998,49.849998
2021-06-03,48.863998,48.863998
2021-06-04,48.466999,48.466999
2021-06-07,46.980999,46.980999
2021-06-08,45.938000,45.938000
2021-06-09,51.299000,51.299000
2021-06-10,50.865002,50.865002
2021-06-11,51.644001,51.644001
2021-06-14,59.848999,59.848999
2021-06-15,63.054001,63.054001
2021-06-16,61.981998,61.981998
2021-06-17,63.081001,63.081001
2021-06-18,64.646004,64.646004
2021-06-21,58.367001,58.367001
2021-06-22,55.372002,55.372002
2021-06-23,55.299999,55.299999
2021-06-24,58.188000,58.188000
2021-06-25,55.005001,55.005001
2021-06-28,62.417000,62.417000
2021-06-29,66.899002,66.899002
2021-06-30,66.449997,66.449997
2021-07-01,65.085999,65.085999
2021-07-02,63.561001,63.561001
2021-07-06,63.429001,63.429001
2021-07-07,63.986000,63.986000
2021-07-08,61.844002,61.844002
2021-07-09,62.866001,62.866001
2021-07-12,58.868999,58.868999
2021-07-13,57.987999,57.987999
2021-07-14,56.042999,56.042999
2021-07-15,54.104000,54.104000
2021-07-16,52.308998,52.308998
2021-07-19,49.872002,49.872002
2021-07-20,50.178001,50.178001
2021-07-21,55.694000,55.694000
2021-07-22,55.594002,55.594002
2021-07-23,53.971001,53.971001
2021-07-26,68.250000,68.250000
2021-07-27,63.061001,63.061001
2021-07-28,64.665001,64.665001
2021-07-29,62.500999,62.500999
2021-07-30,62.601002,62.601002
2021-08-02,63.778999,63.778999
2021-08-03,62.506001,62.506001
2021-08-04,67.093002,67.093002
2021-08-05,71.561996,71.561996
2021-08-06,74.872002,74.872002
2021-08-09,76.773003,76.773003
2021-08-10,75.049004,75.049004
2021-08-11,74.749001,74.749001
2021-08-12,72.098999,72.098999
2021-08-13,72.800003,72.800003
2021-08-16,69.750999,69.750999
2021-08-17,66.369003,66.369003
2021-08-18,65.504997,65.504997
2021-08-19,67.625999,67.625999
2021-08-20,71.655998,71.655998
2021-08-23,71.850998,71.850998
2021-08-24,71.550003,71.550003
2021-08-25,72.670998,72.670998
2021-08-26,69.365997,69.365997
2021-08-27,70.720001,70.720001
2021-08-30,70.299004,70.299004
2021-08-31,69.430000,69.430000
2021-09-01,70.250000,70.250000
2021-09-02,69.570999,69.570999
2021-09-03,71.225998,71.225998
2021-09-07,64.801003,64.801003
2021-09-08,63.862000,63.862000
2021-09-09,64.061996,64.061996
2021-09-10,61.556999,61.556999
2021-09-13,64.269997,64.269997
2021-09-14,61.848000,61.848000
2021-09-15,63.299999,63.299999
2021-09-16,63.299999,63.299999
2021-09-17,61.429001,61.429001
2021-09-20,58.839001,58.839001
2021-09-21,58.102001,58.102001
2021-09-22,59.960999,59.960999
2021-09-23,61.657001,61.657001
2021-09-24,59.938999,59.938999
2021-09-27,59.474998,59.474998
2021-09-28,57.351002,57.351002
2021-09-29,56.632000,56.632000
2021-09-30,57.840000,57.840000
2021-10-01,61.245998,61.245998
2021-10-04,60.724998,60.724998
2021-10-05,65.100998,65.100998
2021-10-06,67.380997,67.380997
2021-10-07,69.278999,69.278999
2021-10-08,70.882004,70.882004
2021-10-11,73.180000,73.180000
2021-10-12,71.065002,71.065002
2021-10-13,72.629997,72.629997
2021-10-14,72.394997,72.394997
2021-10-15,74.985001,74.985001
2021-10-18,73.963997,73.963997
2021-10-19,72.724998,72.724998
2021-10-20,75.818001,75.818001
2021-10-21,73.542999,73.542999
2021-10-22,71.851997,71.851997
2021-10-25,74.601997,74.601997
2021-10-26,73.486000,73.486000
2021-10-27,71.501999,71.501999
2021-10-28,71.712997,71.712997
2021-10-29,71.505997,71.505997
2021-11-01,73.612000,73.612000
2021-11-02,79.414001,79.414001
2021-11-03,81.025002,81.025002
2021-11-04,80.000000,80.000000
2021-11-05,79.750999,79.750999
2021-11-08,86.000000,86.000000
2021-11-09,85.901001,85.901001
2021-11-10,81.634003,81.634003
2021-11-11,81.835999,81.835999
2021-11-12,81.172997,81.172997
2021-11-15,79.500000,79.500000
2021-11-16,75.202003,75.202003
2021-11-17,75.300003,75.300003
2021-11-18,72.736000,72.736000
2021-11-19,71.831001,71.831001
2021-11-22,69.001999,69.001999
2021-11-23,69.677002,69.677002
2021-11-24,70.089996,70.089996
2021-11-26,66.300003,66.300003
2021-11-29,69.547997,69.547997
2021-11-30,72.142998,72.142998
2021-12-01,70.546997,70.546997
2021-12-02,68.335999,68.335999
2021-12-03,63.098999,63.098999
2021-12-06,59.646999,59.646999
2021-12-07,62.817001,62.817001
2021-12-08,63.653999,63.653999
2021-12-09,59.188000,59.188000
2021-12-10,60.084000,60.084000
2021-12-13,57.164001,57.164001
2021-12-14,58.037998,58.037998
2021-12-15,59.859001,59.859001
2021-12-16,56.694000,56.694000
2021-12-17,57.158001,57.158001
2021-12-20,54.639000,54.639000
2021-12-21,56.750000,56.750000
2021-12-22,56.999001,56.999001
2021-12-23,59.721001,59.721001
2021-12-27,60.827999,60.827999
2021-12-28,56.797001,56.797001
2021-12-29,55.609001,55.609001
2021-12-30,56.234001,56.234001
2021-12-31,54.449001,54.449001
2022-01-03,55.826000,55.826000
2022-01-04,55.106998,55.106998
2022-01-05,50.910000,50.910000
2022-01-06,49.862000,49.862000
2022-01-07,48.294998,48.294998
2022-01-10,48.195000,48.195000
2022-01-11,50.655998,50.655998
2022-01-12,51.464001,51.464001
2022-01-13,48.959000,48.959000
2022-01-14,49.956001,49.956001
2022-01-18,46.827999,46.827999
2022-01-19,46.042000,46.042000
2022-01-20,45.752998,45.752998
2022-01-21,37.589001,37.589001
2022-01-24,37.044998,37.044998
2022-01-25,36.505001,36.505001
2022-01-26,35.365002,35.365002
2022-01-27,31.945000,31.945000
2022-01-28,33.895000,33.895000
2022-01-31,36.800999,36.800999
2022-02-01,37.299999,37.299999
2022-02-02,34.883999,34.883999
2022-02-03,34.008999,34.008999
2022-02-04,39.164001,39.164001
2022-02-07,41.347000,41.347000
2022-02-08,42.542999,42.542999
2022-02-09,44.660000,44.660000
2022-02-10,43.147999,43.147999
2022-02-11,41.101002,41.101002
2022-02-14,40.949001,40.949001
2022-02-15,43.723999,43.723999
2022-02-16,43.498001,43.498001
2022-02-17,40.459999,40.459999
2022-02-18,39.597000,39.597000
2022-02-22,37.770000,37.770000
2022-02-23,36.502998,36.502998
2022-02-24,39.695999,39.695999
2022-02-25,40.500000,40.500000
2022-02-28,44.299999,44.299999
2022-03-01,46.473000,46.473000
2022-03-02,45.929001,45.929001
2022-03-03,42.869999,42.869999
2022-03-04,41.035999,41.035999
2022-03-07,38.890999,38.890999
2022-03-08,41.035999,41.035999
2022-03-09,43.674999,43.674999
2022-03-10,42.112999,42.112999
2022-03-11,39.082001,39.082001
2022-03-14,36.993000,36.993000
2022-03-15,39.613998,39.613998
2022-03-16,42.877998,42.877998
2022-03-17,43.409000,43.409000
2022-03-18,45.428001,45.428001
2022-03-21,43.647999,43.647999
2022-03-22,45.994999,45.994999
2022-03-23,45.069000,45.069000
2022-03-24,48.391998,48.391998
2022-03-25,47.242001,47.242001
2022-03-28,51.000000,51.000000
2022-03-29,52.000000,52.000000
2022-03-30,50.069000,50.069000
2022-03-31,48.632000,48.632000
2022-04-01,49.098000,49.098000
2022-04-04,50.125999,50.125999
2022-04-05,48.728001,48.728001
2022-04-06,45.511002,45.511002
2022-04-07,46.361000,46.361000
2022-04-08,45.324001,45.324001
2022-04-11,43.639000,43.639000
2022-04-12,44.345001,44.345001
2022-04-13,46.358002,46.358002
2022-04-14,44.918999,44.918999
2022-04-18,44.589001,44.589001
2022-04-19,47.113998,47.113998
2022-04-20,44.903000,44.903000
2022-04-21,42.785999,42.785999
2022-04-22,40.908001,40.908001
2022-04-25,42.799999,42.799999
2022-04-26,39.101002,39.101002
2022-04-27,38.577999,38.577999
2022-04-28,40.049000,40.049000
2022-04-29,35.417000,35.417000
2022-05-02,36.591000,36.591000
2022-05-03,34.340000,34.340000
2022-05-04,36.644001,36.644001
2022-05-05,31.452000,31.452000
2022-05-06,29.424000,29.424000
2022-05-09,21.905001,21.905001
2022-05-10,22.552000,22.552000
2022-05-11,16.820000,16.820000
2022-05-12,17.118000,17.118000
2022-05-13,20.457001,20.457001
2022-05-16,20.150999,20.150999
2022-05-17,22.487000,22.487000
2022-05-18,19.743999,19.743999
2022-05-19,21.077000,21.077000
2022-05-20,20.275000,20.275000
2022-05-23,20.437000,20.437000
2022-05-24,19.301001,19.301001
2022-05-25,19.812000,19.812000
2022-05-26,21.610001,21.610001
2022-05-27,21.938999,21.938999
2022-05-31,26.469000,26.469000
2022-06-01,23.813999,23.813999
2022-06-02,24.445999,24.445999
2022-06-03,22.722000,22.722000
2022-06-06,23.544001,23.544001
2022-06-07,24.000000,24.000000
2022-06-08,23.289000,23.289000
2022-06-09,21.775999,21.775999
2022-06-10,20.336000,20.336000
2022-06-13,15.215000,15.215000
2022-06-14,15.687000,15.687000
2022-06-15,17.134001,17.134001
2022-06-16,16.134001,16.134001
2022-06-17,16.760000,16.760000
2022-06-21,17.896000,17.896000
2022-06-22,17.091000,17.091000
2022-06-23,18.830999,18.830999
2022-06-24,20.544001,20.544001
2022-06-27,19.673000,19.673000
2022-06-28,18.612000,18.612000
2022-06-29,17.969000,17.969000
2022-06-30,16.430000,16.430000
2022-07-01,16.677000,16.677000
2022-07-05,18.768000,18.768000
2022-07-06,18.830000,18.830000
2022-07-07,21.951000,21.951000
2022-07-08,22.128000,22.128000
2022-07-11,20.090000,20.090000
2022-07-12,19.252001,19.252001
2022-07-13,19.555000,19.555000
2022-07-14,20.459000,20.459000
2022-07-15,21.398001,21.398001
2022-07-18,22.563000,22.563000
2022-07-19,26.716999,26.716999
2022-07-20,28.877001,28.877001
2022-07-21,28.971001,28.971001
2022-07-22,28.191999,28.191999
2022-07-25,26.586000,26.586000
2022-07-26,23.764000,23.764000
2022-07-27,26.240000,26.240000
2022-07-28,27.572001,27.572001
2022-07-29,28.606001,28.606001
2022-08-01,27.573999,27.573999
2022-08-02,27.826000,27.826000
2022-08-03,31.368000,31.368000
2022-08-04,30.931000,30.931000
2022-08-05,31.915001,31.915001
2022-08-08,33.000999,33.000999
2022-08-09,31.938000,31.938000
2022-08-10,33.580002,33.580002
2022-08-11,33.699001,33.699001
2022-08-12,35.284000,35.284000
2022-08-15,34.908001,34.908001
2022-08-16,34.264000,34.264000
2022-08-17,32.520000,32.520000
2022-08-18,32.438000,32.438000
2022-08-19,28.299999,28.299999
2022-08-22,26.809000,26.809000
2022-08-23,26.580000,26.580000
2022-08-24,27.441000,27.441000
2022-08-25,27.281000,27.281000
2022-08-26,24.920000,24.920000
2022-08-29,24.496000,24.496000
2022-08-30,24.023001,24.023001
2022-08-31,23.156000,23.156000
2022-09-01,22.091999,22.091999
2022-09-02,21.806000,21.806000
2022-09-06,20.424999,20.424999
2022-09-07,21.861000,21.861000
2022-09-08,23.450001,23.450001
2022-09-09,26.197001,26.197001
2022-09-12,26.298000,26.298000
2022-09-13,23.125000,23.125000
2022-09-14,22.599001,22.599001
2022-09-15,21.694000,21.694000
2022-09-16,20.634001,20.634001
2022-09-19,20.620001,20.620001
2022-09-20,19.660000,19.660000
2022-09-21,19.591999,19.591999
2022-09-22,19.232000,19.232000
2022-09-23,19.145000,19.145000
2022-09-26,20.018000,20.018000
2022-09-27,20.607000,20.607000
2022-09-28,22.047001,22.047001
2022-09-29,21.181999,21.181999
2022-09-30,21.226000,21.226000
2022-10-03,22.452000,22.452000
2022-10-04,24.874001,24.874001
2022-10-05,24.219000,24.219000
2022-10-06,24.167000,24.167000
2022-10-07,22.030001,22.030001
2022-10-10,22.065001,22.065001
2022-10-11,21.636999,21.636999
2022-10-12,21.837999,21.837999
2022-10-13,22.054001,22.054001
2022-10-14,20.931000,20.931000
2022-10-17,22.113001,22.113001
2022-10-18,23.500000,23.500000
2022-10-19,22.608000,22.608000
2022-10-20,22.101000,22.101000
2022-10-21,23.261999,23.261999
2022-10-24,23.760000,23.760000
2022-10-25,26.868999,26.868999
2022-10-26,27.271999,27.271999
2022-10-27,27.056000,27.056000
2022-10-28,27.999001,27.999001
2022-10-31,26.750999,26.750999
2022-11-01,25.719999,25.719999
2022-11-02,24.823000,24.823000
2022-11-03,24.844000,24.844000
2022-11-04,27.709999,27.709999
2022-11-07,26.664000,26.664000
2022-11-08,21.184000,21.184000
2022-11-09,17.035999,17.035999
2022-11-10,17.500000,17.500000
2022-11-11,17.518000,17.518000
2022-11-14,16.590000,16.590000
2022-11-15,17.153000,17.153000
2022-11-16,16.944000,16.944000
2022-11-17,17.388000,17.388000
2022-11-18,17.011999,17.011999
2022-11-21,15.722000,15.722000
2022-11-22,16.708000,16.708000
2022-11-23,17.639000,17.639000
2022-11-25,18.299999,18.299999
2022-11-28,17.667000,17.667000
2022-11-29,18.200001,18.200001
2022-11-30,19.809000,19.809000
2022-12-01,19.898001,19.898001
2022-12-02,20.694000,20.694000
2022-12-05,19.566999,19.566999
2022-12-06,19.552000,19.552000
2022-12-07,19.349001,19.349001
2022-12-08,20.257000,20.257000
2022-12-09,20.325001,20.325001
2022-12-12,19.615999,19.615999
2022-12-13,20.181000,20.181000
2022-12-14,20.273001,20.273001
2022-12-15,18.799999,18.799999
2022-12-16,17.375000,17.375000
2022-12-19,17.021000,17.021000
2022-12-20,16.885000,16.885000
2022-12-21,16.882000,16.882000
2022-12-22,16.622999,16.622999
2022-12-23,16.267000,16.267000
2022-12-27,14.774000,14.774000
2022-12-28,13.809000,13.809000
2022-12-29,13.663000,13.663000
2022-12-30,14.157000,14.157000
2023-01-03,14.502000,14.502000
2023-01-04,16.506001,16.506001
2023-01-05,15.656000,15.656000
2023-01-06,16.045000,16.045000
2023-01-09,17.500999,17.500999
2023-01-10,19.000000,19.000000
2023-01-11,19.476000,19.476000
2023-01-12,21.017000,21.017000
2023-01-13,21.697001,21.697001
2023-01-17,23.591999,23.591999
2023-01-18,22.118999,22.118999
2023-01-19,22.145000,22.145000
2023-01-20,24.003000,24.003000
2023-01-23,25.021999,25.021999
2023-01-24,24.750000,24.750000
2023-01-25,24.584000,24.584000
2023-01-26,24.532000,24.532000
2023-01-27,25.836000,25.836000
2023-01-30,24.569000,24.569000
2023-01-31,25.173000,25.173000
2023-02-01,26.792000,26.792000
2023-02-02,29.212999,29.212999
2023-02-03,28.476000,28.476000
2023-02-06,28.205000,28.205000
2023-02-07,28.386999,28.386999
2023-02-08,27.596001,27.596001
2023-02-09,24.903999,24.903999
2023-02-10,24.337000,24.337000
2023-02-13,24.924999,24.924999
2023-02-14,27.114000,27.114000
2023-02-15,29.840000,29.840000
2023-02-16,28.403000,28.403000
2023-02-17,29.405001,29.405001
2023-02-21,26.992001,26.992001
2023-02-22,26.858000,26.858000
2023-02-23,26.575001,26.575001
2023-02-24,25.580000,25.580000
2023-02-27,25.865000,25.865000
2023-02-28,26.226999,26.226999
2023-03-01,25.791000,25.791000
2023-03-02,25.289000,25.289000
2023-03-03,24.691000,24.691000
2023-03-06,23.745001,23.745001
2023-03-07,23.143999,23.143999
2023-03-08,23.271999,23.271999
2023-03-09,21.082001,21.082001
2023-03-10,19.201000,19.201000
2023-03-13,22.316000,22.316000
2023-03-14,22.947001,22.947001
2023-03-15,22.754999,22.754999
2023-03-16,24.108000,24.108000
2023-03-17,26.766001,26.766001
2023-03-20,26.396000,26.396000
2023-03-21,27.337999,27.337999
2023-03-22,24.686001,24.686001
2023-03-23,26.333000,26.333000
2023-03-24,25.667000,25.667000
2023-03-27,23.896000,23.896000
2023-03-28,24.826000,24.826000
2023-03-29,28.403000,28.403000
2023-03-30,27.923000,27.923000
2023-03-31,29.232000,29.232000
2023-04-03,29.739000,29.739000
2023-04-04,29.898001,29.898001
2023-04-05,29.084000,29.084000
2023-04-06,29.010000,29.010000
2023-04-10,31.278000,31.278000
2023-04-11,33.235001,33.235001
2023-04-12,32.283001,32.283001
2023-04-13,34.071999,34.071999
2023-04-14,33.375000,33.375000
2023-04-17,31.302999,31.302999
2023-04-18,32.985001,32.985001
2023-04-19,31.472000,31.472000
2023-04-20,29.471001,29.471001
2023-04-21,29.101999,29.101999
2023-04-24,28.533001,28.533001
2023-04-25,29.091000,29.091000
2023-04-26,29.945999,29.945999
2023-04-27,31.864000,31.864000
2023-04-28,32.838001,32.838001
2023-05-01,30.747000,30.747000
2023-05-02,32.800999,32.800999
2023-05-03,30.424999,30.424999
2023-05-04,31.224001,31.224001
2023-05-05,32.672001,32.672001
2023-05-08,29.466999,29.466999
2023-05-09,30.343000,30.343000
2023-05-10,31.511000,31.511000
2023-05-11,28.737000,28.737000
2023-05-12,27.100000,27.100000
2023-05-15,28.250000,28.250000
2023-05-16,27.344000,27.344000
2023-05-17,29.056999,29.056999
2023-05-18,28.757999,28.757999
2023-05-19,28.827999,28.827999
2023-05-22,29.412001,29.412001
2023-05-23,28.933001,28.933001
2023-05-24,28.443001,28.443001
2023-05-25,28.099001,28.099001
2023-05-26,28.510000,28.510000
2023-05-30,29.927000,29.927000
2023-05-31,30.163000,30.163000
2023-06-01,29.993999,29.993999
2023-06-02,30.212999,30.212999
2023-06-05,27.636000,27.636000
2023-06-06,29.882000,29.882000
2023-06-07,29.080999,29.080999
2023-06-08,29.093000,29.093000
2023-06-09,28.233000,28.233000
2023-06-12,27.770000,27.770000
2023-06-13,28.382000,28.382000
2023-06-14,28.288000,28.288000
2023-06-15,27.792000,27.792000
2023-06-16,29.339001,29.339001
2023-06-20,31.340000,31.340000
2023-06-21,33.131001,33.131001
2023-06-22,32.723000,32.723000
2023-06-23,32.910999,32.910999
2023-06-26,30.573999,30.573999
2023-06-27,32.487999,32.487999
2023-06-28,32.561001,32.561001
2023-06-29,34.026001,34.026001
2023-06-30,34.242001,34.242001
2023-07-03,37.784000,37.784000
2023-07-05,37.811001,37.811001
2023-07-06,37.654999,37.654999
2023-07-07,38.074001,38.074001
2023-07-10,40.771000,40.771000
2023-07-11,41.230000,41.230000
2023-07-12,41.348999,41.348999
2023-07-13,46.182999,46.182999
2023-07-14,45.886002,45.886002
2023-07-17,44.987999,44.987999
2023-07-18,44.580002,44.580002
2023-07-19,45.310001,45.310001
2023-07-20,44.083000,44.083000
2023-07-21,43.665001,43.665001
2023-07-24,43.094002,43.094002
2023-07-25,43.681999,43.681999
2023-07-26,44.346001,44.346001
2023-07-27,42.615002,42.615002
2023-07-28,43.460999,43.460999
2023-07-31,43.787998,43.787998
2023-08-01,43.498001,43.498001
2023-08-02,40.733002,40.733002
2023-08-03,38.991001,38.991001
2023-08-04,37.696999,37.696999
2023-08-07,37.082001,37.082001
2023-08-08,38.948002,38.948002
2023-08-09,37.784000,37.784000
2023-08-10,37.800999,37.800999
2023-08-11,38.431000,38.431000
2023-08-14,38.882999,38.882999
2023-08-15,37.615002,37.615002
2023-08-16,36.966999,36.966999
2023-08-17,34.679001,34.679001
2023-08-18,32.862000,32.862000
2023-08-21,33.525002,33.525002
2023-08-22,32.951000,32.951000
2023-08-23,34.639999,34.639999
2023-08-24,33.655998,33.655998
2023-08-25,33.605000,33.605000
2023-08-28,34.437000,34.437000
2023-08-29,38.152000,38.152000
2023-08-30,37.167999,37.167999
2023-08-31,35.752998,35.752998
2023-09-01,35.147999,35.147999
2023-09-05,34.924999,34.924999
2023-09-06,35.070000,35.070000
2023-09-07,35.306999,35.306999
2023-09-08,35.627998,35.627998
2023-09-11,34.268002,34.268002
2023-09-12,34.776001,34.776001
2023-09-13,34.183998,34.183998
2023-09-14,34.639999,34.639999
2023-09-15,34.077999,34.077999
2023-09-18,34.062000,34.062000
2023-09-19,33.925999,33.925999
2023-09-20,33.347000,33.347000
2023-09-21,32.605999,32.605999
2023-09-22,32.280998,32.280998
2023-09-25,32.759998,32.759998
2023-09-26,31.730000,31.730000
2023-09-27,31.563000,31.563000
2023-09-28,32.891998,32.891998
2023-09-29,32.827999,32.827999
2023-10-02,32.949001,32.949001
2023-10-03,31.132999,31.132999
2023-10-04,32.040001,32.040001
2023-10-05,32.341999,32.341999
2023-10-06,34.063000,34.063000
2023-10-09,34.044998,34.044998
2023-10-10,34.046001,34.046001
2023-10-11,33.460999,33.460999
2023-10-12,32.360001,32.360001
2023-10-13,31.822001,31.822001
2023-10-16,32.580002,32.580002
2023-10-17,33.541000,33.541000
2023-10-18,32.914001,32.914001
2023-10-19,34.235001,34.235001
2023-10-20,34.804001,34.804001
2023-10-23,37.749001,37.749001
2023-10-24,42.487000,42.487000
2023-10-25,43.321999,43.321999
2023-10-26,41.345001,41.345001
2023-10-27,40.675999,40.675999
2023-10-30,42.021999,42.021999
2023-10-31,42.339001,42.339001
2023-11-01,42.667000,42.667000
2023-11-02,45.362999,45.362999
2023-11-03,45.395000,45.395000
2023-11-06,45.963001,45.963001
2023-11-07,47.355000,47.355000
2023-11-08,47.450001,47.450001
2023-11-09,49.407001,49.407001
2023-11-10,50.917999,50.917999
2023-11-13,50.487999,50.487999
2023-11-14,48.000000,48.000000
2023-11-15,50.595001,50.595001
2023-11-16,48.908001,48.908001
2023-11-17,48.622002,48.622002
2023-11-20,50.853001,50.853001
2023-11-21,49.304001,49.304001
2023-11-22,50.787998,50.787998
2023-11-24,52.023998,52.023998
2023-11-27,49.537998,49.537998
2023-11-28,50.587002,50.587002
2023-11-29,50.709999,50.709999
2023-11-30,49.830002,49.830002
2023-12-01,52.768002,52.768002
2023-12-04,56.321999,56.321999
2023-12-05,57.750000,57.750000
2023-12-06,56.889000,56.889000
2023-12-07,57.109001,57.109001
2023-12-08,59.938999,59.938999
2023-12-11,55.580002,55.580002
2023-12-12,55.832001,55.832001
2023-12-13,58.599998,58.599998
2023-12-14,58.237000,58.237000
2023-12-15,57.041000,57.041000
2023-12-18,57.189999,57.189999
2023-12-19,57.130001,57.130001
2023-12-20,57.347000,57.347000
2023-12-21,58.195000,58.195000
2023-12-22,61.924000,61.924000
2023-12-26,60.389000,60.389000
2023-12-27,67.070999,67.070999
2023-12-28,66.788002,66.788002
2023-12-29,63.161999,63.161999
2024-01-02,68.514999,68.514999
2024-01-03,63.105999,63.105999
2024-01-04,65.581001,65.581001
2024-01-05,63.108002,63.108002
2024-01-08,59.800999,59.800999
2024-01-09,57.729000,57.729000
2024-01-10,56.567001,56.567001
2024-01-11,53.618000,53.618000
2024-01-12,48.553001,48.553001
2024-01-16,48.214001,48.214001
2024-01-17,49.900002,49.900002
2024-01-18,48.660000,48.660000
2024-01-19,48.099998,48.099998
2024-01-22,47.019001,47.019001
2024-01-23,45.019001,45.019001
2024-01-24,45.098999,45.098999
2024-01-25,45.778000,45.778000
2024-01-26,49.450001,49.450001
2024-01-29,51.381001,51.381001
2024-01-30,51.951000,51.951000
2024-01-31,50.120998,50.120998
2024-02-01,50.348000,50.348000
2024-02-02,50.009998,50.009998
2024-02-05,49.060001,49.060001
2024-02-06,49.799999,49.799999
2024-02-07,50.800999,50.800999
2024-02-08,58.780998,58.780998
2024-02-09,64.632004,64.632004
2024-02-12,71.751999,71.751999
2024-02-13,68.601997,68.601997
2024-02-14,76.987999,76.987999
2024-02-15,71.800003,71.800003
2024-02-16,69.956001,69.956001
2024-02-20,70.498001,70.498001
2024-02-21,67.279999,67.279999
2024-02-22,71.315002,71.315002
2024-02-23,68.744003,68.744003
2024-02-26,79.648003,79.648003
2024-02-27,87.180000,87.180000
2024-02-28,96.294998,96.294998
2024-02-29,102.283997,102.283997
2024-03-01,107.939003,107.939003
2024-03-04,133.401001,133.401001
2024-03-05,105.100998,105.100998
2024-03-06,124.621002,124.621002
2024-03-07,130.001999,130.001999
2024-03-08,142.559006,142.559006
2024-03-11,148.423004,148.423004
2024-03-12,159.335007,159.335007
2024-03-13,176.615005,176.615005
2024-03-14,167.684998,167.684998
2024-03-15,178.235992,178.235992
2024-03-18,150.276001,150.276001
2024-03-19,141.750000,141.750000
2024-03-20,154.651993,154.651993
2024-03-21,159.929001,159.929001
2024-03-22,152.300003,152.300003
2024-03-25,185.600006,185.600006
2024-03-26,187.699005,187.699005
2024-03-27,191.916000,191.916000
2024-03-28,170.455994,170.455994
2024-04-01,163.673996,163.673996
2024-04-02,157.882996,157.882996
2024-04-03,160.610992,160.610992
2024-04-04,161.542007,161.542007
2024-04-05,143.899994,143.899994
2024-04-08,151.298996,151.298996
2024-04-09,144.102005,144.102005
2024-04-10,156.600006,156.600006
2024-04-11,155.181000,155.181000
2024-04-12,147.957993,147.957993
2024-04-15,133.587997,133.587997
2024-04-16,125.403000,125.403000
2024-04-17,118.805000,118.805000
2024-04-18,120.816002,120.816002
2024-04-19,117.411003,117.411003
2024-04-22,132.401001,132.401001
2024-04-23,133.863998,133.863998
2024-04-24,126.567001,126.567001
2024-04-25,124.041000,124.041000
2024-04-26,128.238007,128.238007
2024-04-29,129.296997,129.296997
2024-04-30,106.502998,106.502998
2024-05-01,102.827003,102.827003
2024-05-02,112.942001,112.942001
2024-05-03,122.301003,122.301003
2024-05-06,126.880997,126.880997
2024-05-07,125.745003,125.745003
2024-05-08,123.311996,123.311996
2024-05-09,126.363998,126.363998
2024-05-10,118.047997,118.047997
2024-05-13,124.596001,124.596001
2024-05-14,129.763000,129.763000
2024-05-15,150.347000,150.347000
2024-05-16,143.998001,143.998001
2024-05-17,158.449997,158.449997
2024-05-20,172.723999,172.723999
2024-05-21,165.542007,165.542007
2024-05-22,164.699997,164.699997
2024-05-23,154.406998,154.406998
2024-05-24,168.483994,168.483994
2024-05-28,167.535004,167.535004
2024-05-29,161.869995,161.869995
2024-05-30,154.100006,154.100006
2024-05-31,152.449005,152.449005
2024-06-03,162.740997,162.740997
2024-06-04,163.876999,163.876999
2024-06-05,169.468994,169.468994
2024-06-06,165.662994,165.662994
2024-06-07,159.619995,159.619995
2024-06-10,159.992004,159.992004
2024-06-11,155.548996,155.548996
2024-06-12,160.367004,160.367004
2024-06-13,148.388000,148.388000
2024-06-14,149.554001,149.554001
2024-06-17,150.725998,150.725998
2024-06-18,146.942993,146.942993
2024-06-20,146.539993,146.539993
2024-06-21,148.376007,148.376007
2024-06-24,137.214996,137.214996
2024-06-25,149.574005,149.574005
2024-06-26,145.772995,145.772995
2024-06-27,152.539993,152.539993
2024-06-28,137.748001,137.748001
2024-07-01,136.597000,136.597000
2024-07-02,132.018997,132.018997
2024-07-03,130.209000,130.209000
2024-07-05,128.171997,128.171997
2024-07-08,129.057999,129.057999
2024-07-09,130.177002,130.177002
2024-07-10,130.572006,130.572006
2024-07-11,135.856003,135.856003
2024-07-12,139.675995,139.675995
2024-07-15,161.128006,161.128006
2024-07-16,166.429993,166.429993
2024-07-17,159.000000,159.000000
2024-07-18,155.516006,155.516006
2024-07-19,177.850006,177.850006
2024-07-22,180.009003,180.009003
2024-07-23,172.177002,172.177002
2024-07-24,167.268997,167.268997
2024-07-25,160.647003,160.647003
2024-07-26,175.270996,175.270996
2024-07-29,168.485001,168.485001
2024-07-30,160.406998,160.406998
2024-07-31,161.444000,161.444000
2024-08-01,151.181000,151.181000
2024-08-02,144.798996,144.798996
2024-08-05,130.899994,130.899994
2024-08-06,136.921005,136.921005
2024-08-07,124.684998,124.684998
2024-08-08,135.990005,135.990005
2024-08-09,135.369995,135.369995
2024-08-12,131.460007,131.460007
2024-08-13,135.380005,135.380005
2024-08-14,130.369995,130.369995
2024-08-15,131.929993,131.929993
2024-08-16,133.039993,133.039993
2024-08-19,135.350006,135.350006
2024-08-20,133.690002,133.690002
2024-08-21,141.419998,141.419998
2024-08-22,133.809998,133.809998
2024-08-23,150.009995,150.009995
2024-08-26,146.899994,146.899994
2024-08-27,140.009995,140.009995
2024-08-28,132.089996,132.089996
2024-08-29,132.559998,132.559998
2024-08-30,132.419998,132.419998
2024-09-03,122.320000,122.320000
2024-09-04,124.849998,124.849998
2024-09-05,119.570000,119.570000
2024-09-06,114.300003,114.300003
2024-09-09,124.820000,124.820000
2024-09-10,129.639999,129.639999
2024-09-11,129.279999,129.279999
2024-09-12,130.770004,130.770004
2024-09-13,141.470001,141.470001
2024-09-16,134.529999,134.529999
2024-09-17,131.270004,131.270004
2024-09-18,132.669998,132.669998
2024-09-19,144.660004,144.660004
2024-09-20,144.779999,144.779999
2024-09-23,149.970001,149.970001
2024-09-24,153.880005,153.880005
2024-09-25,151.940002,151.940002
2024-09-26,165.979996,165.979996
2024-09-27,176.220001,176.220001
2024-09-30,168.600006,168.600006
2024-10-01,162.690002,162.690002
2024-10-02,164.639999,164.639999
2024-10-03,163.410004,163.410004
2024-10-04,176.509995,176.509995
2024-10-07,186.089996,186.089996
2024-10-08,192.199997,192.199997
2024-10-09,188.910004,188.910004
2024-10-10,183.339996,183.339996
2024-10-11,212.589996,212.589996
2024-10-14,201.669998,201.669998
2024-10-15,194.309998,194.309998
2024-10-16,194.089996,194.089996
2024-10-17,193.419998,193.419998
2024-10-18,215.860001,215.860001
2024-10-21,219.050003,219.050003
2024-10-22,219.699997,219.699997
2024-10-23,213.949997,213.949997
2024-10-24,235.889999,235.889999
2024-10-25,234.339996,234.339996
2024-10-28,255.339996,255.339996
2024-10-29,258.239990,258.239990
2024-10-30,247.309998,247.309998
2024-10-31,244.500000,244.500000
2024-11-01,229.710007,229.710007
2024-11-04,222.990005,222.990005
2024-11-05,227.800003,227.800003
2024-11-06,257.809998,257.809998
2024-11-07,270.809998,270.809998
2024-11-08,270.420013,270.420013
2024-11-11,340.000000,340.000000
2024-11-12,356.589996,356.589996
2024-11-13,328.380005,328.380005
2024-11-14,327.670013,327.670013
2024-11-15,340.649994,340.649994
2024-11-18,384.790009,384.790009
2024-11-19,430.540009,430.540009
2024-11-20,473.829987,473.829987
2024-11-21,397.279999,397.279999
2024-11-22,421.880005,421.880005
2024-11-25,403.450012,403.450012
2024-11-26,353.690002,353.690002
2024-11-27,388.839996,388.839996
2024-11-29,387.470001,387.470001
2024-12-02,380.299988,380.299988
2024-12-03,373.429993,373.429993
2024-12-04,406.000000,406.000000
2024-12-05,386.399994,386.399994
2024-12-06,395.010010,395.010010
2024-12-09,365.339996,365.339996
2024-12-10,377.320007,377.320007
2024-12-11,411.399994,411.399994
2024-12-12,392.190002,392.190002
2024-12-13,408.670013,408.670013
2024-12-16,408.500000,408.500000
2024-12-17,386.420013,386.420013
2024-12-18,349.640015,349.640015
2024-12-19,326.459991,326.459991
2024-12-20,364.200012,364.200012
2024-12-23,332.230011,332.230011
2024-12-24,358.179993,358.179993
2024-12-26,341.049988,341.049988
2024-12-27,330.000000,330.000000
2024-12-30,302.959991,302.959991
2024-12-31,289.619995,289.619995
2025-01-02,300.010010,300.010010
2025-01-03,339.660004,339.660004
2025-01-06,379.089996,379.089996
2025-01-07,341.429993,341.429993
2025-01-08,331.700012,331.700012
2025-01-10,327.910004,327.910004
2025-01-13,328.399994,328.399994
2025-01-14,342.170013,342.170013
2025-01-15,360.619995,360.619995
2025-01-16,367.000000,367.000000
2025-01-17,396.500000,396.500000
2025-01-21,389.100006,389.100006
2025-01-22,377.309998,377.309998
2025-01-23,373.119995,373.119995
2025-01-24,353.670013,353.670013
2025-01-27,347.920013,347.920013
2025-01-28,335.929993,335.929993
2025-01-29,341.250000,341.250000
2025-01-30,340.089996,340.089996
2025-01-31,334.790009,334.790009
2025-02-03,347.089996,347.089996
2025-02-04,348.309998,348.309998
2025-02-05,336.700012,336.700012
2025-02-06,325.459991,325.459991
2025-02-07,327.559998,327.559998
2025-02-10,334.619995,334.619995
2025-02-11,319.459991,319.459991
2025-02-12,326.820007,326.820007
2025-02-13,324.920013,324.920013
2025-02-14,337.730011,337.730011
2025-02-18,333.970001,333.970001
2025-02-19,318.670013,318.670013
2025-02-20,323.920013,323.920013
2025-02-21,299.690002,299.690002
2025-02-24,282.760010,282.760010
2025-02-25,250.509995,250.509995
2025-02-26,263.269989,263.269989
2025-02-27,240.050003,240.050003
2025-02-28,255.429993,255.429993
2025-03-03,250.919998,250.919998
2025-03-04,275.149994,275.149994
2025-03-05,308.549988,308.549988
2025-03-06,304.109985,304.109985
2025-03-07,287.179993,287.179993
2025-03-10,239.270004,239.270004
2025-03-11,260.589996,260.589996
2025-03-12,262.549988,262.549988
2025-03-13,263.260010,263.260010
2025-03-14,297.489990,297.489990
2025-03-17,294.269989,294.269989
2025-03-18,283.190002,283.190002
2025-03-19,304.230011,304.230011
2025-03-20,302.070007,302.070007
2025-03-21,304.000000,304.000000
2025-03-24,335.720001,335.720001
2025-03-25,341.809998,341.809998
2025-03-26,329.309998,329.309998
2025-03-27,324.589996,324.589996
2025-03-28,289.410004,289.410004
2025-03-31,288.269989,288.269989
2025-04-01,306.019989,306.019989
2025-04-02,312.540009,312.540009
2025-04-03,282.279999,282.279999
2025-04-04,293.609985,293.609985
2025-04-07,268.140015,268.140015
2025-04-08,237.949997,237.949997
2025-04-09,296.859985,296.859985
2025-04-10,272.339996,272.339996
2025-04-11,299.980011,299.980011
2025-04-14,311.450012,311.450012
2025-04-15,310.720001,310.720001
2025-04-16,311.660004,311.660004
2025-04-17,317.200012,317.200012
2025-04-21,317.760010,317.760010
2025-04-22,343.029999,343.029999
2025-04-23,345.730011,345.730011
2025-04-24,350.339996,350.339996
2025-04-25,368.709991,368.709991
2025-04-28,369.250000,369.250000
2025-04-29,381.450012,381.450012
2025-04-30,380.109985,380.109985
2025-05-01,381.600006,381.600006
2025-05-02,394.369995,394.369995
2025-05-05,386.529999,386.529999
2025-05-06,385.600006,385.600006
2025-05-07,392.480011,392.480011
2025-05-08,414.380005,414.380005
2025-05-09,416.029999,416.029999
2025-05-12,404.899994,404.899994
2025-05-13,421.609985,421.609985
2025-05-14,416.750000,416.750000
2025-05-15,397.029999,397.029999
2025-05-16,399.799988,399.799988
2025-05-19,413.420013,413.420013
2025-05-20,416.920013,416.920013
2025-05-21,402.690002,402.690002
2025-05-22,399.459991,399.459991
2025-05-23,369.510010,369.510010
2025-05-27,372.200012,372.200012
2025-05-28,364.250000,364.250000
2025-05-29,370.630005,370.630005
2025-05-30,369.059998,369.059998
2025-06-02,372.269989,372.269989
2025-06-03,387.429993,387.429993
2025-06-04,378.100006,378.100006
2025-06-05,368.790009,368.790009
2025-06-06,374.470001,374.470001
2025-06-09,392.119995,392.119995
2025-06-10,391.179993,391.179993
2025-06-11,387.109985,387.109985
2025-06-12,379.760010,379.760010
2025-06-13,382.869995,382.869995
2025-06-16,382.250000,382.250000
2025-06-17,375.179993,375.179993
2025-06-18,369.029999,369.029999
2025-06-20,369.700012,369.700012
2025-06-23,367.179993,367.179993
2025-06-24,377.019989,377.019989
2025-06-25,388.670013,388.670013
2025-06-26,386.440002,386.440002
2025-06-27,383.880005,383.880005
2025-06-30,404.230011,404.230011
2025-07-01,373.299988,373.299988
2025-07-02,402.279999,402.279999
2025-07-03,403.989990,403.989990
2025-07-07,395.670013,395.670013
2025-07-08,396.940002,396.940002
2025-07-09,415.410004,415.410004
2025-07-10,421.739990,421.739990
2025-07-11,434.579987,434.579987
2025-07-14,451.019989,451.019989
2025-07-15,442.309998,442.309998
2025-07-16,455.899994,455.899994
2025-07-17,451.339996,451.339996
2025-07-18,423.220001,423.220001
2025-07-21,426.279999,426.279999
2025-07-22,426.399994,426.399994
2025-07-23,412.670013,412.670013
2025-07-24,414.920013,414.920013
2025-07-25,405.890015,405.890015
2025-07-28,403.799988,403.799988
2025-07-29,394.660004,394.660004
2025-07-30,395.040009,395.040009
2025-07-31,401.859985,401.859985
2025-08-01,366.630005,366.630005
2025-08-04,389.239990,389.239990
2025-08-05,375.459991,375.459991
2025-08-06,383.410004,383.410004
2025-08-07,402.010010,402.010010
2025-08-08,395.130005,395.130005
2025-08-11,400.250000,400.250000
2025-08-12,394.390015,394.390015
2025-08-13,389.899994,389.899994
2025-08-14,372.940002,372.940002
2025-08-15,366.320007,366.320007
2025-08-18,363.600006,363.600006
2025-08-19,336.570007,336.570007
2025-08-20,344.369995,344.369995
2025-08-21,337.579987,337.579987
2025-08-22,358.130005,358.130005
2025-08-25,343.200012,343.200012
2025-08-26,351.359985,351.359985
2025-08-27,342.059998,342.059998
2025-08-28,338.839996,338.839996
2025-08-29,334.410004,334.410004
2025-09-02,341.619995,341.619995
2025-09-03,330.260010,330.260010
2025-09-04,327.589996,327.589996
2025-09-05,335.869995,335.869995
2025-09-08,329.899994,329.899994
2025-09-09,328.529999,328.529999
2025-09-10,326.450012,326.450012
2025-09-11,326.019989,326.019989
2025-09-12,331.440002,331.440002
2025-09-15,327.790009,327.790009
2025-09-16,335.089996,335.089996
2025-09-17,329.709991,329.709991
2025-09-18,349.119995,349.119995
2025-09-19,344.750000,344.750000
2025-09-22,335.929993,335.929993
2025-09-23,327.779999,327.779999
2025-09-24,323.309998,323.309998
2025-09-25,300.700012,300.700012
2025-09-26,309.059998,309.059998
2025-09-29,326.420013,326.420013
2025-09-30,322.209991,322.209991
2025-10-01,338.410004,338.410004
2025-10-02,352.329987,352.329987
2025-10-03,351.630005,351.630005
2025-10-06,359.690002,359.690002
2025-10-07,328.399994,328.399994
2025-10-08,330.799988,330.799988
2025-10-09,320.290009,320.290009
2025-10-10,304.790009,304.790009
2025-10-13,315.470001,315.470001
2025-10-14,300.670013,300.670013
2025-10-15,296.760010,296.760010
2025-10-16,283.839996,283.839996
2025-10-17,289.869995,289.869995
2025-10-20,296.609985,296.609985
2025-10-21,301.910004,301.910004
2025-10-22,280.809998,280.809998
2025-10-23,284.920013,284.920013
2025-10-24,289.079987,289.079987
2025-10-27,295.630005,295.630005
2025-10-28,284.640015,284.640015
2025-10-29,275.359985,275.359985
2025-10-30,254.570007,254.570007
2025-10-31,269.510010,269.510010
2025-11-03,264.670013,264.670013
2025-11-04,246.990005,246.990005
2025-11-05,255.000000,255.000000
2025-11-06,237.199997,237.199997
2025-11-07,241.929993,241.929993
2025-11-10,238.880005,238.880005
2025-11-11,231.350006,231.350006
2025-11-12,224.610001,224.610001
2025-11-13,208.539993,208.539993
2025-11-14,199.750000,199.750000
2025-11-17,195.419998,195.419998
2025-11-18,206.800003,206.800003
2025-11-19,186.500000,186.500000
2025-11-20,177.130005,177.130005
2025-11-21,170.500000,170.500000
2025-11-24,179.039993,179.039993
2025-11-25,172.190002,172.190002
2025-11-26,175.639999,175.639999
2025-11-28,177.179993,177.179993
2025-12-01,171.419998,171.419998
2025-12-02,181.330002,181.330002
2025-12-03,188.389999,188.389999
2025-12-04,186.009995,186.009995
2025-12-05,178.990005,178.990005
2025-12-08,183.690002,183.690002
2025-12-09,188.990005,188.990005
2025-12-10,184.639999,184.639999
2025-12-11,183.300003,183.300003
2025-12-12,176.449997,176.449997
2025-12-15,162.080002,162.080002
2025-12-16,167.500000,167.500000
2025-12-17,160.380005,160.380005
2025-12-18,158.240005,158.240005
2025-12-19,164.820007,164.820007
2025-12-22,164.320007,164.320007
2025-12-23,157.880005,157.880005
2025-12-24,158.710007,158.710007
2025-12-26,158.809998,158.809998
2025-12-29,155.389999,155.389999
2025-12-30,155.610001,155.610001
2025-12-31,151.949997,151.949997
2026-01-02,157.160004,157.160004
2026-01-05,164.720001,164.720001
2026-01-06,157.970001,157.970001
2026-01-07,161.830002,161.830002
2026-01-08,166.970001,166.970001
2026-01-09,157.330002,157.330002
2026-01-12,162.229996,162.229996
2026-01-13,172.990005,172.990005
2026-01-14,179.330002,179.330002
2026-01-15,170.910004,170.910004
2026-01-16,173.710007,173.710007
2026-01-20,160.229996,160.229996
2026-01-21,163.809998,163.809998
2026-01-22,160.979996,160.979996
2026-01-23,163.110001,163.110001
2026-01-26,160.580002,160.580002
2026-01-27,161.580002,161.580002
2026-01-28,158.449997,158.449997
2026-01-29,143.190002,143.190002
2026-01-30,149.710007,149.710007
2026-02-02,139.630005,139.630005
2026-02-03,133.259995,133.259995
2026-02-04,129.089996,129.089996
2026-02-05,106.989998,106.989998
2026-02-06,134.929993,134.929993
2026-02-09,138.440002,138.440002
2026-02-10,133.000000,133.000000
2026-02-11,126.070000,126.070000
2026-02-12,123.000000,123.000000
2026-02-13,133.880005,133.880005
2026-02-17,128.669998,128.669998
2026-02-18,125.199997,125.199997
2026-02-19,129.449997,129.449997
2026-02-20,131.050003,131.050003
2026-02-23,123.709999,123.709999
2026-02-24,124.610001,124.610001
2026-02-25,135.649994,135.649994
2026-02-26,133.399994,133.399994
2026-02-27,129.500000,129.500000
2026-03-02,137.649994,137.649994
2026-03-03,132.679993,132.679993
2026-03-04,146.440002,146.440002
2026-03-05,139.809998,139.809998
2026-03-06,133.529999,133.529999
2026-03-09,138.949997,138.949997
2026-03-10,138.460007,138.460007
2026-03-11,138.330002,138.330002
2026-03-12,137.339996,137.339996
2026-03-13,139.669998,139.669998
2026-03-16,147.520004,147.520004
2026-03-17,150.279999,150.279999
2026-03-18,140.559998,140.559998
2026-03-19,138.240005,138.240005
2026-03-20,135.660004,135.660004
2026-03-23,138.199997,138.199997
2026-03-24,136.250000,136.250000
2026-03-25,139.130005,139.130005
2026-03-26,132.929993,132.929993
2026-03-27,126.029999,126.029999
2026-03-30,121.440002,121.440002
2026-03-31,124.800003,124.800003
2026-04-01,122.779999,122.779999
2026-04-02,119.830002,119.830002
2026-04-06,127.690002,127.690002
2026-04-07,123.720001,123.720001
2026-04-08,128.300003,128.300003
2026-04-09,128.860001,128.860001
2026-04-10,128.639999,128.639999
2026-04-13,132.360001,132.360001
2026-04-14,137.410004,137.410004
2026-04-15,143.539993,143.539993
2026-04-16,148.940002,148.940002
2026-04-17,166.520004,166.520004
2026-04-20,170.809998,170.809998
2026-04-21,163.970001,163.970001
2026-04-22,179.360001,179.360001
2026-04-23,172.470001,172.470001
2026-04-24,171.020004,171.020004
2026-04-27,169.199997,169.199997
2026-04-28,165.710007,165.710007
2026-04-29,158.190002,158.190002
2026-04-30,165.449997,165.449997
2026-05-01,177.169998,177.169998
2026-05-04,183.800003,183.800003
2026-05-05,186.899994,186.899994
2026-05-06,186.820007,186.820007
2026-05-07,179.839996,179.839996
2026-05-08,187.589996,187.589996
2026-05-11,195.940002,195.940002
2026-05-12,184.419998,184.419998
2026-05-13,178.029999,178.029999
2026-05-14,186.970001,186.970001
2026-05-15,177.419998,177.419998
2026-05-18,166.630005,166.630005
2026-05-19,164.630005,164.630005
2026-05-20,165.809998,165.809998
2026-05-21,164.850006,164.850006
2026-05-22,159.889999,159.889999
2026-05-26,159.929993,159.929993
2026-05-27,154.199997,154.199997
2026-05-28,151.639999,151.639999
2026-05-29,159.089996,159.089996
2026-06-01,149.779999,149.779999
2026-06-02,136.080002,136.080002
2026-06-03,126.550003,126.550003
2026-06-04,129.369995,129.369995
2026-06-05,120.440002,120.440002
2026-06-08,127.199997,127.199997
2026-06-09,117.019997,117.019997
2026-06-10,115.349998,115.349998
2026-06-11,120.150002,120.150002
2026-06-12,123.970001,123.970001
2026-06-15,131.139999,131.139999
2026-06-16,122.809998,122.809998
2026-06-17,116.559998,116.559998
2026-06-18,112.529999,112.529999
2026-06-22,109.459999,109.459999
2026-06-23,103.839996,103.839996
2026-06-24,94.129997,94.129997
2026-06-25,85.330002,85.330002
2026-06-26,82.309998,82.309998
2026-06-29,92.680000,92.680000
2026-06-30,86.930000,86.930000
2026-07-01,93.389999,93.389999
2026-07-02,100.769997,100.769997
2026-07-06,100.769997,100.769997
2026-07-07,97.360001,97.360001
2026-07-08,93.870003,93.870003
2026-07-09,93.889999,93.889999
2026-07-10,94.639999,94.639999
2026-07-13,92.099998,92.099998
2026-07-14,97.580002,97.580002
2026-07-15,97.470001,97.470001
2026-07-16,94.029999,94.029999
2026-07-17,94.849998,94.849998
2026-07-20,97.820000,97.820000
2026-07-21,101.949997,101.949997
2026-07-22,100.010002,100.010002
2026-07-23,93.629997,93.629997
2026-07-24,91.669998,91.669998
2026-07-27,98.650002,98.650002
2026-07-28,96.160004,96.160004
2026-07-29,93.330002,93.330002
2026-07-30,97.739998,97.739998
2026-07-31,93.279999,93.279999
2026-08-03,94.860001,94.860001
2026-08-04,97.650002,97.650002
2026-08-05,98.370003,98.370003
2026-08-06,96.849998,96.849998
2026-08-07,100.010002,100.010002
2026-08-10,97.330002,97.330002
2026-08-11,96.089996,96.089996
2026-08-12,94.830002,94.830002
2026-08-13,97.099998,97.099998
2026-08-14,93.040001,93.040001
2026-08-17,97.680000,97.680000
2026-08-18,92.519997,92.519997
2026-08-19,104.250000,104.250000
2026-08-20,112.389999,112.389999
2026-08-21,119.250000,119.250000
2026-08-24,122.629997,122.629997
2026-08-25,126.830002,126.830002
2026-08-26,123.190002,123.190002
2026-08-27,137.399994,137.399994
2026-08-28,127.309998,127.309998
2026-08-31,132.940002,132.940002
2026-09-01,124.879997,124.879997
2026-09-02,123.190002,123.190002
2026-09-03,144.820007,144.820007
2026-09-04,142.800003,142.800003
2026-09-08,136.520004,136.520004
2026-09-09,132.699997,132.699997
2026-09-10,128.559998,128.559998
2026-09-11,130.970001,130.970001
2026-09-14,136.940002,136.940002
2026-09-15,129.600006,129.600006
2026-09-16,126.180000,126.180000
2026-09-17,132.250000,132.250000
2026-09-18,153.919998,153.919998
2026-09-21,168.500000,168.500000
2026-09-22,167.330002,167.330002
2026-09-23,162.199997,162.199997
2026-09-24,161.610001,161.610001
2026-09-25,158.610001,158.610001
2026-09-28,157.139999,157.139999
