date,close,adjclose
2010-01-04,0.462250,0.422817
2010-01-05,0.469000,0.428992
2010-01-06,0.472000,0.431736
2010-01-07,0.462750,0.423275
2010-01-08,0.463750,0.424189
2010-01-11,0.457250,0.418244
2010-01-12,0.441750,0.404066
2010-01-13,0.447750,0.409554
2010-01-14,0.440750,0.403151
2010-01-15,0.427750,0.391260
2010-01-19,0.435750,0.398578
2010-01-20,0.434000,0.396977
2010-01-21,0.426250,0.389888
2010-01-22,0.411500,0.376397
2010-01-25,0.418500,0.382799
2010-01-26,0.405250,0.370680
2010-01-27,0.416250,0.380741
2010-01-28,0.402250,0.367936
2010-01-29,0.384750,0.351929
2010-02-01,0.414250,0.378912
2010-02-02,0.418500,0.382799
2010-02-03,0.422000,0.386001
2010-02-04,0.397500,0.363591
2010-02-05,0.405500,0.370908
2010-02-08,0.404750,0.370222
2010-02-09,0.401500,0.367250
2010-02-10,0.409250,0.374339
2010-02-11,0.428000,0.391489
2010-02-12,0.433750,0.396749
2010-02-16,0.441750,0.404066
2010-02-17,0.446000,0.407954
2010-02-18,0.416750,0.381199
2010-02-19,0.414500,0.379141
2010-02-22,0.415250,0.379827
2010-02-23,0.405250,0.370680
2010-02-24,0.413750,0.378455
2010-02-25,0.410000,0.375025
2010-02-26,0.405000,0.370451
2010-03-01,0.421250,0.385315
2010-03-02,0.421000,0.385086
2010-03-03,0.415750,0.380284
2010-03-04,0.416500,0.380970
2010-03-05,0.429250,0.392632
2010-03-08,0.423000,0.386916
2010-03-09,0.438750,0.401322
2010-03-10,0.439750,0.402237
2010-03-11,0.429750,0.393090
2010-03-12,0.431250,0.394462
2010-03-15,0.429000,0.392404
2010-03-16,0.444000,0.406124
2010-03-17,0.452500,0.413899
2010-03-18,0.436500,0.399264
2010-03-19,0.431250,0.394462
2010-03-22,0.438250,0.400865
2010-03-23,0.447250,0.409097
2010-03-24,0.432250,0.395376
2010-03-25,0.433500,0.396520
2010-03-26,0.433500,0.396520
2010-03-29,0.439000,0.401551
2010-03-30,0.440750,0.403151
2010-03-31,0.435000,0.397892
2010-04-01,0.430500,0.393776
2010-04-05,0.437000,0.399721
2010-04-06,0.426250,0.389888
2010-04-07,0.429000,0.392404
2010-04-08,0.422000,0.386001
2010-04-09,0.424750,0.388516
2010-04-12,0.432500,0.395605
2010-04-13,0.441500,0.403837
2010-04-14,0.447000,0.408868
2010-04-15,0.450250,0.411841
2010-04-16,0.426500,0.390117
2010-04-19,0.424500,0.388288
2010-04-20,0.426000,0.389660
2010-04-21,0.415000,0.379598
2010-04-22,0.416750,0.381199
2010-04-23,0.411000,0.375939
2010-04-26,0.415000,0.379598
2010-04-27,0.403250,0.368850
2010-04-28,0.404000,0.369536
2010-04-29,0.416250,0.380741
2010-04-30,0.392750,0.359246
2010-05-03,0.388500,0.355359
2010-05-04,0.368750,0.337293
2010-05-05,0.362500,0.331577
2010-05-06,0.355000,0.324716
2010-05-07,0.349000,0.319228
2010-05-10,0.364000,0.332949
2010-05-11,0.360000,0.329290
2010-05-12,0.367000,0.335693
2010-05-13,0.366250,0.335007
2010-05-14,0.324000,0.296361
2010-05-17,0.324750,0.297047
2010-05-18,0.314000,0.287214
2010-05-19,0.319000,0.291787
2010-05-20,0.311500,0.284927
2010-05-21,0.318250,0.291101
2010-05-24,0.309000,0.282640
2010-05-25,0.317250,0.290187
2010-05-26,0.318750,0.291559
2010-05-27,0.337500,0.308709
2010-05-28,0.328500,0.300477
2010-06-01,0.314500,0.287671
2010-06-02,0.318000,0.290873
2010-06-03,0.317500,0.290415
2010-06-04,0.302500,0.276695
2010-06-07,0.287500,0.262975
2010-06-08,0.279500,0.255657
2010-06-09,0.272750,0.249483
2010-06-10,0.283750,0.259544
2010-06-11,0.290250,0.265490
2010-06-14,0.284000,0.259773
2010-06-15,0.298000,0.272579
2010-06-16,0.294250,0.269149
2010-06-17,0.305500,0.279439
2010-06-18,0.307500,0.281268
2010-06-21,0.300250,0.274637
2010-06-22,0.289000,0.264347
2010-06-23,0.292250,0.267319
2010-06-24,0.277750,0.254056
2010-06-25,0.277000,0.253370
2010-06-28,0.277500,0.253827
2010-06-29,0.262000,0.239650
2010-06-30,0.255250,0.233476
2010-07-01,0.259500,0.237363
2010-07-02,0.256250,0.234390
2010-07-06,0.253500,0.231875
2010-07-07,0.265750,0.243080
2010-07-08,0.257750,0.235762
2010-07-09,0.258750,0.236677
2010-07-12,0.263500,0.241022
2010-07-13,0.273000,0.249711
2010-07-14,0.275750,0.252227
2010-07-15,0.268000,0.245138
2010-07-16,0.251250,0.229817
2010-07-19,0.261500,0.239192
2010-07-20,0.268000,0.245138
2010-07-21,0.259250,0.237134
2010-07-22,0.263500,0.241022
2010-07-23,0.259000,0.236906
2010-07-26,0.263750,0.241251
2010-07-27,0.261500,0.239192
2010-07-28,0.253250,0.231646
2010-07-29,0.228250,0.208779
2010-07-30,0.229750,0.210151
2010-08-02,0.229500,0.209922
2010-08-03,0.223500,0.204434
2010-08-04,0.233000,0.213124
2010-08-05,0.236000,0.215868
2010-08-06,0.238750,0.218383
2010-08-09,0.241000,0.220441
2010-08-10,0.231000,0.211294
2010-08-11,0.222000,0.203062
2010-08-12,0.224000,0.204891
2010-08-13,0.234750,0.214724
2010-08-16,0.228750,0.209236
2010-08-17,0.231750,0.211980
2010-08-18,0.233000,0.213124
2010-08-19,0.247000,0.225929
2010-08-20,0.249250,0.227987
2010-08-23,0.245500,0.224557
2010-08-24,0.243000,0.222271
2010-08-25,0.248000,0.226844
2010-08-26,0.245000,0.224100
2010-08-27,0.253000,0.231418
2010-08-30,0.241000,0.220441
2010-08-31,0.233250,0.213352
2010-09-01,0.235000,0.214953
2010-09-02,0.239250,0.218841
2010-09-03,0.247500,0.226387
2010-09-07,0.249750,0.228445
2010-09-08,0.258000,0.235991
2010-09-09,0.254500,0.232790
2010-09-10,0.251750,0.230274
2010-09-13,0.266000,0.243309
2010-09-14,0.263500,0.241022
2010-09-15,0.264000,0.241479
2010-09-16,0.264250,0.241708
2010-09-17,0.263750,0.241251
2010-09-20,0.267750,0.244909
2010-09-21,0.282250,0.258172
2010-09-22,0.284750,0.260459
2010-09-23,0.290500,0.265719
2010-09-24,0.306500,0.280354
2010-09-27,0.300000,0.274408
2010-09-28,0.299250,0.273722
2010-09-29,0.297000,0.271664
2010-09-30,0.292000,0.267091
2010-10-01,0.283750,0.259544
2010-10-04,0.281000,0.257029
2010-10-05,0.283000,0.258858
2010-10-06,0.269500,0.246510
2010-10-07,0.267500,0.244681
2010-10-08,0.271500,0.248339
2010-10-11,0.270250,0.247196
2010-10-12,0.275500,0.251998
2010-10-13,0.283500,0.259316
2010-10-14,0.279000,0.255200
2010-10-15,0.282250,0.258172
2010-10-18,0.284000,0.259773
2010-10-19,0.282250,0.258172
2010-10-20,0.282250,0.258172
2010-10-21,0.277250,0.253599
2010-10-22,0.295000,0.269835
2010-10-25,0.297750,0.272350
2010-10-26,0.296750,0.271436
2010-10-27,0.301000,0.275323
2010-10-28,0.301250,0.275552
2010-10-29,0.300500,0.274866
2010-11-01,0.301000,0.275323
2010-11-02,0.307250,0.281040
2010-11-03,0.309500,0.283098
2010-11-04,0.310000,0.283555
2010-11-05,0.315250,0.288357
2010-11-08,0.316500,0.289501
2010-11-09,0.314750,0.287900
2010-11-10,0.318500,0.291330
2010-11-11,0.315250,0.288357
2010-11-12,0.331500,0.303221
2010-11-15,0.327500,0.299562
2010-11-16,0.317750,0.290644
2010-11-17,0.323000,0.295446
2010-11-18,0.333000,0.304593
2010-11-19,0.343750,0.314426
2010-11-22,0.344000,0.314655
2010-11-23,0.336000,0.307337
2010-11-24,0.344250,0.314884
2010-11-26,0.340000,0.310996
2010-11-29,0.343750,0.314426
2010-11-30,0.340250,0.311225
2010-12-01,0.355250,0.324945
2010-12-02,0.359500,0.328832
2010-12-03,0.369750,0.338208
2010-12-06,0.362750,0.331805
2010-12-07,0.374500,0.342553
2010-12-08,0.377750,0.345526
2010-12-09,0.371500,0.339809
2010-12-10,0.373750,0.341867
2010-12-13,0.364250,0.333177
2010-12-14,0.364750,0.333635
2010-12-15,0.356750,0.326317
2010-12-16,0.357250,0.326774
2010-12-17,0.359250,0.328604
2010-12-20,0.357750,0.327232
2010-12-21,0.371750,0.340038
2010-12-22,0.375750,0.343696
2010-12-23,0.373000,0.341181
2010-12-27,0.375000,0.343010
2010-12-28,0.373500,0.341638
2010-12-29,0.373500,0.341638
2010-12-30,0.374750,0.342782
2010-12-31,0.385000,0.352157
2011-01-03,0.395500,0.361762
2011-01-04,0.394250,0.360618
2011-01-05,0.424500,0.388288
2011-01-06,0.483250,0.442026
2011-01-07,0.496750,0.454374
2011-01-10,0.515750,0.471754
2011-01-11,0.507750,0.464436
2011-01-12,0.583750,0.533953
2011-01-13,0.584750,0.534867
2011-01-14,0.589750,0.539441
2011-01-18,0.576000,0.526864
2011-01-19,0.560250,0.512457
2011-01-20,0.560750,0.512915
2011-01-21,0.555500,0.508113
2011-01-24,0.618250,0.565510
2011-01-25,0.599250,0.548130
2011-01-26,0.613500,0.561165
2011-01-27,0.611750,0.559564
2011-01-28,0.594000,0.543328
2011-01-31,0.598000,0.546987
2011-02-01,0.611750,0.559564
2011-02-02,0.639500,0.584947
2011-02-03,0.627500,0.573970
2011-02-04,0.641750,0.587005
2011-02-07,0.615000,0.562537
2011-02-08,0.596750,0.545844
2011-02-09,0.582250,0.532580
2011-02-10,0.570500,0.521833
2011-02-11,0.586750,0.536697
2011-02-14,0.577750,0.528464
2011-02-15,0.563750,0.515659
2011-02-16,0.584500,0.534639
2011-02-17,0.642000,0.587234
2011-02-18,0.640750,0.586090
2011-02-22,0.580250,0.530751
2011-02-23,0.552750,0.505597
2011-02-24,0.566250,0.517946
2011-02-25,0.578000,0.528693
2011-02-28,0.566500,0.518174
2011-03-01,0.541250,0.495078
2011-03-02,0.518750,0.474498
2011-03-03,0.521750,0.477242
2011-03-04,0.519000,0.474726
2011-03-07,0.511750,0.468095
2011-03-08,0.488750,0.447057
2011-03-09,0.478500,0.437681
2011-03-10,0.448000,0.409783
2011-03-11,0.451250,0.412756
2011-03-14,0.455000,0.416186
2011-03-15,0.441500,0.403837
2011-03-16,0.438250,0.400865
2011-03-17,0.446500,0.408411
2011-03-18,0.440500,0.402923
2011-03-21,0.444000,0.406124
2011-03-22,0.436250,0.399035
2011-03-23,0.445250,0.407267
2011-03-24,0.480750,0.439739
2011-03-25,0.465750,0.426019
2011-03-28,0.483000,0.441797
2011-03-29,0.479250,0.438367
2011-03-30,0.461250,0.421903
2011-03-31,0.461500,0.422131
2011-04-01,0.455000,0.416186
2011-04-04,0.438750,0.401322
2011-04-05,0.439500,0.402008
2011-04-06,0.436500,0.399264
2011-04-07,0.452500,0.413899
2011-04-08,0.438750,0.401322
2011-04-11,0.433000,0.396062
2011-04-12,0.434250,0.397206
2011-04-13,0.444000,0.406124
2011-04-14,0.462750,0.423275
2011-04-15,0.467750,0.427848
2011-04-18,0.452250,0.413670
2011-04-19,0.450500,0.412070
2011-04-20,0.464250,0.424647
2011-04-21,0.463000,0.423503
2011-04-25,0.470250,0.430135
2011-04-26,0.482500,0.441340
2011-04-27,0.482500,0.441340
2011-04-28,0.487750,0.446142
2011-04-29,0.500000,0.457347
2011-05-02,0.493250,0.451173
2011-05-03,0.469750,0.429678
2011-05-04,0.466250,0.426476
2011-05-05,0.466500,0.426705
2011-05-06,0.483000,0.441797
2011-05-09,0.493750,0.451630
2011-05-10,0.494500,0.452316
2011-05-11,0.496750,0.454374
2011-05-12,0.512500,0.468781
2011-05-13,0.456500,0.417558
2011-05-16,0.442500,0.404752
2011-05-17,0.440750,0.403151
2011-05-18,0.451000,0.412527
2011-05-19,0.444500,0.406581
2011-05-20,0.452250,0.413670
2011-05-23,0.451750,0.413213
2011-05-24,0.453500,0.414814
2011-05-25,0.459000,0.419845
2011-05-26,0.470500,0.430364
2011-05-27,0.487500,0.445913
2011-05-31,0.501000,0.458262
2011-06-01,0.478500,0.437681
2011-06-02,0.476250,0.435623
2011-06-03,0.461500,0.422131
2011-06-06,0.451750,0.413213
2011-06-07,0.451500,0.412984
2011-06-08,0.439250,0.401779
2011-06-09,0.434250,0.397206
2011-06-10,0.428000,0.391489
2011-06-13,0.425000,0.388745
2011-06-14,0.428500,0.391946
2011-06-15,0.419250,0.383485
2011-06-16,0.404750,0.370222
2011-06-17,0.395250,0.361533
2011-06-20,0.390500,0.357188
2011-06-21,0.399000,0.364963
2011-06-22,0.393500,0.359932
2011-06-23,0.405250,0.370680
2011-06-24,0.393500,0.359932
2011-06-27,0.385250,0.352386
2011-06-28,0.387500,0.354444
2011-06-29,0.393500,0.359932
2011-06-30,0.398500,0.364506
2011-07-01,0.403750,0.369308
2011-07-05,0.397000,0.363134
2011-07-06,0.391750,0.358331
2011-07-07,0.393250,0.359703
2011-07-08,0.385750,0.352843
2011-07-11,0.372250,0.340495
2011-07-12,0.367250,0.335921
2011-07-13,0.366500,0.335235
2011-07-14,0.352000,0.321972
2011-07-15,0.352500,0.322430
2011-07-18,0.345000,0.315569
2011-07-19,0.355500,0.325174
2011-07-20,0.351000,0.321058
2011-07-21,0.367500,0.336150
2011-07-22,0.375000,0.343010
2011-07-25,0.369000,0.337522
2011-07-26,0.360000,0.329290
2011-07-27,0.346500,0.316941
2011-07-28,0.345750,0.316255
2011-07-29,0.345750,0.316255
2011-08-01,0.364250,0.333177
2011-08-02,0.360500,0.329747
2011-08-03,0.370250,0.338665
2011-08-04,0.335000,0.306422
2011-08-05,0.323750,0.296132
2011-08-08,0.298250,0.272807
2011-08-09,0.323250,0.295675
2011-08-10,0.308500,0.282183
2011-08-11,0.335250,0.306651
2011-08-12,0.322000,0.294531
2011-08-15,0.334250,0.305737
2011-08-16,0.324750,0.297047
2011-08-17,0.320250,0.292931
2011-08-18,0.298500,0.273036
2011-08-19,0.293250,0.268234
2011-08-22,0.298500,0.273036
2011-08-23,0.330750,0.302535
2011-08-24,0.326000,0.298190
2011-08-25,0.312000,0.285384
2011-08-26,0.325250,0.297504
2011-08-29,0.334000,0.305508
2011-08-30,0.342000,0.312825
2011-08-31,0.332750,0.304364
2011-09-01,0.332000,0.303679
2011-09-02,0.323000,0.295446
2011-09-06,0.329500,0.301392
2011-09-07,0.356250,0.325860
2011-09-08,0.354500,0.324259
2011-09-09,0.347000,0.317399
2011-09-12,0.355250,0.324945
2011-09-13,0.363250,0.332263
2011-09-14,0.382000,0.349413
2011-09-15,0.387500,0.354444
2011-09-16,0.386500,0.353529
2011-09-19,0.378500,0.346212
2011-09-20,0.368750,0.337293
2011-09-21,0.361750,0.330891
2011-09-22,0.337750,0.308938
2011-09-23,0.344750,0.315341
2011-09-26,0.345500,0.316027
2011-09-27,0.346000,0.316484
2011-09-28,0.335500,0.306880
2011-09-29,0.327250,0.299334
2011-09-30,0.312750,0.286070
2011-10-03,0.295250,0.270063
2011-10-04,0.322500,0.294989
2011-10-05,0.334000,0.305508
2011-10-06,0.347250,0.317627
2011-10-07,0.353750,0.323573
2011-10-10,0.369500,0.337979
2011-10-11,0.365500,0.334321
2011-10-12,0.365250,0.334092
2011-10-13,0.386500,0.353529
2011-10-14,0.393000,0.359475
2011-10-17,0.373500,0.341638
2011-10-18,0.387000,0.353987
2011-10-19,0.379250,0.346898
2011-10-20,0.360250,0.329519
2011-10-21,0.362000,0.331119
2011-10-24,0.375500,0.343468
2011-10-25,0.361250,0.330433
2011-10-26,0.365500,0.334321
2011-10-27,0.381250,0.348727
2011-10-28,0.390000,0.356731
2011-10-31,0.370000,0.338437
2011-11-01,0.351500,0.321515
2011-11-02,0.345500,0.316027
2011-11-03,0.366250,0.335007
2011-11-04,0.370500,0.338894
2011-11-07,0.368500,0.337065
2011-11-08,0.377000,0.344840
2011-11-09,0.358000,0.327460
2011-11-10,0.361750,0.330891
2011-11-11,0.374500,0.342553
2011-11-14,0.367250,0.335921
2011-11-15,0.372000,0.340266
2011-11-16,0.364500,0.333406
2011-11-17,0.351500,0.321515
2011-11-18,0.348250,0.318542
2011-11-21,0.365750,0.334549
2011-11-22,0.377000,0.344840
2011-11-23,0.361000,0.330204
2011-11-25,0.351000,0.321058
2011-11-28,0.370750,0.339123
2011-11-29,0.372750,0.340952
2011-11-30,0.390750,0.357417
2011-12-01,0.395500,0.361762
2011-12-02,0.393000,0.359475
2011-12-05,0.387000,0.353987
2011-12-06,0.381500,0.348956
2011-12-07,0.379250,0.346898
2011-12-08,0.367250,0.335921
2011-12-09,0.372500,0.340724
2011-12-12,0.363250,0.332263
2011-12-13,0.353250,0.323116
2011-12-14,0.339500,0.310539
2011-12-15,0.336500,0.307795
2011-12-16,0.337750,0.308938
2011-12-19,0.329000,0.300934
2011-12-20,0.347500,0.317856
2011-12-21,0.343000,0.313740
2011-12-22,0.357750,0.327232
2011-12-23,0.354250,0.324030
2011-12-27,0.351500,0.321515
2011-12-28,0.342750,0.313511
2011-12-29,0.349250,0.319457
2011-12-30,0.346500,0.316941
2012-01-03,0.351000,0.321058
2012-01-04,0.355000,0.324716
2012-01-05,0.367750,0.336379
2012-01-06,0.363500,0.332491
2012-01-09,0.363500,0.332491
2012-01-10,0.362000,0.331119
2012-01-11,0.354750,0.324488
2012-01-12,0.352500,0.322430
2012-01-13,0.343250,0.313969
2012-01-17,0.338000,0.309167
2012-01-18,0.349500,0.319686
2012-01-19,0.358750,0.328146
2012-01-20,0.355500,0.325174
2012-01-23,0.365250,0.334092
2012-01-24,0.373500,0.341638
2012-01-25,0.371250,0.339580
2012-01-26,0.367750,0.336379
2012-01-27,0.372750,0.340952
2012-01-30,0.370000,0.338437
2012-01-31,0.369250,0.337751
2012-02-01,0.373250,0.341410
2012-02-02,0.387250,0.354215
2012-02-03,0.395500,0.361762
2012-02-06,0.392500,0.359018
2012-02-07,0.393500,0.359932
2012-02-08,0.407750,0.372967
2012-02-09,0.407500,0.372738
2012-02-10,0.397500,0.363591
2012-02-13,0.403750,0.369308
2012-02-14,0.406000,0.371366
2012-02-15,0.404250,0.369765
2012-02-16,0.411250,0.376168
2012-02-17,0.396250,0.362448
2012-02-21,0.398250,0.364277
2012-02-22,0.395500,0.361762
2012-02-23,0.397750,0.363820
2012-02-24,0.394750,0.361075
2012-02-27,0.386750,0.353758
2012-02-28,0.383250,0.350556
2012-02-29,0.378750,0.346440
2012-03-01,0.381250,0.348727
2012-03-02,0.384500,0.351700
2012-03-05,0.371500,0.339809
2012-03-06,0.368000,0.336607
2012-03-07,0.370250,0.338665
2012-03-08,0.371500,0.339809
2012-03-09,0.370500,0.338894
2012-03-12,0.364750,0.333635
2012-03-13,0.369750,0.338208
2012-03-14,0.359250,0.328604
2012-03-15,0.364500,0.333406
2012-03-16,0.365000,0.333863
2012-03-19,0.366000,0.334778
2012-03-20,0.360000,0.329290
2012-03-21,0.361500,0.330662
2012-03-22,0.361000,0.330204
2012-03-23,0.363750,0.332720
2012-03-26,0.368000,0.336607
2012-03-27,0.370500,0.338894
2012-03-28,0.379000,0.346669
2012-03-29,0.380750,0.348270
2012-03-30,0.385000,0.352157
2012-04-02,0.383250,0.350556
2012-04-03,0.377000,0.344840
2012-04-04,0.366250,0.335007
2012-04-05,0.365750,0.334549
2012-04-09,0.361000,0.330204
2012-04-10,0.354000,0.323802
2012-04-11,0.358500,0.327918
2012-04-12,0.367000,0.335693
2012-04-13,0.354000,0.323802
2012-04-16,0.349750,0.319914
2012-04-17,0.350500,0.320600
2012-04-18,0.346750,0.317170
2012-04-19,0.341500,0.312368
2012-04-20,0.334750,0.306194
2012-04-23,0.330750,0.302535
2012-04-24,0.320500,0.293159
2012-04-25,0.327000,0.299105
2012-04-26,0.327250,0.299334
2012-04-27,0.324500,0.296818
2012-04-30,0.325000,0.297276
2012-05-01,0.330750,0.302535
2012-05-02,0.321250,0.293845
2012-05-03,0.315750,0.288815
2012-05-04,0.306500,0.280354
2012-05-07,0.311750,0.285156
2012-05-08,0.311500,0.284927
2012-05-09,0.312750,0.286070
2012-05-10,0.310500,0.284012
2012-05-11,0.330250,0.302078
2012-05-14,0.328250,0.300248
2012-05-15,0.325000,0.297276
2012-05-16,0.318500,0.291330
2012-05-17,0.316250,0.289272
2012-05-18,0.302000,0.276238
2012-05-21,0.307250,0.281040
2012-05-22,0.303500,0.277610
2012-05-23,0.311000,0.284470
2012-05-24,0.302750,0.276924
2012-05-25,0.310000,0.283555
2012-05-29,0.318000,0.290873
2012-05-30,0.314250,0.287443
2012-05-31,0.310750,0.284241
2012-06-01,0.299500,0.273951
2012-06-04,0.293250,0.268234
2012-06-05,0.301750,0.276009
2012-06-06,0.309750,0.283326
2012-06-07,0.297250,0.271893
2012-06-08,0.303000,0.277152
2012-06-11,0.306500,0.280354
2012-06-12,0.312750,0.286070
2012-06-13,0.304500,0.278524
2012-06-14,0.300750,0.275094
2012-06-15,0.307250,0.281040
2012-06-18,0.310000,0.283555
2012-06-19,0.331000,0.302764
2012-06-20,0.336250,0.307566
2012-06-21,0.321000,0.293617
2012-06-22,0.325000,0.297276
2012-06-25,0.314750,0.287900
2012-06-26,0.318250,0.291101
2012-06-27,0.328500,0.300477
2012-06-28,0.331000,0.302764
2012-06-29,0.345500,0.316027
2012-07-02,0.336250,0.307566
2012-07-03,0.345000,0.315569
2012-07-05,0.341500,0.312368
2012-07-06,0.335000,0.306422
2012-07-09,0.330500,0.302306
2012-07-10,0.320500,0.293159
2012-07-11,0.315250,0.288357
2012-07-12,0.310000,0.283555
2012-07-13,0.314000,0.287214
2012-07-16,0.315000,0.288129
2012-07-17,0.309250,0.282869
2012-07-18,0.326500,0.298648
2012-07-19,0.329750,0.301620
2012-07-20,0.320250,0.292931
2012-07-23,0.324500,0.296818
2012-07-24,0.321000,0.293617
2012-07-25,0.327250,0.299334
2012-07-26,0.328750,0.300706
2012-07-27,0.337000,0.308252
2012-07-30,0.333250,0.304822
2012-07-31,0.338500,0.309624
2012-08-01,0.334750,0.306194
2012-08-02,0.336000,0.307337
2012-08-03,0.343000,0.313740
2012-08-06,0.350250,0.320372
2012-08-07,0.353750,0.323573
2012-08-08,0.355750,0.325402
2012-08-09,0.367750,0.336379
2012-08-10,0.365500,0.334321
2012-08-13,0.370250,0.338665
2012-08-14,0.364750,0.333635
2012-08-15,0.362000,0.331119
2012-08-16,0.369500,0.337979
2012-08-17,0.366250,0.335007
2012-08-20,0.366250,0.335007
2012-08-21,0.365250,0.334092
2012-08-22,0.366000,0.334778
2012-08-23,0.357750,0.327232
2012-08-24,0.365000,0.333863
2012-08-27,0.358750,0.328146
2012-08-28,0.357250,0.326774
2012-08-29,0.358000,0.327460
2012-08-30,0.351250,0.321286
2012-08-31,0.350750,0.320829
2012-09-04,0.332000,0.303679
2012-09-05,0.333000,0.304593
2012-09-06,0.343250,0.313969
2012-09-07,0.335000,0.306422
2012-09-10,0.332000,0.303679
2012-09-11,0.336000,0.307337
2012-09-12,0.339750,0.310767
2012-09-13,0.342000,0.312825
2012-09-14,0.346000,0.316484
2012-09-17,0.336500,0.307795
2012-09-18,0.338750,0.309853
2012-09-19,0.342750,0.313511
2012-09-20,0.340250,0.311225
2012-09-21,0.341750,0.312597
2012-09-24,0.341500,0.312368
2012-09-25,0.335250,0.306651
2012-09-26,0.329500,0.301392
2012-09-27,0.332000,0.303679
2012-09-28,0.333500,0.305051
2012-10-01,0.328000,0.300020
2012-10-02,0.329250,0.301163
2012-10-03,0.326000,0.298190
2012-10-04,0.340500,0.311453
2012-10-05,0.332500,0.304136
2012-10-08,0.329250,0.301163
2012-10-09,0.322250,0.294760
2012-10-10,0.316750,0.289729
2012-10-11,0.318500,0.291330
2012-10-12,0.315750,0.288815
2012-10-15,0.319750,0.292473
2012-10-16,0.329000,0.300934
2012-10-17,0.326500,0.298648
2012-10-18,0.321500,0.294074
2012-10-19,0.302750,0.276924
2012-10-22,0.299250,0.273722
2012-10-23,0.308250,0.281954
2012-10-24,0.304250,0.278296
2012-10-25,0.304500,0.278524
2012-10-26,0.301250,0.275552
2012-10-31,0.299500,0.273951
2012-11-01,0.313750,0.286985
2012-11-02,0.312250,0.285613
2012-11-05,0.325500,0.297733
2012-11-06,0.325250,0.297504
2012-11-07,0.315250,0.288357
2012-11-08,0.317000,0.289958
2012-11-09,0.304750,0.278753
2012-11-12,0.298000,0.272579
2012-11-13,0.295750,0.270521
2012-11-14,0.288500,0.263889
2012-11-15,0.289750,0.265033
2012-11-16,0.284500,0.260230
2012-11-19,0.292500,0.267548
2012-11-20,0.287250,0.264441
2012-11-21,0.295500,0.272036
2012-11-23,0.297500,0.273877
2012-11-26,0.302750,0.278710
2012-11-27,0.304000,0.279861
2012-11-28,0.306500,0.282162
2012-11-29,0.301000,0.277099
2012-11-30,0.299250,0.275488
2012-12-03,0.293750,0.270425
2012-12-04,0.302500,0.278480
2012-12-05,0.299000,0.275258
2012-12-06,0.299500,0.275718
2012-12-07,0.299000,0.275258
2012-12-10,0.309000,0.284464
2012-12-11,0.316250,0.291138
2012-12-12,0.313000,0.288146
2012-12-13,0.313250,0.288376
2012-12-14,0.314750,0.289757
2012-12-17,0.313500,0.288607
2012-12-18,0.314000,0.289067
2012-12-19,0.316250,0.291138
2012-12-20,0.316000,0.290908
2012-12-21,0.308750,0.284234
2012-12-24,0.306250,0.281932
2012-12-26,0.306000,0.281702
2012-12-27,0.304000,0.279861
2012-12-28,0.302500,0.278480
2012-12-31,0.306500,0.282162
2013-01-02,0.318000,0.292749
2013-01-03,0.318250,0.292980
2013-01-04,0.328750,0.302646
2013-01-07,0.319250,0.293900
2013-01-08,0.312250,0.287456
2013-01-09,0.305250,0.281012
2013-01-10,0.305750,0.281472
2013-01-11,0.305250,0.281012
2013-01-14,0.305000,0.280782
2013-01-15,0.299500,0.275718
2013-01-16,0.302250,0.278250
2013-01-17,0.306250,0.281932
2013-01-18,0.304250,0.280091
2013-01-22,0.302750,0.278710
2013-01-23,0.303250,0.279171
2013-01-24,0.304750,0.280551
2013-01-25,0.310250,0.285615
2013-01-28,0.315250,0.290218
2013-01-29,0.308500,0.284004
2013-01-30,0.308000,0.283543
2013-01-31,0.306500,0.282162
2013-02-01,0.309250,0.284694
2013-02-04,0.304000,0.279861
2013-02-05,0.311000,0.286305
2013-02-06,0.308500,0.284004
2013-02-07,0.307250,0.282853
2013-02-08,0.309250,0.284694
2013-02-11,0.312750,0.287916
2013-02-12,0.310750,0.286075
2013-02-13,0.309250,0.284694
2013-02-14,0.318250,0.292980
2013-02-15,0.318250,0.292980
2013-02-19,0.314000,0.289067
2013-02-20,0.309500,0.284924
2013-02-21,0.307250,0.282853
2013-02-22,0.313000,0.288146
2013-02-25,0.307500,0.283083
2013-02-26,0.309250,0.286441
2013-02-27,0.315000,0.291767
2013-02-28,0.316500,0.293156
2013-03-01,0.317750,0.294314
2013-03-04,0.316500,0.293156
2013-03-05,0.320000,0.296398
2013-03-06,0.319750,0.296166
2013-03-07,0.319000,0.295471
2013-03-08,0.320500,0.296861
2013-03-11,0.317500,0.294082
2013-03-12,0.318500,0.295009
2013-03-13,0.318500,0.295009
2013-03-14,0.318750,0.295240
2013-03-15,0.316000,0.292693
2013-03-18,0.313750,0.290609
2013-03-19,0.311750,0.288756
2013-03-20,0.315500,0.292230
2013-03-21,0.310500,0.287598
2013-03-22,0.312000,0.288988
2013-03-25,0.310250,0.287367
2013-03-26,0.312500,0.289451
2013-03-27,0.316250,0.292924
2013-03-28,0.320750,0.297092
2013-04-01,0.310250,0.287367
2013-04-02,0.307000,0.284357
2013-04-03,0.303250,0.280883
2013-04-04,0.306250,0.283662
2013-04-05,0.311500,0.288525
2013-04-08,0.310750,0.287830
2013-04-09,0.315750,0.292461
2013-04-10,0.320750,0.297092
2013-04-11,0.319250,0.295703
2013-04-12,0.327250,0.303113
2013-04-15,0.320500,0.296861
2013-04-16,0.324000,0.300103
2013-04-17,0.319750,0.296166
2013-04-18,0.313500,0.290377
2013-04-19,0.314250,0.291072
2013-04-22,0.314750,0.291535
2013-04-23,0.323000,0.299176
2013-04-24,0.334000,0.309365
2013-04-25,0.336750,0.311912
2013-04-26,0.335250,0.310523
2013-04-29,0.339250,0.314228
2013-04-30,0.344250,0.318859
2013-05-01,0.341250,0.316081
2013-05-02,0.345250,0.319785
2013-05-03,0.346750,0.321175
2013-05-06,0.345750,0.320249
2013-05-07,0.341250,0.316081
2013-05-08,0.347500,0.321869
2013-05-09,0.347750,0.322101
2013-05-10,0.363500,0.336689
2013-05-13,0.356000,0.329743
2013-05-14,0.361250,0.334605
2013-05-15,0.367500,0.340394
2013-05-16,0.365750,0.338773
2013-05-17,0.371750,0.344331
2013-05-20,0.371000,0.343636
2013-05-21,0.373000,0.347244
2013-05-22,0.360000,0.335141
2013-05-23,0.365750,0.340494
2013-05-24,0.363500,0.338400
2013-05-28,0.363250,0.338167
2013-05-29,0.361000,0.336072
2013-05-30,0.365750,0.340494
2013-05-31,0.361750,0.336770
2013-06-03,0.361250,0.336305
2013-06-04,0.361750,0.336770
2013-06-05,0.354000,0.329556
2013-06-06,0.356250,0.331650
2013-06-07,0.361250,0.336305
2013-06-10,0.361000,0.336072
2013-06-11,0.354250,0.329788
2013-06-12,0.351250,0.326995
2013-06-13,0.359250,0.334443
2013-06-14,0.358750,0.333978
2013-06-17,0.362250,0.337236
2013-06-18,0.360000,0.335141
2013-06-19,0.371000,0.345382
2013-06-20,0.361000,0.336072
2013-06-21,0.360500,0.335607
2013-06-24,0.353000,0.328625
2013-06-25,0.355500,0.330952
2013-06-26,0.353500,0.329090
2013-06-27,0.350250,0.326065
2013-06-28,0.351000,0.326763
2013-07-01,0.352500,0.328159
2013-07-02,0.352250,0.327926
2013-07-03,0.353250,0.328857
2013-07-05,0.356000,0.331417
2013-07-08,0.354250,0.329788
2013-07-09,0.356000,0.331417
2013-07-10,0.360750,0.335840
2013-07-11,0.365750,0.340494
2013-07-12,0.366000,0.340727
2013-07-15,0.365250,0.340029
2013-07-16,0.367250,0.341891
2013-07-17,0.365250,0.340029
2013-07-18,0.363750,0.338632
2013-07-19,0.356000,0.331417
2013-07-22,0.355750,0.331185
2013-07-23,0.355250,0.330719
2013-07-24,0.355250,0.330719
2013-07-25,0.356500,0.331883
2013-07-26,0.355000,0.330486
2013-07-29,0.354250,0.329788
2013-07-30,0.360250,0.335374
2013-07-31,0.361000,0.336072
2013-08-01,0.366000,0.340727
2013-08-02,0.369000,0.343520
2013-08-05,0.370750,0.345149
2013-08-06,0.365250,0.340029
2013-08-07,0.365000,0.339796
2013-08-08,0.367500,0.342123
2013-08-09,0.362250,0.337236
2013-08-12,0.359250,0.334443
2013-08-13,0.360500,0.335607
2013-08-14,0.375750,0.349804
2013-08-15,0.378250,0.352131
2013-08-16,0.379750,0.353527
2013-08-19,0.373750,0.347942
2013-08-20,0.373750,0.349696
2013-08-21,0.372000,0.348059
2013-08-22,0.374000,0.349930
2013-08-23,0.374000,0.349930
2013-08-26,0.374750,0.350632
2013-08-27,0.370000,0.346188
2013-08-28,0.370000,0.346188
2013-08-29,0.369250,0.345486
2013-08-30,0.368750,0.345018
2013-09-03,0.369000,0.345252
2013-09-04,0.372500,0.348527
2013-09-05,0.373500,0.349462
2013-09-06,0.372000,0.348059
2013-09-09,0.378250,0.353907
2013-09-10,0.386250,0.361392
2013-09-11,0.392750,0.367473
2013-09-12,0.392500,0.367239
2013-09-13,0.395000,0.369579
2013-09-16,0.395250,0.369812
2013-09-17,0.396500,0.370982
2013-09-18,0.400000,0.374257
2013-09-19,0.398250,0.372620
2013-09-20,0.394750,0.369345
2013-09-23,0.391000,0.365836
2013-09-24,0.392500,0.367239
2013-09-25,0.393000,0.367707
2013-09-26,0.391750,0.366538
2013-09-27,0.389500,0.364433
2013-09-30,0.389000,0.363965
2013-10-01,0.388750,0.363731
2013-10-02,0.388500,0.363497
2013-10-03,0.384500,0.359754
2013-10-04,0.389750,0.364666
2013-10-07,0.389750,0.364666
2013-10-08,0.386500,0.361626
2013-10-09,0.380500,0.356012
2013-10-10,0.384750,0.359988
2013-10-11,0.381500,0.356947
2013-10-14,0.387250,0.362327
2013-10-15,0.385250,0.360456
2013-10-16,0.390000,0.364900
2013-10-17,0.390750,0.365602
2013-10-18,0.395250,0.369812
2013-10-21,0.396250,0.370748
2013-10-22,0.394250,0.368877
2013-10-23,0.387500,0.362561
2013-10-24,0.384750,0.359988
2013-10-25,0.381000,0.356480
2013-10-28,0.380250,0.355778
2013-10-29,0.380750,0.356246
2013-10-30,0.380500,0.356012
2013-10-31,0.379750,0.355310
2013-11-01,0.381500,0.356947
2013-11-04,0.370500,0.346655
2013-11-05,0.370000,0.346188
2013-11-06,0.372500,0.348527
2013-11-07,0.363750,0.340340
2013-11-08,0.389000,0.363965
2013-11-11,0.392250,0.367006
2013-11-12,0.393000,0.367707
2013-11-13,0.403750,0.377765
2013-11-14,0.405500,0.379403
2013-11-15,0.404250,0.378233
2013-11-18,0.394500,0.369111
2013-11-19,0.386000,0.363114
2013-11-20,0.380250,0.357705
2013-11-21,0.383250,0.360527
2013-11-22,0.379500,0.356999
2013-11-25,0.387750,0.364760
2013-11-26,0.391000,0.367817
2013-11-27,0.392500,0.369228
2013-11-29,0.390000,0.366876
2013-12-02,0.393750,0.370404
2013-12-03,0.393500,0.370169
2013-12-04,0.399000,0.375343
2013-12-05,0.392500,0.369228
2013-12-06,0.386750,0.363819
2013-12-09,0.380250,0.357705
2013-12-10,0.389000,0.365936
2013-12-11,0.385250,0.362408
2013-12-12,0.377750,0.355353
2013-12-13,0.375500,0.353236
2013-12-16,0.376000,0.353707
2013-12-17,0.377750,0.355353
2013-12-18,0.383000,0.360292
2013-12-19,0.384500,0.361703
2013-12-20,0.392250,0.368993
2013-12-23,0.394500,0.371110
2013-12-24,0.395500,0.372051
2013-12-26,0.391750,0.368523
2013-12-27,0.394000,0.370639
2013-12-30,0.399250,0.375578
2013-12-31,0.400500,0.376754
2014-01-02,0.396500,0.372991
2014-01-03,0.391750,0.368523
2014-01-06,0.397000,0.373462
2014-01-07,0.403500,0.379576
2014-01-08,0.409000,0.384750
2014-01-09,0.393750,0.370404
2014-01-10,0.393250,0.369934
2014-01-13,0.384000,0.361232
2014-01-14,0.396000,0.372521
2014-01-15,0.400250,0.376519
2014-01-16,0.401500,0.377695
2014-01-17,0.399750,0.376048
2014-01-21,0.401250,0.377460
2014-01-22,0.400750,0.376989
2014-01-23,0.399250,0.375578
2014-01-24,0.389000,0.365936
2014-01-27,0.386500,0.363584
2014-01-28,0.390250,0.367112
2014-01-29,0.386500,0.363584
2014-01-30,0.393000,0.369699
2014-01-31,0.392500,0.369228
2014-02-03,0.387250,0.364290
2014-02-04,0.389500,0.366406
2014-02-05,0.386000,0.363114
2014-02-06,0.391000,0.367817
2014-02-07,0.396750,0.373226
2014-02-10,0.398000,0.374402
2014-02-11,0.406250,0.382163
2014-02-12,0.420750,0.395803
2014-02-13,0.434000,0.408268
2014-02-14,0.447750,0.421203
2014-02-18,0.447500,0.420967
2014-02-19,0.453500,0.426612
2014-02-20,0.469500,0.441663
2014-02-21,0.466000,0.438370
2014-02-24,0.472750,0.444720
2014-02-25,0.468500,0.442712
2014-02-26,0.467750,0.442004
2014-02-27,0.462500,0.437042
2014-02-28,0.459500,0.434208
2014-03-03,0.457250,0.432081
2014-03-04,0.462000,0.436570
2014-03-05,0.466000,0.440350
2014-03-06,0.459500,0.434208
2014-03-07,0.459000,0.433735
2014-03-10,0.452250,0.427357
2014-03-11,0.456750,0.431609
2014-03-12,0.458000,0.432790
2014-03-13,0.443500,0.419088
2014-03-14,0.445500,0.420978
2014-03-17,0.445500,0.420978
2014-03-18,0.456000,0.430900
2014-03-19,0.464000,0.438460
2014-03-20,0.464250,0.438696
2014-03-21,0.463500,0.437987
2014-03-24,0.461250,0.435861
2014-03-25,0.461250,0.435861
2014-03-26,0.450750,0.425939
2014-03-27,0.444750,0.420270
2014-03-28,0.447500,0.422868
2014-03-31,0.447750,0.423104
2014-04-01,0.466250,0.440586
2014-04-02,0.463250,0.437751
2014-04-03,0.468250,0.442476
2014-04-04,0.453750,0.428774
2014-04-07,0.455250,0.430192
2014-04-08,0.471500,0.445547
2014-04-09,0.471000,0.445075
2014-04-10,0.459500,0.434208
2014-04-11,0.453000,0.428065
2014-04-14,0.458000,0.432790
2014-04-15,0.461250,0.435861
2014-04-16,0.462250,0.436806
2014-04-17,0.464000,0.438460
2014-04-21,0.467750,0.442004
2014-04-22,0.471750,0.445783
2014-04-23,0.477250,0.450981
2014-04-24,0.481500,0.454997
2014-04-25,0.468250,0.442476
2014-04-28,0.466250,0.440586
2014-04-29,0.467250,0.441531
2014-04-30,0.461750,0.436334
2014-05-01,0.464250,0.438696
2014-05-02,0.460750,0.435389
2014-05-05,0.465750,0.440114
2014-05-06,0.456250,0.431137
2014-05-07,0.456750,0.431609
2014-05-08,0.462500,0.437042
2014-05-09,0.451250,0.426412
2014-05-12,0.464500,0.438932
2014-05-13,0.457000,0.431845
2014-05-14,0.452500,0.427593
2014-05-15,0.450000,0.425231
2014-05-16,0.449000,0.424286
2014-05-19,0.463500,0.437987
2014-05-20,0.456000,0.432885
2014-05-21,0.456000,0.432885
2014-05-22,0.458000,0.434784
2014-05-23,0.462250,0.438818
2014-05-27,0.470500,0.446650
2014-05-28,0.474500,0.450447
2014-05-29,0.473750,0.449735
2014-05-30,0.475000,0.450922
2014-06-02,0.473500,0.449498
2014-06-03,0.471500,0.447599
2014-06-04,0.472000,0.448074
2014-06-05,0.474000,0.449973
2014-06-06,0.475750,0.451634
2014-06-09,0.476250,0.452108
2014-06-10,0.478750,0.454482
2014-06-11,0.485000,0.460415
2014-06-12,0.488000,0.463263
2014-06-13,0.488500,0.463737
2014-06-16,0.487000,0.462313
2014-06-17,0.490250,0.465399
2014-06-18,0.489750,0.464924
2014-06-19,0.478500,0.454244
2014-06-20,0.473250,0.449260
2014-06-23,0.467750,0.444039
2014-06-24,0.460500,0.437157
2014-06-25,0.465250,0.441666
2014-06-26,0.459000,0.435733
2014-06-27,0.459500,0.436207
2014-06-30,0.463500,0.440005
2014-07-01,0.468750,0.444989
2014-07-02,0.467000,0.443327
2014-07-03,0.471250,0.447362
2014-07-07,0.467500,0.443802
2014-07-08,0.463750,0.440242
2014-07-09,0.477750,0.453532
2014-07-10,0.475250,0.451159
2014-07-11,0.476250,0.452108
2014-07-14,0.482250,0.457804
2014-07-15,0.484250,0.459703
2014-07-16,0.483750,0.459228
2014-07-17,0.482500,0.458042
2014-07-18,0.461000,0.437631
2014-07-21,0.463750,0.440242
2014-07-22,0.461750,0.438344
2014-07-23,0.452000,0.429088
2014-07-24,0.452750,0.429800
2014-07-25,0.444750,0.422205
2014-07-28,0.443000,0.420544
2014-07-29,0.444500,0.421968
2014-07-30,0.452000,0.429088
2014-07-31,0.437500,0.415323
2014-08-01,0.442250,0.419832
2014-08-04,0.441250,0.418883
2014-08-05,0.441500,0.419120
2014-08-06,0.441000,0.418645
2014-08-07,0.436500,0.414373
2014-08-08,0.475000,0.450922
2014-08-11,0.472500,0.448548
2014-08-12,0.472500,0.448548
2014-08-13,0.475250,0.451159
2014-08-14,0.470000,0.446175
2014-08-15,0.476000,0.451871
2014-08-18,0.482500,0.458042
2014-08-19,0.484250,0.461736
2014-08-20,0.481250,0.458876
2014-08-21,0.476750,0.454585
2014-08-22,0.477000,0.454823
2014-08-25,0.477750,0.455539
2014-08-26,0.486250,0.463643
2014-08-27,0.480750,0.458399
2014-08-28,0.484750,0.462213
2014-08-29,0.486250,0.463643
2014-09-02,0.487500,0.464835
2014-09-03,0.492000,0.469126
2014-09-04,0.500750,0.477469
2014-09-05,0.499250,0.476039
2014-09-08,0.494750,0.471748
2014-09-09,0.488500,0.465789
2014-09-10,0.490250,0.467457
2014-09-11,0.485250,0.462690
2014-09-12,0.478000,0.455777
2014-09-15,0.471500,0.449579
2014-09-16,0.478500,0.456254
2014-09-17,0.478750,0.456492
2014-09-18,0.486000,0.463405
2014-09-19,0.477000,0.454823
2014-09-22,0.472250,0.450294
2014-09-23,0.470250,0.448387
2014-09-24,0.473000,0.451009
2014-09-25,0.462750,0.441236
2014-09-26,0.463750,0.442189
2014-09-29,0.463000,0.441474
2014-09-30,0.461250,0.439806
2014-10-01,0.456750,0.435515
2014-10-02,0.454750,0.433608
2014-10-03,0.455750,0.434561
2014-10-06,0.453000,0.431939
2014-10-07,0.448250,0.427410
2014-10-08,0.456500,0.435276
2014-10-09,0.447750,0.426933
2014-10-10,0.421250,0.401665
2014-10-13,0.419750,0.400235
2014-10-14,0.429500,0.409532
2014-10-15,0.436000,0.415730
2014-10-16,0.436250,0.415968
2014-10-17,0.435500,0.415253
2014-10-20,0.439250,0.418829
2014-10-21,0.458000,0.436707
2014-10-22,0.447250,0.426457
2014-10-23,0.457250,0.435992
2014-10-24,0.462000,0.440521
2014-10-27,0.462250,0.440759
2014-10-28,0.473250,0.451248
2014-10-29,0.470250,0.448387
2014-10-30,0.467250,0.445527
2014-10-31,0.488500,0.465789
2014-11-03,0.496750,0.473655
2014-11-04,0.503250,0.479853
2014-11-05,0.503250,0.479853
2014-11-06,0.505500,0.481998
2014-11-07,0.494750,0.471748
2014-11-10,0.500500,0.477231
2014-11-11,0.494500,0.471510
2014-11-12,0.491250,0.468411
2014-11-13,0.488750,0.466027
2014-11-14,0.494750,0.471748
2014-11-17,0.492500,0.469603
2014-11-18,0.504250,0.480807
2014-11-19,0.500250,0.479011
2014-11-20,0.508500,0.486911
2014-11-21,0.511250,0.489544
2014-11-24,0.514500,0.492656
2014-11-25,0.514250,0.492417
2014-11-26,0.523000,0.500795
2014-11-28,0.524250,0.501992
2014-12-01,0.514500,0.492656
2014-12-02,0.515250,0.493374
2014-12-03,0.528500,0.506062
2014-12-04,0.523750,0.501513
2014-12-05,0.526750,0.504386
2014-12-08,0.520000,0.497923
2014-12-09,0.518250,0.496247
2014-12-10,0.506750,0.485235
2014-12-11,0.506500,0.484996
2014-12-12,0.490750,0.469914
2014-12-15,0.489250,0.468478
2014-12-16,0.483750,0.463212
2014-12-17,0.503500,0.482123
2014-12-18,0.505500,0.484038
2014-12-19,0.510500,0.488826
2014-12-22,0.519500,0.497444
2014-12-23,0.516250,0.494332
2014-12-24,0.514250,0.492417
2014-12-26,0.514750,0.492895
2014-12-29,0.514000,0.492177
2014-12-30,0.509250,0.487629
2014-12-31,0.501250,0.479969
2015-01-02,0.503250,0.481884
2015-01-05,0.494750,0.473745
2015-01-06,0.479750,0.459382
2015-01-07,0.478500,0.458185
2015-01-08,0.496500,0.475420
2015-01-09,0.498500,0.477336
2015-01-12,0.492250,0.471351
2015-01-13,0.491500,0.470633
2015-01-14,0.493500,0.472548
2015-01-15,0.490000,0.469196
2015-01-16,0.499000,0.477814
2015-01-20,0.500500,0.479251
2015-01-21,0.507500,0.485953
2015-01-22,0.516250,0.494332
2015-01-23,0.517750,0.495768
2015-01-26,0.515500,0.493614
2015-01-27,0.490750,0.469914
2015-01-28,0.482750,0.462254
2015-01-29,0.494500,0.473505
2015-01-30,0.480000,0.459621
2015-02-02,0.490500,0.469675
2015-02-03,0.502750,0.481405
2015-02-04,0.504000,0.482602
2015-02-05,0.512250,0.490502
2015-02-06,0.510000,0.488347
2015-02-09,0.509500,0.487868
2015-02-10,0.523750,0.501513
2015-02-11,0.520250,0.498162
2015-02-12,0.557500,0.533831
2015-02-13,0.557750,0.534070
2015-02-17,0.559500,0.535746
2015-02-18,0.553000,0.529522
2015-02-19,0.554500,0.530958
2015-02-20,0.558500,0.534788
2015-02-23,0.554000,0.530479
2015-02-24,0.557750,0.536126
2015-02-25,0.553500,0.532041
2015-02-26,0.555000,0.533483
2015-02-27,0.551500,0.530119
2015-03-02,0.565000,0.543095
2015-03-03,0.554500,0.533002
2015-03-04,0.560750,0.539010
2015-03-05,0.571500,0.549343
2015-03-06,0.563750,0.541894
2015-03-09,0.565250,0.543336
2015-03-10,0.575000,0.552708
2015-03-11,0.572000,0.549824
2015-03-12,0.566750,0.544777
2015-03-13,0.567500,0.545499
2015-03-16,0.574250,0.551987
2015-03-17,0.581250,0.558715
2015-03-18,0.571750,0.549584
2015-03-19,0.580500,0.557994
2015-03-20,0.586750,0.564002
2015-03-23,0.567750,0.545739
2015-03-24,0.560000,0.538289
2015-03-25,0.526000,0.505607
2015-03-26,0.524250,0.503925
2015-03-27,0.534500,0.513778
2015-03-30,0.536750,0.515940
2015-03-31,0.523250,0.502964
2015-04-01,0.525250,0.504886
2015-04-02,0.526500,0.506088
2015-04-06,0.541750,0.520746
2015-04-07,0.546500,0.525312
2015-04-08,0.550500,0.529157
2015-04-09,0.563250,0.541413
2015-04-10,0.569000,0.546940
2015-04-13,0.563750,0.541894
2015-04-14,0.559000,0.537328
2015-04-15,0.565750,0.543816
2015-04-16,0.562250,0.540452
2015-04-17,0.555000,0.533483
2015-04-20,0.552250,0.530840
2015-04-21,0.551500,0.530119
2015-04-22,0.557750,0.536126
2015-04-23,0.555500,0.533964
2015-04-24,0.550750,0.529398
2015-04-27,0.555000,0.533483
2015-04-28,0.557750,0.536126
2015-04-29,0.553500,0.532041
2015-04-30,0.555000,0.533483
2015-05-01,0.568750,0.546700
2015-05-04,0.565250,0.543336
2015-05-05,0.550750,0.529398
2015-05-06,0.552500,0.531080
2015-05-07,0.562250,0.540452
2015-05-08,0.520750,0.500561
2015-05-11,0.515750,0.495755
2015-05-12,0.520750,0.500561
2015-05-13,0.523750,0.503445
2015-05-14,0.532250,0.511615
2015-05-15,0.532500,0.511855
2015-05-18,0.531750,0.511134
2015-05-19,0.526000,0.507948
2015-05-20,0.526000,0.507948
2015-05-21,0.522250,0.504326
2015-05-22,0.521500,0.503602
2015-05-26,0.518250,0.500463
2015-05-27,0.546000,0.527261
2015-05-28,0.553500,0.534504
2015-05-29,0.553250,0.534262
2015-06-01,0.559500,0.540298
2015-06-02,0.548500,0.529675
2015-06-03,0.542500,0.523881
2015-06-04,0.552250,0.533297
2015-06-05,0.556500,0.537401
2015-06-08,0.543750,0.525089
2015-06-09,0.546500,0.527744
2015-06-10,0.536750,0.518329
2015-06-11,0.542500,0.523881
2015-06-12,0.527750,0.509638
2015-06-15,0.526750,0.508672
2015-06-16,0.533250,0.514949
2015-06-17,0.539500,0.520984
2015-06-18,0.548500,0.529675
2015-06-19,0.546750,0.527985
2015-06-22,0.544500,0.525813
2015-06-23,0.530500,0.512293
2015-06-24,0.525250,0.507223
2015-06-25,0.529250,0.511086
2015-06-26,0.518500,0.500705
2015-06-29,0.503000,0.485737
2015-06-30,0.502750,0.485495
2015-07-01,0.510000,0.492497
2015-07-02,0.510500,0.492980
2015-07-06,0.504250,0.486944
2015-07-07,0.494750,0.477770
2015-07-08,0.491250,0.474390
2015-07-09,0.485250,0.468596
2015-07-10,0.493750,0.476804
2015-07-13,0.497000,0.479943
2015-07-14,0.497250,0.480184
2015-07-15,0.493750,0.476804
2015-07-16,0.504750,0.487427
2015-07-17,0.501750,0.484530
2015-07-20,0.492500,0.475597
2015-07-21,0.494750,0.477770
2015-07-22,0.485250,0.468596
2015-07-23,0.491250,0.474390
2015-07-24,0.485500,0.468838
2015-07-27,0.482750,0.466182
2015-07-28,0.493250,0.476322
2015-07-29,0.499250,0.482116
2015-07-30,0.500500,0.483323
2015-07-31,0.498750,0.481633
2015-08-03,0.507250,0.489841
2015-08-04,0.509250,0.491772
2015-08-05,0.514500,0.496842
2015-08-06,0.511250,0.493704
2015-08-07,0.574500,0.554783
2015-08-10,0.594500,0.574097
2015-08-11,0.591500,0.571200
2015-08-12,0.593000,0.572648
2015-08-13,0.588000,0.567820
2015-08-14,0.588500,0.568303
2015-08-17,0.584750,0.564682
2015-08-18,0.577000,0.559542
2015-08-19,0.574750,0.557360
2015-08-20,0.554000,0.537238
2015-08-21,0.536750,0.520510
2015-08-24,0.517750,0.502084
2015-08-25,0.507000,0.491660
2015-08-26,0.545250,0.528752
2015-08-27,0.565750,0.548632
2015-08-28,0.568250,0.551057
2015-08-31,0.562000,0.544996
2015-09-01,0.539000,0.522691
2015-09-02,0.555250,0.538450
2015-09-03,0.556750,0.539904
2015-09-04,0.543750,0.527298
2015-09-08,0.567000,0.549844
2015-09-09,0.555750,0.538935
2015-09-10,0.564500,0.547420
2015-09-11,0.566250,0.549117
2015-09-14,0.567250,0.550087
2015-09-15,0.573500,0.556148
2015-09-16,0.577500,0.560027
2015-09-17,0.582750,0.565118
2015-09-18,0.582250,0.564633
2015-09-21,0.588250,0.570451
2015-09-22,0.572250,0.554935
2015-09-23,0.575000,0.557602
2015-09-24,0.586000,0.568269
2015-09-25,0.590250,0.572391
2015-09-28,0.582500,0.564875
2015-09-29,0.592750,0.574815
2015-09-30,0.616250,0.597604
2015-10-01,0.604250,0.585967
2015-10-02,0.620000,0.601241
2015-10-05,0.635500,0.616272
2015-10-06,0.643750,0.624272
2015-10-07,0.650500,0.630818
2015-10-08,0.654250,0.634454
2015-10-09,0.651750,0.632030
2015-10-12,0.658750,0.638818
2015-10-13,0.660000,0.640030
2015-10-14,0.684000,0.663304
2015-10-15,0.685750,0.665001
2015-10-16,0.696500,0.675426
2015-10-19,0.695250,0.674214
2015-10-20,0.694250,0.673244
2015-10-21,0.685250,0.664516
2015-10-22,0.710000,0.688518
2015-10-23,0.714750,0.693124
2015-10-26,0.711500,0.689972
2015-10-27,0.711000,0.689487
2015-10-28,0.716750,0.695063
2015-10-29,0.692000,0.671062
2015-10-30,0.709250,0.687790
2015-11-02,0.717500,0.695791
2015-11-03,0.712500,0.690942
2015-11-04,0.700750,0.679548
2015-11-05,0.692750,0.671790
2015-11-06,0.788750,0.764885
2015-11-09,0.785250,0.761491
2015-11-10,0.770250,0.746944
2015-11-11,0.762750,0.739672
2015-11-12,0.760000,0.737004
2015-11-13,0.745000,0.722458
2015-11-16,0.760000,0.737004
2015-11-17,0.760000,0.737004
2015-11-18,0.775750,0.755134
2015-11-19,0.778000,0.757325
2015-11-20,0.784750,0.763896
2015-11-23,0.773000,0.752458
2015-11-24,0.779250,0.758542
2015-11-25,0.778250,0.757568
2015-11-27,0.784750,0.763896
2015-11-30,0.793000,0.771926
2015-12-01,0.818750,0.796992
2015-12-02,0.812500,0.790908
2015-12-03,0.810750,0.789205
2015-12-04,0.843750,0.821328
2015-12-07,0.827750,0.805753
2015-12-08,0.839000,0.816704
2015-12-09,0.817750,0.796019
2015-12-10,0.824500,0.802589
2015-12-11,0.812250,0.790665
2015-12-14,0.814250,0.792612
2015-12-15,0.824250,0.802346
2015-12-16,0.829250,0.807213
2015-12-17,0.816750,0.795045
2015-12-18,0.803500,0.782147
2015-12-21,0.822500,0.800642
2015-12-22,0.823250,0.801372
2015-12-23,0.826500,0.804536
2015-12-24,0.829250,0.807213
2015-12-28,0.828500,0.806483
2015-12-29,0.842000,0.819624
2015-12-30,0.834750,0.812567
2015-12-31,0.824000,0.802102
2016-01-04,0.809250,0.787745
2016-01-05,0.822250,0.800399
2016-01-06,0.788250,0.767303
2016-01-07,0.757000,0.736883
2016-01-08,0.740750,0.721065
2016-01-11,0.742000,0.722282
2016-01-12,0.754500,0.734449
2016-01-13,0.731500,0.712061
2016-01-14,0.716750,0.697703
2016-01-15,0.677750,0.659739
2016-01-19,0.683250,0.665093
2016-01-20,0.687000,0.668743
2016-01-21,0.695000,0.676531
2016-01-22,0.711250,0.692349
2016-01-25,0.710500,0.691619
2016-01-26,0.717500,0.698433
2016-01-27,0.709000,0.690158
2016-01-28,0.701250,0.682615
2016-01-29,0.732250,0.712791
2016-02-01,0.732500,0.713034
2016-02-02,0.701500,0.682858
2016-02-03,0.705000,0.686265
2016-02-04,0.705250,0.686508
2016-02-05,0.660750,0.643191
2016-02-08,0.630500,0.613745
2016-02-09,0.637250,0.620315
2016-02-10,0.635750,0.618855
2016-02-11,0.632500,0.615692
2016-02-12,0.643250,0.626156
2016-02-16,0.674750,0.656819
2016-02-17,0.691500,0.673123
2016-02-18,0.751000,0.731042
2016-02-19,0.761000,0.740777
2016-02-22,0.788000,0.767059
2016-02-23,0.790000,0.769006
2016-02-24,0.795500,0.774360
2016-02-25,0.797250,0.776063
2016-02-26,0.792000,0.770953
2016-02-29,0.784000,0.765946
2016-03-01,0.818750,0.799896
2016-03-02,0.823500,0.804536
2016-03-03,0.816250,0.797453
2016-03-04,0.813750,0.795011
2016-03-07,0.808500,0.789882
2016-03-08,0.793750,0.775471
2016-03-09,0.793250,0.774983
2016-03-10,0.792000,0.773762
2016-03-11,0.805500,0.786951
2016-03-14,0.807500,0.788905
2016-03-15,0.803500,0.784997
2016-03-16,0.827500,0.808444
2016-03-17,0.820500,0.801605
2016-03-18,0.845250,0.825786
2016-03-21,0.847750,0.828228
2016-03-22,0.846250,0.826763
2016-03-23,0.860750,0.840928
2016-03-24,0.862000,0.842150
2016-03-28,0.870750,0.850698
2016-03-29,0.884750,0.864376
2016-03-30,0.894000,0.873413
2016-03-31,0.890750,0.870238
2016-04-01,0.903750,0.882938
2016-04-04,0.895000,0.874390
2016-04-05,0.893750,0.873169
2016-04-06,0.895000,0.874390
2016-04-07,0.885750,0.865353
2016-04-08,0.891500,0.870970
2016-04-11,0.897000,0.876344
2016-04-12,0.896000,0.875367
2016-04-13,0.918500,0.897349
2016-04-14,0.921000,0.899791
2016-04-15,0.928250,0.906874
2016-04-18,0.924250,0.902966
2016-04-19,0.907750,0.886846
2016-04-20,0.911250,0.890266
2016-04-21,0.910250,0.889288
2016-04-22,0.906750,0.885869
2016-04-25,0.911250,0.890266
2016-04-26,0.912000,0.890998
2016-04-27,0.932750,0.911270
2016-04-28,0.905000,0.884160
2016-04-29,0.888250,0.867795
2016-05-02,0.900000,0.879275
2016-05-03,0.889250,0.868772
2016-05-04,0.869000,0.848989
2016-05-05,0.874250,0.854118
2016-05-06,0.883250,0.862910
2016-05-09,0.882000,0.861689
2016-05-10,0.899000,0.878298
2016-05-11,0.901500,0.880740
2016-05-12,0.889250,0.868772
2016-05-13,1.024500,1.000908
2016-05-16,1.054750,1.030461
2016-05-17,1.057000,1.032659
2016-05-18,1.084000,1.059038
2016-05-19,1.088750,1.063678
2016-05-20,1.108250,1.082729
2016-05-23,1.110000,1.084438
2016-05-24,1.134000,1.110763
2016-05-25,1.129250,1.106110
2016-05-26,1.141250,1.117864
2016-05-27,1.147500,1.123986
2016-05-31,1.168000,1.144067
2016-06-01,1.170250,1.146270
2016-06-02,1.178500,1.154351
2016-06-03,1.162000,1.138189
2016-06-06,1.156000,1.132312
2016-06-07,1.158250,1.134516
2016-06-08,1.154500,1.130843
2016-06-09,1.184500,1.160228
2016-06-10,1.155000,1.131333
2016-06-13,1.169750,1.145780
2016-06-14,1.172000,1.147984
2016-06-15,1.184000,1.159738
2016-06-16,1.188750,1.164391
2016-06-17,1.168000,1.144067
2016-06-20,1.189000,1.164636
2016-06-21,1.181750,1.157534
2016-06-22,1.180750,1.156555
2016-06-23,1.212250,1.187409
2016-06-24,1.143250,1.119823
2016-06-27,1.131000,1.107824
2016-06-28,1.147500,1.123986
2016-06-29,1.166250,1.142352
2016-06-30,1.175250,1.151168
2016-07-01,1.166500,1.142597
2016-07-05,1.183750,1.159493
2016-07-06,1.191250,1.166840
2016-07-07,1.222250,1.197204
2016-07-08,1.271250,1.245201
2016-07-11,1.300500,1.273851
2016-07-12,1.320000,1.292951
2016-07-13,1.319500,1.292462
2016-07-14,1.333000,1.305685
2016-07-15,1.317500,1.290503
2016-07-18,1.324250,1.297115
2016-07-19,1.338000,1.310583
2016-07-20,1.355500,1.327724
2016-07-21,1.330500,1.303236
2016-07-22,1.366750,1.338744
2016-07-25,1.392000,1.363476
2016-07-26,1.415750,1.386740
2016-07-27,1.401500,1.372782
2016-07-28,1.404500,1.375720
2016-07-29,1.427500,1.398249
2016-08-01,1.418250,1.389189
2016-08-02,1.401000,1.372292
2016-08-03,1.404750,1.375965
2016-08-04,1.430750,1.401432
2016-08-05,1.455000,1.425185
2016-08-08,1.468500,1.438409
2016-08-09,1.472250,1.442082
2016-08-10,1.462750,1.432777
2016-08-11,1.492500,1.461917
2016-08-12,1.576000,1.543705
2016-08-15,1.574500,1.542237
2016-08-16,1.565000,1.532931
2016-08-17,1.528750,1.497424
2016-08-18,1.552500,1.520688
2016-08-19,1.556500,1.524605
2016-08-22,1.563000,1.530972
2016-08-23,1.572750,1.543361
2016-08-24,1.548500,1.519565
2016-08-25,1.538250,1.509506
2016-08-26,1.550750,1.521772
2016-08-29,1.549750,1.520791
2016-08-30,1.540750,1.511959
2016-08-31,1.533500,1.504845
2016-09-01,1.578750,1.549249
2016-09-02,1.563250,1.534039
2016-09-06,1.578000,1.548513
2016-09-07,1.554750,1.525697
2016-09-08,1.566000,1.536738
2016-09-09,1.488000,1.460195
2016-09-12,1.518750,1.490370
2016-09-13,1.496750,1.468781
2016-09-14,1.510000,1.481784
2016-09-15,1.567250,1.537964
2016-09-16,1.571000,1.541644
2016-09-19,1.591750,1.562006
2016-09-20,1.577250,1.547777
2016-09-21,1.621500,1.591200
2016-09-22,1.625500,1.595125
2016-09-23,1.623750,1.593408
2016-09-26,1.608500,1.578443
2016-09-27,1.663500,1.632416
2016-09-28,1.669500,1.638303
2016-09-29,1.685000,1.653514
2016-09-30,1.713000,1.680991
2016-10-03,1.711250,1.679273
2016-10-04,1.707500,1.675593
2016-10-05,1.705750,1.673876
2016-10-06,1.683500,1.652042
2016-10-07,1.671250,1.640021
2016-10-10,1.677500,1.646154
2016-10-11,1.653250,1.622357
2016-10-12,1.660750,1.629717
2016-10-13,1.633750,1.603221
2016-10-14,1.649750,1.618923
2016-10-17,1.640250,1.609600
2016-10-18,1.665250,1.634133
2016-10-19,1.661750,1.630698
2016-10-20,1.693250,1.661610
2016-10-21,1.688500,1.656948
2016-10-24,1.767750,1.734718
2016-10-25,1.796750,1.763175
2016-10-26,1.804000,1.770290
2016-10-27,1.767000,1.733982
2016-10-28,1.764000,1.731038
2016-10-31,1.779000,1.745757
2016-11-01,1.726250,1.693993
2016-11-02,1.719000,1.686878
2016-11-03,1.699000,1.667252
2016-11-04,1.689250,1.657685
2016-11-07,1.781750,1.748456
2016-11-08,1.779000,1.745757
2016-11-09,1.749000,1.716318
2016-11-10,1.694250,1.662591
2016-11-11,2.199250,2.158155
2016-11-14,2.091000,2.051927
2016-11-15,2.154750,2.114486
2016-11-16,2.290750,2.247944
2016-11-17,2.309750,2.266590
2016-11-18,2.334000,2.290387
2016-11-21,2.324500,2.281064
2016-11-22,2.341250,2.297501
2016-11-23,2.349250,2.308804
2016-11-25,2.354000,2.313472
2016-11-28,2.352750,2.312242
2016-11-29,2.331250,2.291112
2016-11-30,2.305000,2.265315
2016-12-01,2.191000,2.153278
2016-12-02,2.211250,2.173179
2016-12-05,2.297000,2.257452
2016-12-06,2.334750,2.294552
2016-12-07,2.376750,2.335829
2016-12-08,2.337000,2.296763
2016-12-09,2.295500,2.255978
2016-12-12,2.239750,2.201188
2016-12-13,2.279250,2.240008
2016-12-14,2.411250,2.369735
2016-12-15,2.467750,2.425263
2016-12-16,2.510250,2.467031
2016-12-19,2.540750,2.497005
2016-12-20,2.629250,2.583982
2016-12-21,2.645750,2.600198
2016-12-22,2.677750,2.631647
2016-12-23,2.744500,2.697248
2016-12-27,2.933000,2.882503
2016-12-28,2.731250,2.684226
2016-12-29,2.785750,2.737788
2016-12-30,2.668500,2.622556
2017-01-03,2.550250,2.506342
2017-01-04,2.609750,2.564818
2017-01-05,2.543500,2.499709
2017-01-06,2.577500,2.533123
2017-01-09,2.682000,2.635824
2017-01-10,2.661750,2.615923
2017-01-11,2.629000,2.583736
2017-01-12,2.586000,2.541477
2017-01-13,2.585750,2.541231
2017-01-17,2.527750,2.484230
2017-01-18,2.573750,2.529438
2017-01-19,2.629000,2.583736
2017-01-20,2.600250,2.555482
2017-01-23,2.627250,2.582016
2017-01-24,2.683250,2.637053
2017-01-25,2.694750,2.648354
2017-01-26,2.741250,2.694054
2017-01-27,2.794250,2.746141
2017-01-30,2.750500,2.703144
2017-01-31,2.729500,2.682506
2017-02-01,2.848750,2.799703
2017-02-02,2.884750,2.835083
2017-02-03,2.859500,2.810269
2017-02-06,2.932750,2.882256
2017-02-07,2.978250,2.926974
2017-02-08,2.965250,2.914197
2017-02-09,2.909500,2.859407
2017-02-10,2.840500,2.791595
2017-02-13,2.709500,2.662851
2017-02-14,2.719500,2.672679
2017-02-15,2.725000,2.678085
2017-02-16,2.681250,2.635086
2017-02-17,2.680750,2.634596
2017-02-21,2.776750,2.728944
2017-02-22,2.769000,2.724760
2017-02-23,2.512250,2.472112
2017-02-24,2.536500,2.495975
2017-02-27,2.610250,2.568547
2017-02-28,2.537000,2.496467
2017-03-01,2.569750,2.528694
2017-03-02,2.475000,2.435458
2017-03-03,2.460750,2.421436
2017-03-06,2.441750,2.402740
2017-03-07,2.468500,2.429061
2017-03-08,2.464000,2.424633
2017-03-09,2.463500,2.424142
2017-03-10,2.478000,2.438410
2017-03-13,2.546250,2.505570
2017-03-14,2.544500,2.503847
2017-03-15,2.563750,2.522790
2017-03-16,2.595250,2.553787
2017-03-17,2.651750,2.609384
2017-03-20,2.736250,2.692534
2017-03-21,2.647750,2.605448
2017-03-22,2.701750,2.658585
2017-03-23,2.677250,2.634476
2017-03-24,2.686750,2.643825
2017-03-27,2.706250,2.663013
2017-03-28,2.692250,2.649237
2017-03-29,2.683500,2.640626
2017-03-30,2.735000,2.691303
2017-03-31,2.723250,2.679742
2017-04-03,2.709500,2.666211
2017-04-04,2.519500,2.479246
2017-04-05,2.500750,2.460796
2017-04-06,2.519000,2.478755
2017-04-07,2.508250,2.468177
2017-04-10,2.444250,2.405200
2017-04-11,2.453000,2.413809
2017-04-12,2.432750,2.393882
2017-04-13,2.387250,2.349109
2017-04-17,2.480750,2.441117
2017-04-18,2.482250,2.442592
2017-04-19,2.492000,2.452186
2017-04-20,2.531500,2.491056
2017-04-21,2.542000,2.501387
2017-04-24,2.573750,2.532630
2017-04-25,2.618500,2.576665
2017-04-26,2.600500,2.558953
2017-04-27,2.641000,2.598806
2017-04-28,2.607500,2.565841
2017-05-01,2.666000,2.623406
2017-05-02,2.587000,2.545669
2017-05-03,2.606250,2.564610
2017-05-04,2.596250,2.554770
2017-05-05,2.596500,2.555017
2017-05-08,2.569250,2.528203
2017-05-09,2.573500,2.532384
2017-05-10,3.032250,2.983804
2017-05-11,3.162500,3.111974
2017-05-12,3.197250,3.146169
2017-05-15,3.357750,3.304104
2017-05-16,3.420250,3.365606
2017-05-17,3.193000,3.141987
2017-05-18,3.326750,3.273600
2017-05-19,3.400000,3.349203
2017-05-22,3.472500,3.420620
2017-05-23,3.425750,3.374568
2017-05-24,3.464250,3.412493
2017-05-25,3.456500,3.404859
2017-05-26,3.546000,3.493022
2017-05-30,3.621750,3.567640
2017-05-31,3.608750,3.554835
2017-06-01,3.609000,3.555081
2017-06-02,3.591000,3.537349
2017-06-05,3.700250,3.644967
2017-06-06,3.683500,3.628468
2017-06-07,3.728000,3.672302
2017-06-08,3.998500,3.938762
2017-06-09,3.740000,3.684123
2017-06-12,3.749250,3.693236
2017-06-13,3.785000,3.728451
2017-06-14,3.793000,3.736331
2017-06-15,3.809250,3.752338
2017-06-16,3.790500,3.733869
2017-06-19,3.933000,3.874239
2017-06-20,3.927250,3.868575
2017-06-21,3.986750,3.927187
2017-06-22,3.959250,3.900097
2017-06-23,3.845750,3.788294
2017-06-26,3.803750,3.746921
2017-06-27,3.664500,3.609751
2017-06-28,3.793750,3.737070
2017-06-29,3.667000,3.612214
2017-06-30,3.614000,3.560006
2017-07-03,3.483250,3.431209
2017-07-05,3.576250,3.522820
2017-07-06,3.587000,3.533408
2017-07-07,3.669000,3.614184
2017-07-10,3.842500,3.785092
2017-07-11,3.897000,3.838777
2017-07-12,4.062750,4.002051
2017-07-13,4.015750,3.955753
2017-07-14,4.123750,4.062140
2017-07-17,4.106250,4.044901
2017-07-18,4.149000,4.087013
2017-07-19,4.127500,4.065834
2017-07-20,4.187500,4.124938
2017-07-21,4.202500,4.139714
2017-07-24,4.153750,4.091691
2017-07-25,4.133750,4.071989
2017-07-26,4.181500,4.119028
2017-07-27,4.043500,3.983088
2017-07-28,4.109750,4.048348
2017-07-31,4.062750,4.002051
2017-08-01,4.112250,4.050813
2017-08-02,4.109750,4.048348
2017-08-03,4.162000,4.099818
2017-08-04,4.180250,4.117796
2017-08-07,4.308750,4.244376
2017-08-08,4.257500,4.193892
2017-08-09,4.302750,4.238465
2017-08-10,4.118500,4.056969
2017-08-11,3.899000,3.840748
2017-08-14,4.210000,4.147102
2017-08-15,4.174500,4.112133
2017-08-16,4.128750,4.067066
2017-08-17,4.036750,3.976440
2017-08-18,4.037500,3.977178
2017-08-21,3.978750,3.919307
2017-08-22,4.063750,4.006560
2017-08-23,4.145000,4.086667
2017-08-24,4.129750,4.071630
2017-08-25,4.095250,4.037616
2017-08-28,4.124250,4.066208
2017-08-29,4.117500,4.059554
2017-08-30,4.142000,4.083710
2017-08-31,4.236000,4.176387
2017-09-01,4.261500,4.201528
2017-09-05,4.147750,4.089377
2017-09-06,4.145250,4.086914
2017-09-07,4.164500,4.105893
2017-09-08,4.092250,4.034661
2017-09-11,4.225000,4.165541
2017-09-12,4.240250,4.180577
2017-09-13,4.259250,4.199308
2017-09-14,4.235000,4.175401
2017-09-15,4.502750,4.439384
2017-09-18,4.688750,4.622765
2017-09-19,4.683750,4.617836
2017-09-20,4.646000,4.580616
2017-09-21,4.519000,4.455404
2017-09-22,4.475000,4.412024
2017-09-25,4.275000,4.214840
2017-09-26,4.299000,4.238500
2017-09-27,4.393250,4.331424
2017-09-28,4.392000,4.330192
2017-09-29,4.469250,4.406354
2017-10-02,4.475000,4.412024
2017-10-03,4.484250,4.421144
2017-10-04,4.521750,4.458117
2017-10-05,4.519250,4.455651
2017-10-06,4.532500,4.468714
2017-10-09,4.634750,4.569525
2017-10-10,4.723250,4.656780
2017-10-11,4.773500,4.706322
2017-10-12,4.775750,4.708541
2017-10-13,4.864750,4.796289
2017-10-16,4.948250,4.878612
2017-10-17,4.943750,4.874176
2017-10-18,4.939500,4.869985
2017-10-19,4.945000,4.875408
2017-10-20,4.922500,4.853224
2017-10-23,4.915500,4.846323
2017-10-24,4.967000,4.897099
2017-10-25,4.841500,4.773365
2017-10-26,4.892250,4.823401
2017-10-27,5.046500,4.975482
2017-10-30,5.096000,5.024284
2017-10-31,5.170250,5.097489
2017-11-01,5.180000,5.107100
2017-11-02,5.148500,5.076044
2017-11-03,5.217250,5.143829
2017-11-06,5.240750,5.166996
2017-11-07,5.300750,5.226153
2017-11-08,5.229000,5.155413
2017-11-09,5.133000,5.060764
2017-11-10,5.403500,5.327456
2017-11-13,5.315750,5.240941
2017-11-14,5.354500,5.279146
2017-11-15,5.249500,5.175622
2017-11-16,5.290250,5.215799
2017-11-17,5.284000,5.209637
2017-11-20,5.352000,5.276683
2017-11-21,5.401250,5.325238
2017-11-22,5.373250,5.301312
2017-11-24,5.424000,5.351384
2017-11-27,5.353500,5.281829
2017-11-28,5.267750,5.197224
2017-11-29,4.910500,4.844759
2017-11-30,5.017750,4.950572
2017-12-01,4.942000,4.875836
2017-12-04,4.666500,4.604023
2017-12-05,4.693500,4.630663
2017-12-06,4.731500,4.668153
2017-12-07,4.799750,4.735490
2017-12-08,4.787250,4.723159
2017-12-11,4.866500,4.801347
2017-12-12,4.771000,4.707124
2017-12-13,4.654500,4.592185
2017-12-14,4.661750,4.599339
2017-12-15,4.789000,4.724884
2017-12-18,4.947500,4.881262
2017-12-19,4.902750,4.837112
2017-12-20,4.920000,4.854130
2017-12-21,4.897250,4.831686
2017-12-22,4.881750,4.816393
2017-12-26,4.936000,4.869917
2017-12-27,4.929250,4.863256
2017-12-28,4.935000,4.868929
2017-12-29,4.837500,4.772736
2018-01-02,4.983750,4.917027
2018-01-03,5.311750,5.240636
2018-01-04,5.339750,5.268261
2018-01-05,5.385000,5.312905
2018-01-08,5.550000,5.475697
2018-01-09,5.548500,5.474217
2018-01-10,5.592000,5.517132
2018-01-11,5.602000,5.527000
2018-01-12,5.574500,5.499868
2018-01-16,5.502750,5.429078
2018-01-17,5.618000,5.542784
2018-01-18,5.611000,5.535880
2018-01-19,5.752750,5.675731
2018-01-22,5.842250,5.764033
2018-01-23,5.972750,5.892787
2018-01-24,5.895000,5.816077
2018-01-25,5.908750,5.829643
2018-01-26,6.083250,6.001806
2018-01-29,6.171250,6.088629
2018-01-30,6.068000,5.986763
2018-01-31,6.145000,6.062730
2018-02-01,6.012500,5.932003
2018-02-02,5.838000,5.759839
2018-02-05,5.342500,5.270976
2018-02-06,5.639500,5.563998
2018-02-07,5.720000,5.643421
2018-02-08,5.438000,5.365196
2018-02-09,5.802000,5.724324
2018-02-12,5.700750,5.624427
2018-02-13,5.815750,5.737887
2018-02-14,6.035500,5.954697
2018-02-15,6.162500,6.079997
2018-02-16,6.096000,6.014387
2018-02-20,6.227000,6.143633
2018-02-21,6.037750,5.956915
2018-02-22,6.053750,5.976414
2018-02-23,6.148250,6.069707
2018-02-26,6.164500,6.085748
2018-02-27,6.151500,6.072916
2018-02-28,6.050000,5.972712
2018-03-01,5.805250,5.731088
2018-03-02,5.913500,5.837956
2018-03-05,5.891250,5.815989
2018-03-06,6.054000,5.976660
2018-03-07,6.046000,5.968763
2018-03-08,6.029500,5.952473
2018-03-09,6.133250,6.054898
2018-03-12,6.244000,6.164233
2018-03-13,6.192750,6.113638
2018-03-14,6.218500,6.139059
2018-03-15,6.233500,6.153867
2018-03-16,6.262000,6.182003
2018-03-19,6.025000,5.948032
2018-03-20,6.239500,6.159792
2018-03-21,6.214000,6.134618
2018-03-22,6.046250,5.969009
2018-03-23,5.824250,5.749846
2018-03-26,6.112000,6.033918
2018-03-27,5.638000,5.565975
2018-03-28,5.533750,5.463056
2018-03-29,5.789750,5.715786
2018-04-02,5.526250,5.455653
2018-04-03,5.633750,5.561778
2018-04-04,5.656000,5.583745
2018-04-05,5.534500,5.463797
2018-04-06,5.356250,5.287825
2018-04-09,5.385250,5.316454
2018-04-10,5.697750,5.624962
2018-04-11,5.656000,5.583745
2018-04-12,5.865000,5.790074
2018-04-13,5.787500,5.713566
2018-04-16,5.787250,5.713318
2018-04-17,5.938500,5.862636
2018-04-18,5.909250,5.833758
2018-04-19,5.726000,5.652851
2018-04-20,5.717750,5.644706
2018-04-23,5.597000,5.525499
2018-04-24,5.530000,5.459355
2018-04-25,5.416500,5.347305
2018-04-26,5.630500,5.558570
2018-04-27,5.658250,5.585965
2018-04-30,5.622500,5.550673
2018-05-01,5.678500,5.605957
2018-05-02,5.657750,5.585472
2018-05-03,5.824750,5.750339
2018-05-04,5.976500,5.900151
2018-05-07,6.217000,6.137578
2018-05-08,6.260000,6.180029
2018-05-09,6.394500,6.312810
2018-05-10,6.503250,6.420172
2018-05-11,6.363250,6.281959
2018-05-14,6.384000,6.302444
2018-05-15,6.139000,6.060575
2018-05-16,6.150250,6.071681
2018-05-17,6.192750,6.113638
2018-05-18,6.148500,6.069953
2018-05-21,6.106000,6.027995
2018-05-22,6.067500,5.989989
2018-05-23,6.188500,6.113220
2018-05-24,6.192250,6.116924
2018-05-25,6.232000,6.156191
2018-05-29,6.214750,6.139150
2018-05-30,6.324750,6.247812
2018-05-31,6.304750,6.228055
2018-06-01,6.440500,6.362156
2018-06-04,6.621250,6.540706
2018-06-05,6.626750,6.546140
2018-06-06,6.628750,6.548115
2018-06-07,6.572500,6.492549
2018-06-08,6.557000,6.477239
2018-06-11,6.515500,6.436244
2018-06-12,6.564500,6.484649
2018-06-13,6.560000,6.480201
2018-06-14,6.672750,6.591580
2018-06-15,6.631500,6.550830
2018-06-18,6.627250,6.546634
2018-06-19,6.504250,6.425131
2018-06-20,6.557750,6.477979
2018-06-21,6.427750,6.349560
2018-06-22,6.273750,6.197434
2018-06-25,5.978000,5.905281
2018-06-26,6.049750,5.976158
2018-06-27,5.893000,5.821316
2018-06-28,6.021500,5.948252
2018-06-29,5.922500,5.850456
2018-07-02,6.056000,5.982332
2018-07-03,5.921000,5.848974
2018-07-05,6.068250,5.994434
2018-07-06,6.183250,6.108037
2018-07-09,6.231250,6.155450
2018-07-10,6.331250,6.254234
2018-07-11,6.188250,6.112975
2018-07-12,6.280750,6.204349
2018-07-13,6.233000,6.157179
2018-07-16,6.205000,6.129521
2018-07-17,6.342250,6.265100
2018-07-18,6.292500,6.215957
2018-07-19,6.300750,6.224106
2018-07-20,6.272250,6.195952
2018-07-23,6.235250,6.159401
2018-07-24,6.217750,6.142116
2018-07-25,6.296750,6.220153
2018-07-26,6.371000,6.293500
2018-07-27,6.300500,6.223859
2018-07-30,6.103250,6.029007
2018-07-31,6.121500,6.047035
2018-08-01,6.161750,6.086795
2018-08-02,6.265500,6.189284
2018-08-03,6.302500,6.225834
2018-08-06,6.350750,6.273498
2018-08-07,6.423750,6.345608
2018-08-08,6.460500,6.381911
2018-08-09,6.411500,6.333508
2018-08-10,6.369750,6.292267
2018-08-13,6.403000,6.325112
2018-08-14,6.535750,6.456247
2018-08-15,6.477000,6.398211
2018-08-16,6.436000,6.357708
2018-08-17,6.120500,6.046049
2018-08-20,6.196000,6.120630
2018-08-21,6.333000,6.255962
2018-08-22,6.570500,6.490574
2018-08-23,6.671000,6.589851
2018-08-24,6.805500,6.722715
2018-08-27,6.897500,6.813597
2018-08-28,6.859500,6.776058
2018-08-29,6.962250,6.881321
2018-08-30,6.945250,6.864518
2018-08-31,7.017000,6.935435
2018-09-04,7.092500,7.010056
2018-09-05,6.960500,6.879591
2018-09-06,6.818000,6.738748
2018-09-07,6.796500,6.717497
2018-09-10,6.868250,6.788413
2018-09-11,6.820000,6.740726
2018-09-12,6.705000,6.627061
2018-09-13,6.783500,6.704648
2018-09-14,6.910750,6.830420
2018-09-17,6.848250,6.768645
2018-09-18,6.775500,6.696742
2018-09-19,6.799500,6.720462
2018-09-20,6.657000,6.579619
2018-09-21,6.586250,6.509691
2018-09-24,6.642500,6.565288
2018-09-25,6.710250,6.632249
2018-09-26,6.673000,6.595432
2018-09-27,6.685000,6.607294
2018-09-28,7.025500,6.943835
2018-10-01,7.234000,7.149911
2018-10-02,7.162000,7.078749
2018-10-03,7.168250,7.084926
2018-10-04,6.982250,6.901087
2018-10-05,6.746500,6.668077
2018-10-08,6.644250,6.567017
2018-10-09,6.638500,6.561333
2018-10-10,6.142250,6.070851
2018-10-11,5.878250,5.809921
2018-10-12,6.163500,6.091856
2018-10-15,5.884500,5.816098
2018-10-16,6.145750,6.074311
2018-10-17,6.076500,6.005866
2018-10-18,5.988250,5.918643
2018-10-19,5.729250,5.662653
2018-10-22,5.780500,5.713307
2018-10-23,5.526500,5.462260
2018-10-24,4.985250,4.927301
2018-10-25,5.196000,5.135602
2018-10-26,4.957250,4.899627
2018-10-29,4.640500,4.586559
2018-10-30,5.075000,5.016009
2018-10-31,5.270750,5.209483
2018-11-01,5.452750,5.389367
2018-11-02,5.373000,5.310544
2018-11-05,5.294250,5.232709
2018-11-06,5.276500,5.215165
2018-11-07,5.344750,5.282623
2018-11-08,5.149750,5.089889
2018-11-09,5.141750,5.081983
2018-11-12,4.738500,4.683420
2018-11-13,4.982750,4.924830
2018-11-14,4.929750,4.872447
2018-11-15,5.059750,5.000936
2018-11-16,4.110750,4.062966
2018-11-19,3.617500,3.575450
2018-11-20,3.727000,3.683677
2018-11-21,3.617750,3.575697
2018-11-23,3.625000,3.582863
2018-11-26,3.826250,3.781773
2018-11-27,3.843250,3.798576
2018-11-28,4.001750,3.955234
2018-11-29,3.934000,3.892162
2018-11-30,4.085750,4.042297
2018-12-03,4.251000,4.205790
2018-12-04,3.927750,3.885977
2018-12-06,3.957250,3.915165
2018-12-07,3.690250,3.651004
2018-12-10,3.796500,3.756124
2018-12-11,3.704750,3.665350
2018-12-12,3.722500,3.682911
2018-12-13,3.722250,3.682664
2018-12-14,3.661250,3.622312
2018-12-17,3.589500,3.551325
2018-12-18,3.673500,3.634433
2018-12-19,3.462750,3.425923
2018-12-20,3.377500,3.341580
2018-12-21,3.239250,3.204801
2018-12-24,3.177000,3.143213
2018-12-26,3.327500,3.292112
2018-12-27,3.279250,3.244374
2018-12-28,3.341250,3.305715
2018-12-31,3.337500,3.302006
2019-01-02,3.405500,3.369282
2019-01-03,3.199750,3.165721
2019-01-04,3.404750,3.368541
2019-01-07,3.585000,3.546873
2019-01-08,3.495750,3.458573
2019-01-09,3.564500,3.526591
2019-01-10,3.630750,3.592136
2019-01-11,3.720750,3.681179
2019-01-14,3.761000,3.721001
2019-01-15,3.746750,3.706903
2019-01-16,3.721000,3.681427
2019-01-17,3.793000,3.752661
2019-01-18,3.923250,3.881526
2019-01-22,3.719250,3.679695
2019-01-23,3.732250,3.692557
2019-01-24,3.946000,3.904034
2019-01-25,4.003750,3.961169
2019-01-28,3.450250,3.413556
2019-01-29,3.290000,3.255010
2019-01-30,3.434750,3.398221
2019-01-31,3.593750,3.555530
2019-02-01,3.618250,3.579770
2019-02-04,3.729500,3.689836
2019-02-05,3.748750,3.708882
2019-02-06,3.825000,3.784321
2019-02-07,3.685500,3.646305
2019-02-08,3.704250,3.664855
2019-02-11,3.661250,3.622312
2019-02-12,3.779250,3.739057
2019-02-13,3.822000,3.781353
2019-02-14,3.863250,3.822164
2019-02-15,3.933500,3.891666
2019-02-19,3.916000,3.874353
2019-02-20,3.963750,3.921595
2019-02-21,3.894250,3.852834
2019-02-22,3.979750,3.937425
2019-02-25,3.967250,3.925058
2019-02-26,3.927500,3.885732
2019-02-27,3.885250,3.843930
2019-02-28,3.856500,3.819418
2019-03-01,3.911250,3.873641
2019-03-04,3.919500,3.881812
2019-03-05,3.913000,3.875375
2019-03-06,3.801250,3.764699
2019-03-07,3.731500,3.695620
2019-03-08,3.766000,3.729789
2019-03-11,4.028500,3.989763
2019-03-12,4.063000,4.023933
2019-03-13,4.215500,4.174966
2019-03-14,4.139000,4.099201
2019-03-15,4.245250,4.204431
2019-03-18,4.223750,4.183137
2019-03-19,4.392750,4.350510
2019-03-20,4.360000,4.318077
2019-03-21,4.598500,4.554284
2019-03-22,4.437500,4.394831
2019-03-25,4.344500,4.302725
2019-03-26,4.421750,4.379232
2019-03-27,4.412500,4.370071
2019-03-28,4.431250,4.388642
2019-03-29,4.489000,4.445836
2019-04-01,4.557000,4.513182
2019-04-02,4.575000,4.531009
2019-04-03,4.715500,4.670160
2019-04-04,4.706500,4.661245
2019-04-05,4.773750,4.727849
2019-04-08,4.794750,4.748646
2019-04-09,4.731500,4.686005
2019-04-10,4.802500,4.756322
2019-04-11,4.788500,4.742457
2019-04-12,4.750250,4.704575
2019-04-15,4.617500,4.573100
2019-04-16,4.705250,4.660007
2019-04-17,4.682250,4.637229
2019-04-18,4.657500,4.612716
2019-04-22,4.711750,4.666445
2019-04-23,4.766750,4.720917
2019-04-24,4.779250,4.733296
2019-04-25,4.672750,4.627820
2019-04-26,4.452250,4.409440
2019-04-29,4.483250,4.440142
2019-04-30,4.525000,4.481492
2019-05-01,4.511750,4.468368
2019-05-02,4.579750,4.535715
2019-05-03,4.575250,4.531258
2019-05-06,4.496250,4.453017
2019-05-07,4.327750,4.286135
2019-05-08,4.348000,4.306192
2019-05-09,4.254750,4.213839
2019-05-10,4.220500,4.179917
2019-05-13,3.961250,3.923161
2019-05-14,4.051000,4.012047
2019-05-15,3.989500,3.951139
2019-05-16,4.004750,3.966242
2019-05-17,3.913250,3.875622
2019-05-20,3.793750,3.757271
2019-05-21,3.876500,3.839226
2019-05-22,3.805000,3.768413
2019-05-23,3.683000,3.647586
2019-05-24,3.628750,3.593858
2019-05-28,3.583250,3.548796
2019-05-29,3.508500,3.474764
2019-05-30,3.477750,3.448241
2019-05-31,3.386500,3.357766
2019-06-03,3.344500,3.316122
2019-06-04,3.575000,3.544666
2019-06-05,3.532000,3.502032
2019-06-06,3.594500,3.564001
2019-06-07,3.637500,3.606635
2019-06-10,3.710750,3.679265
2019-06-11,3.768750,3.736772
2019-06-12,3.655000,3.623987
2019-06-13,3.706500,3.675050
2019-06-14,3.616000,3.585318
2019-06-17,3.625750,3.594986
2019-06-18,3.822000,3.789570
2019-06-19,3.828000,3.795520
2019-06-20,3.852500,3.819811
2019-06-21,3.794000,3.761807
2019-06-24,3.816500,3.784117
2019-06-25,3.787000,3.754866
2019-06-26,3.981500,3.947717
2019-06-27,4.080750,4.046124
2019-06-28,4.105750,4.070914
2019-07-01,4.154250,4.119001
2019-07-02,4.055750,4.021336
2019-07-03,4.068750,4.034228
2019-07-05,4.005750,3.971761
2019-07-08,3.930250,3.896902
2019-07-09,3.932750,3.899380
2019-07-10,4.001500,3.967548
2019-07-11,4.157000,4.121728
2019-07-12,4.190250,4.154696
2019-07-15,4.181750,4.146267
2019-07-16,4.177000,4.141559
2019-07-17,4.242750,4.206750
2019-07-18,4.254500,4.218400
2019-07-19,4.211000,4.175270
2019-07-22,4.283000,4.246660
2019-07-23,4.391500,4.354239
2019-07-24,4.466500,4.428601
2019-07-25,4.334500,4.297721
2019-07-26,4.376750,4.339614
2019-07-29,4.370500,4.333416
2019-07-30,4.386250,4.349032
2019-07-31,4.218000,4.182210
2019-08-01,4.123000,4.088017
2019-08-02,4.029750,3.995558
2019-08-05,3.769750,3.737764
2019-08-06,3.808750,3.776433
2019-08-07,3.847250,3.814607
2019-08-08,3.956500,3.922929
2019-08-09,3.854500,3.821795
2019-08-12,3.786250,3.754124
2019-08-13,3.901250,3.868147
2019-08-14,3.751750,3.719917
2019-08-15,3.719250,3.687693
2019-08-16,3.989000,3.955153
2019-08-19,4.269500,4.233272
2019-08-20,4.196750,4.161140
2019-08-21,4.280750,4.244427
2019-08-22,4.287000,4.250625
2019-08-23,4.061000,4.026543
2019-08-26,4.136250,4.101154
2019-08-27,4.045000,4.010679
2019-08-28,4.030500,4.000257
2019-08-29,4.175000,4.143672
2019-08-30,4.187750,4.156326
2019-09-03,4.104250,4.073454
2019-09-04,4.219000,4.187341
2019-09-05,4.493500,4.459783
2019-09-06,4.466250,4.432737
2019-09-09,4.512500,4.478641
2019-09-10,4.579500,4.545139
2019-09-11,4.608250,4.573671
2019-09-12,4.606750,4.572183
2019-09-13,4.548500,4.514370
2019-09-16,4.505250,4.471445
2019-09-17,4.526750,4.492784
2019-09-18,4.499500,4.465738
2019-09-19,4.423500,4.390309
2019-09-20,4.317250,4.284854
2019-09-23,4.371000,4.338202
2019-09-24,4.313250,4.280887
2019-09-25,4.455750,4.422317
2019-09-26,4.433500,4.400234
2019-09-27,4.294000,4.261780
2019-09-30,4.351750,4.319097
2019-10-01,4.350000,4.317358
2019-10-02,4.326000,4.293540
2019-10-03,4.532750,4.498739
2019-10-04,4.549250,4.515115
2019-10-07,4.608250,4.573671
2019-10-08,4.430750,4.397504
2019-10-09,4.517750,4.483850
2019-10-10,4.575750,4.541415
2019-10-11,4.649750,4.614861
2019-10-14,4.663250,4.628260
2019-10-15,4.909250,4.872413
2019-10-16,4.855250,4.818819
2019-10-17,4.857250,4.820804
2019-10-18,4.762250,4.726516
2019-10-21,4.900250,4.863481
2019-10-22,4.890250,4.853557
2019-10-23,4.877250,4.840653
2019-10-24,4.921500,4.884572
2019-10-25,5.113500,5.075130
2019-10-28,5.169750,5.130960
2019-10-29,5.073000,5.034935
2019-10-30,5.075000,5.036919
2019-10-31,5.025500,4.987791
2019-11-01,5.064750,5.026746
2019-11-04,5.262500,5.223013
2019-11-05,5.240250,5.200930
2019-11-06,5.190750,5.151801
2019-11-07,5.208500,5.169418
2019-11-08,5.194500,5.155523
2019-11-11,5.204500,5.165449
2019-11-12,5.240250,5.200930
2019-11-13,5.214250,5.175124
2019-11-14,5.244750,5.205395
2019-11-15,5.104750,5.066447
2019-11-18,5.307000,5.267179
2019-11-19,5.199750,5.160732
2019-11-20,5.279500,5.239886
2019-11-21,5.254500,5.215073
2019-11-22,5.272250,5.232690
2019-11-25,5.530250,5.488755
2019-11-26,5.425000,5.384294
2019-11-27,5.456000,5.419056
2019-11-29,5.418500,5.381809
2019-12-02,5.231250,5.195827
2019-12-03,5.191500,5.156347
2019-12-04,5.235500,5.200049
2019-12-05,5.218500,5.183165
2019-12-06,5.304250,5.268333
2019-12-09,5.304250,5.268333
2019-12-10,5.349500,5.313277
2019-12-11,5.433500,5.396708
2019-12-12,5.601750,5.563819
2019-12-13,5.599750,5.561832
2019-12-16,5.628750,5.590636
2019-12-17,5.707250,5.668606
2019-12-18,5.737750,5.698899
2019-12-19,5.886500,5.846640
2019-12-20,5.984250,5.943729
2019-12-23,5.970500,5.930072
2019-12-24,5.965500,5.925105
2019-12-26,5.979750,5.939260
2019-12-27,5.921750,5.881653
2019-12-30,5.808000,5.768672
2019-12-31,5.882500,5.842669
2020-01-02,5.997750,5.957138
2020-01-03,5.901750,5.861787
2020-01-06,5.926500,5.886371
2020-01-07,5.998250,5.957634
2020-01-08,6.009500,5.968809
2020-01-09,6.075500,6.034361
2020-01-10,6.108000,6.066642
2020-01-13,6.299500,6.256846
2020-01-14,6.182000,6.140140
2020-01-15,6.139250,6.097680
2020-01-16,6.223250,6.181112
2020-01-17,6.232000,6.189802
2020-01-21,6.198500,6.156528
2020-01-22,6.252750,6.210411
2020-01-23,6.321500,6.278696
2020-01-24,6.262000,6.219597
2020-01-27,6.005000,5.964340
2020-01-28,6.199250,6.157274
2020-01-29,6.138500,6.096935
2020-01-30,6.145250,6.103640
2020-01-31,5.910750,5.870728
2020-02-03,6.008250,5.967567
2020-02-04,6.178250,6.136415
2020-02-05,6.269000,6.226551
2020-02-06,6.356250,6.313210
2020-02-07,6.289750,6.247161
2020-02-10,6.574250,6.529735
2020-02-11,6.697250,6.651901
2020-02-12,6.813500,6.767365
2020-02-13,6.769500,6.723662
2020-02-14,7.244750,7.195694
2020-02-18,7.414250,7.364046
2020-02-19,7.867500,7.814228
2020-02-20,7.717500,7.665241
2020-02-21,7.351750,7.301969
2020-02-24,6.832000,6.785738
2020-02-25,6.551250,6.506889
2020-02-26,6.691250,6.645942
2020-02-27,6.315000,6.275991
2020-02-28,6.751750,6.710044
2020-03-02,6.910750,6.868062
2020-03-03,6.647250,6.606188
2020-03-04,7.112750,7.068814
2020-03-05,6.832250,6.790047
2020-03-06,6.651000,6.609915
2020-03-09,6.136000,6.098098
2020-03-10,6.527000,6.486681
2020-03-11,6.161750,6.123688
2020-03-12,5.407750,5.374346
2020-03-13,6.021000,5.983807
2020-03-16,4.910000,4.879669
2020-03-17,5.431750,5.398197
2020-03-18,5.070500,5.039178
2020-03-19,5.324250,5.291361
2020-03-20,5.143750,5.111976
2020-03-23,5.317250,5.284403
2020-03-24,6.229500,6.191019
2020-03-25,6.140500,6.102568
2020-03-26,6.431000,6.391273
2020-03-27,6.318250,6.279222
2020-03-30,6.639750,6.598735
2020-03-31,6.590000,6.549293
2020-04-01,6.076750,6.039213
2020-04-02,6.386750,6.347299
2020-04-03,6.097750,6.060083
2020-04-06,6.710000,6.668551
2020-04-07,6.475750,6.435748
2020-04-08,6.673750,6.632526
2020-04-09,6.573750,6.533144
2020-04-13,6.746250,6.704578
2020-04-14,7.098750,7.054900
2020-04-15,7.021000,6.977632
2020-04-16,7.367500,7.321990
2020-04-17,7.308000,7.262857
2020-04-20,7.176250,7.131922
2020-04-21,6.737750,6.696130
2020-04-22,7.153750,7.109560
2020-04-23,7.100250,7.056390
2020-04-24,7.239750,7.195029
2020-04-27,7.427000,7.381123
2020-04-28,7.284000,7.239005
2020-04-29,7.461500,7.415410
2020-04-30,7.307000,7.261864
2020-05-01,7.069500,7.025831
2020-05-04,7.282250,7.237267
2020-05-05,7.343500,7.298138
2020-05-06,7.444750,7.398762
2020-05-07,7.621750,7.574669
2020-05-08,7.812500,7.764242
2020-05-11,8.065500,8.015677
2020-05-12,7.802500,7.754303
2020-05-13,7.780000,7.731943
2020-05-14,8.030500,7.980895
2020-05-15,8.490750,8.438302
2020-05-18,8.750250,8.696198
2020-05-19,8.805500,8.751107
2020-05-20,8.970000,8.914593
2020-05-21,8.775250,8.721046
2020-05-22,9.026250,8.970493
2020-05-26,8.717750,8.663898
2020-05-27,8.525250,8.472590
2020-05-28,8.487000,8.434576
2020-05-29,8.875500,8.820674
2020-06-01,8.806250,8.751850
2020-06-02,8.825250,8.770733
2020-06-03,8.769500,8.715331
2020-06-04,8.766500,8.716323
2020-06-05,8.920000,8.868945
2020-06-08,8.805000,8.754603
2020-06-09,9.046000,8.994224
2020-06-10,9.366750,9.313137
2020-06-11,8.796250,8.745907
2020-06-12,8.932500,8.881376
2020-06-15,9.173750,9.121242
2020-06-16,9.068500,9.016595
2020-06-17,9.236000,9.183136
2020-06-18,9.218000,9.165241
2020-06-19,9.261250,9.208242
2020-06-22,9.526750,9.472224
2020-06-23,9.450000,9.395911
2020-06-24,9.235500,9.182640
2020-06-25,9.490000,9.435681
2020-06-26,9.155000,9.102601
2020-06-29,9.200000,9.147342
2020-06-30,9.497750,9.443388
2020-07-01,9.530000,9.475453
2020-07-02,9.612250,9.557236
2020-07-06,9.839250,9.782932
2020-07-07,9.871750,9.815248
2020-07-08,10.216000,10.157528
2020-07-09,10.509000,10.448850
2020-07-10,10.479250,10.419272
2020-07-13,10.052250,9.994716
2020-07-14,10.377000,10.317607
2020-07-15,10.227250,10.168713
2020-07-16,10.134750,10.076744
2020-07-17,10.201500,10.143111
2020-07-20,10.510750,10.450589
2020-07-21,10.328500,10.269382
2020-07-22,10.438750,10.379003
2020-07-23,10.129750,10.071771
2020-07-24,10.194500,10.136151
2020-07-27,10.421500,10.361854
2020-07-28,10.215500,10.157032
2020-07-29,10.465500,10.405600
2020-07-30,10.614000,10.553250
2020-07-31,10.614750,10.553998
2020-08-03,11.010250,10.947233
2020-08-04,11.227750,11.163489
2020-08-05,11.286750,11.222148
2020-08-06,11.335500,11.270621
2020-08-07,11.199500,11.135400
2020-08-10,11.165000,11.101094
2020-08-11,10.850000,10.787900
2020-08-12,11.440250,11.374771
2020-08-13,11.443000,11.377503
2020-08-14,11.564000,11.497809
2020-08-17,12.337000,12.266389
2020-08-18,12.260750,12.190572
2020-08-19,12.138500,12.069024
2020-08-20,12.141000,12.071508
2020-08-21,12.683500,12.610906
2020-08-24,12.720250,12.647446
2020-08-25,12.750000,12.677021
2020-08-26,12.773000,12.699892
2020-08-27,12.628250,12.555969
2020-08-28,13.147750,13.072497
2020-08-31,13.374500,13.297949
2020-09-01,13.821000,13.746006
2020-09-02,14.346500,14.268654
2020-09-03,13.015500,12.944878
2020-09-04,12.622500,12.554011
2020-09-08,11.913000,11.848358
2020-09-09,12.715000,12.646008
2020-09-10,12.311750,12.244944
2020-09-11,12.164500,12.098495
2020-09-14,12.872250,12.802405
2020-09-15,12.991000,12.920507
2020-09-16,12.514500,12.446595
2020-09-17,12.463500,12.395870
2020-09-18,12.189250,12.123112
2020-09-21,12.517250,12.449328
2020-09-22,12.637750,12.569176
2020-09-23,12.123750,12.057965
2020-09-24,12.348000,12.280998
2020-09-25,12.873750,12.803895
2020-09-28,13.035000,12.964272
2020-09-29,13.225750,13.153984
2020-09-30,13.530500,13.457082
2020-10-01,13.614500,13.540625
2020-10-02,13.062250,12.991371
2020-10-05,13.642500,13.568476
2020-10-06,13.736500,13.661963
2020-10-07,13.964000,13.888229
2020-10-08,13.838750,13.763658
2020-10-09,13.762750,13.688072
2020-10-12,14.226000,14.148808
2020-10-13,14.248250,14.170936
2020-10-14,14.095250,14.018768
2020-10-15,13.970000,13.894197
2020-10-16,13.811500,13.736558
2020-10-19,13.497750,13.424507
2020-10-20,13.645500,13.571457
2020-10-21,13.524750,13.451362
2020-10-22,13.361000,13.288503
2020-10-23,13.590250,13.516510
2020-10-26,13.141250,13.069942
2020-10-27,13.396750,13.324058
2020-10-28,12.627000,12.558482
2020-10-29,13.024000,12.953331
2020-10-30,12.534000,12.465988
2020-11-02,12.580750,12.512486
2020-11-03,13.019500,12.948854
2020-11-04,13.794250,13.719400
2020-11-05,14.160000,14.083168
2020-11-06,14.562000,14.482985
2020-11-09,13.630750,13.556787
2020-11-10,12.770000,12.700707
2020-11-11,13.418000,13.345195
2020-11-12,13.456750,13.383732
2020-11-13,13.297000,13.224851
2020-11-16,13.515250,13.441915
2020-11-17,13.422250,13.349419
2020-11-18,13.428750,13.355885
2020-11-19,13.440250,13.367325
2020-11-20,13.087750,13.016733
2020-11-23,13.140000,13.068701
2020-11-24,12.957750,12.887442
2020-11-25,13.234750,13.162937
2020-11-27,13.261250,13.189296
2020-11-30,13.401500,13.328782
2020-12-01,13.390000,13.317345
2020-12-02,13.544500,13.471004
2020-12-03,13.396000,13.327248
2020-12-04,13.558250,13.488663
2020-12-07,13.606750,13.536915
2020-12-08,13.350000,13.281484
2020-12-09,12.930750,12.864384
2020-12-10,12.972250,12.905671
2020-12-11,13.013250,12.946461
2020-12-14,13.308750,13.240443
2020-12-15,13.360500,13.291930
2020-12-16,13.242500,13.174535
2020-12-17,13.341250,13.272779
2020-12-18,13.272000,13.203884
2020-12-21,13.332250,13.263824
2020-12-22,13.278250,13.210102
2020-12-23,13.009250,12.942483
2020-12-24,12.993750,12.927062
2020-12-28,12.900000,12.833792
2020-12-29,12.943250,12.876822
2020-12-30,13.145750,13.078283
2020-12-31,13.055000,12.987999
2021-01-04,13.113500,13.046197
2021-01-05,13.404750,13.335953
2021-01-06,12.614500,12.549761
2021-01-07,13.344000,13.275514
2021-01-08,13.276750,13.208609
2021-01-11,13.621500,13.551591
2021-01-12,13.484750,13.415540
2021-01-13,13.531750,13.462304
2021-01-14,13.200250,13.132501
2021-01-15,12.859500,12.793498
2021-01-19,13.025250,12.958401
2021-01-20,13.365750,13.297153
2021-01-21,13.867500,13.796327
2021-01-22,13.712500,13.642123
2021-01-25,13.653250,13.583178
2021-01-26,13.435250,13.366298
2021-01-27,12.917750,12.851452
2021-01-28,13.051000,12.984019
2021-01-29,12.989750,12.923083
2021-02-01,13.237000,13.169064
2021-02-02,13.556750,13.487171
2021-02-03,13.530500,13.461059
2021-02-04,13.664250,13.594120
2021-02-05,13.591000,13.521245
2021-02-08,14.438750,14.364644
2021-02-09,14.263250,14.190046
2021-02-10,14.764250,14.688474
2021-02-11,15.250750,15.172479
2021-02-12,14.961250,14.884463
2021-02-16,15.330250,15.251571
2021-02-17,14.906000,14.829497
2021-02-18,14.829000,14.752892
2021-02-19,14.926500,14.849894
2021-02-22,14.355750,14.282071
2021-02-23,14.142000,14.069420
2021-02-24,14.499000,14.424587
2021-02-25,13.307500,13.239201
2021-02-26,13.714500,13.644114
2021-03-01,13.841750,13.770710
2021-03-02,13.406250,13.337445
2021-03-03,12.804750,12.739033
2021-03-04,12.370250,12.306764
2021-03-05,12.461500,12.397543
2021-03-08,11.593250,11.533751
2021-03-09,12.520250,12.460293
2021-03-10,12.468250,12.408541
2021-03-11,12.993500,12.931275
2021-03-12,12.856000,12.794434
2021-03-15,13.191250,13.128078
2021-03-16,13.291250,13.227601
2021-03-17,13.341250,13.277359
2021-03-18,12.722500,12.661572
2021-03-19,12.845750,12.784232
2021-03-22,13.186250,13.123101
2021-03-23,13.070750,13.008156
2021-03-24,12.643000,12.582455
2021-03-25,12.535250,12.475221
2021-03-26,12.839250,12.777767
2021-03-29,12.948250,12.886243
2021-03-30,12.871750,12.810109
2021-03-31,13.348250,13.284328
2021-04-01,13.811750,13.745608
2021-04-05,13.987500,13.920515
2021-04-06,13.861500,13.795118
2021-04-07,14.143500,14.075767
2021-04-08,14.317000,14.248437
2021-04-09,14.400000,14.331041
2021-04-12,15.209000,15.136167
2021-04-13,15.679500,15.604412
2021-04-14,15.277000,15.203842
2021-04-15,16.137251,16.059971
2021-04-16,15.912500,15.836298
2021-04-19,15.361750,15.288183
2021-04-20,15.171250,15.098598
2021-04-21,15.360500,15.286939
2021-04-22,14.850250,14.779136
2021-04-23,15.265250,15.192144
2021-04-26,15.478000,15.403874
2021-04-27,15.381750,15.308086
2021-04-28,15.276750,15.203591
2021-04-29,15.324750,15.251361
2021-04-30,15.009500,14.937622
2021-05-03,14.836750,14.765697
2021-05-04,14.351250,14.282522
2021-05-05,14.458500,14.389261
2021-05-06,14.523000,14.453450
2021-05-07,14.812250,14.741314
2021-05-10,14.265750,14.197432
2021-05-11,14.306250,14.237738
2021-05-12,13.758500,13.692615
2021-05-13,13.665250,13.599809
2021-05-14,14.243000,14.174793
2021-05-17,14.165500,14.097662
2021-05-18,14.015750,13.948631
2021-05-19,14.065750,13.998389
2021-05-20,14.612500,14.542521
2021-05-21,14.991750,14.919955
2021-05-24,15.612000,15.537235
2021-05-25,15.647750,15.572814
2021-05-26,15.700000,15.624817
2021-05-27,15.488000,15.413831
2021-05-28,16.244499,16.166706
2021-06-01,16.264500,16.186611
2021-06-02,16.778250,16.697899
2021-06-03,16.969749,16.888485
2021-06-04,17.578251,17.494076
2021-06-07,17.618999,17.534630
2021-06-08,17.457001,17.373402
2021-06-09,17.358250,17.279083
2021-06-10,17.424999,17.345528
2021-06-11,17.825251,17.743956
2021-06-14,18.018749,17.936573
2021-06-15,17.788500,17.707373
2021-06-16,17.810249,17.729019
2021-06-17,18.657249,18.572157
2021-06-18,18.638750,18.553743
2021-06-21,18.427250,18.343208
2021-06-22,18.886749,18.800610
2021-06-23,19.057249,18.970335
2021-06-24,19.205500,19.117908
2021-06-25,19.031000,18.944204
2021-06-28,19.985001,19.893856
2021-06-29,20.026751,19.935411
2021-06-30,20.002501,19.911268
2021-07-01,20.212000,20.119816
2021-07-02,20.487000,20.393564
2021-07-06,20.698500,20.604094
2021-07-07,20.371750,20.278839
2021-07-08,19.902750,19.811977
2021-07-09,20.050249,19.958803
2021-07-12,20.512501,20.418949
2021-07-13,20.250000,20.157640
2021-07-14,19.841499,19.751005
2021-07-15,18.966249,18.879749
2021-07-16,18.160999,18.078167
2021-07-19,18.779751,18.694098
2021-07-20,18.612000,18.527113
2021-07-21,19.410000,19.321476
2021-07-22,19.594000,19.504637
2021-07-23,19.558001,19.468800
2021-07-26,19.294001,19.206005
2021-07-27,19.208000,19.120399
2021-07-28,19.503000,19.414051
2021-07-29,19.662001,19.572330
2021-07-30,19.499001,19.410070
2021-08-02,19.750000,19.659924
2021-08-03,19.815001,19.724628
2021-08-04,20.274000,20.181530
2021-08-05,20.636999,20.542879
2021-08-06,20.365999,20.273115
2021-08-09,20.295000,20.202438
2021-08-10,19.936001,19.845070
2021-08-11,19.698999,19.609158
2021-08-12,19.905001,19.814222
2021-08-13,20.188000,20.095924
2021-08-16,19.950001,19.859013
2021-08-17,19.458000,19.369257
2021-08-18,19.040001,18.953163
2021-08-19,19.798000,19.707703
2021-08-20,20.816000,20.721062
2021-08-23,21.958000,21.857855
2021-08-24,21.792999,21.693604
2021-08-25,22.212999,22.111685
2021-08-26,22.068001,21.967352
2021-08-27,22.636000,22.532763
2021-08-30,22.688000,22.584524
2021-08-31,22.385000,22.286840
2021-09-01,22.441000,22.342594
2021-09-02,22.396000,22.297789
2021-09-03,22.843000,22.742828
2021-09-07,22.662001,22.562620
2021-09-08,22.339001,22.241037
2021-09-09,22.177000,22.079748
2021-09-10,22.478001,22.379427
2021-09-13,22.152000,22.054853
2021-09-14,22.242001,22.144461
2021-09-15,22.341000,22.243029
2021-09-16,22.242001,22.144461
2021-09-17,21.900000,21.803959
2021-09-20,21.113001,21.020420
2021-09-21,21.246000,21.152834
2021-09-22,21.941000,21.844782
2021-09-23,22.482000,22.383410
2021-09-24,22.080999,21.984169
2021-09-27,21.660000,21.565014
2021-09-28,20.698999,20.608229
2021-09-29,20.517000,20.427023
2021-09-30,20.716000,20.625154
2021-10-01,20.742001,20.651041
2021-10-04,19.732000,19.645468
2021-10-05,20.451000,20.361315
2021-10-06,20.700001,20.609228
2021-10-07,21.075001,20.982580
2021-10-08,20.830999,20.739649
2021-10-11,20.695000,20.604244
2021-10-12,20.671000,20.580351
2021-10-13,20.938999,20.847178
2021-10-14,21.746000,21.650637
2021-10-15,21.862000,21.766127
2021-10-18,22.222000,22.124554
2021-10-19,22.290001,22.192249
2021-10-20,22.103001,22.006073
2021-10-21,22.691999,22.592489
2021-10-22,22.726000,22.626335
2021-10-25,23.166000,23.064409
2021-10-26,24.716999,24.608608
2021-10-27,24.451000,24.343775
2021-10-28,24.941000,24.831629
2021-10-29,25.566999,25.454880
2021-11-01,25.827000,25.713741
2021-11-02,26.400999,26.285223
2021-11-03,26.598000,26.481359
2021-11-04,29.801001,29.670315
2021-11-05,29.752001,29.621525
2021-11-08,30.804001,30.668917
2021-11-09,30.657000,30.522564
2021-11-10,29.459000,29.329815
2021-11-11,30.389999,30.256727
2021-11-12,30.389999,30.256727
2021-11-15,30.025000,29.893332
2021-11-16,30.202999,30.070551
2021-11-17,29.261000,29.132683
2021-11-18,31.674999,31.536098
2021-11-19,32.985001,32.840347
2021-11-22,31.955999,31.815861
2021-11-23,31.746000,31.606783
2021-11-24,32.674000,32.530716
2021-11-26,31.503000,31.364851
2021-11-29,33.375999,33.229641
2021-11-30,32.675999,32.532696
2021-12-01,31.434999,31.300983
2021-12-02,32.125999,31.989023
2021-12-03,30.693001,30.562143
2021-12-06,30.037001,29.908941
2021-12-07,32.426998,32.288746
2021-12-08,31.826000,31.690313
2021-12-09,30.490000,30.360010
2021-12-10,30.198000,30.069258
2021-12-13,28.160999,28.040937
2021-12-14,28.337000,28.216185
2021-12-15,30.459000,30.329140
2021-12-16,28.386999,28.265974
2021-12-17,27.801001,27.682476
2021-12-20,27.719000,27.600822
2021-12-21,29.075001,28.951042
2021-12-22,29.400000,29.274654
2021-12-23,29.639999,29.513632
2021-12-27,30.945000,30.813070
2021-12-28,30.322001,30.192724
2021-12-29,30.000999,29.873095
2021-12-30,29.586000,29.459866
2021-12-31,29.410999,29.285612
2022-01-03,30.121000,29.992582
2022-01-04,29.290001,29.165127
2022-01-05,27.604000,27.486313
2022-01-06,28.177999,28.057863
2022-01-07,27.247000,27.130838
2022-01-10,27.400000,27.283184
2022-01-11,27.816999,27.698402
2022-01-12,27.999001,27.879629
2022-01-13,26.575001,26.461702
2022-01-14,26.941999,26.827135
2022-01-18,25.903000,25.792566
2022-01-19,25.066999,24.960131
2022-01-20,24.150000,24.047037
2022-01-21,23.374001,23.274345
2022-01-24,23.372000,23.272360
2022-01-25,22.323999,22.228821
2022-01-26,22.771999,22.674915
2022-01-27,21.944000,21.850443
2022-01-28,22.840000,22.742624
2022-01-31,24.486000,24.381603
2022-02-01,24.638000,24.532961
2022-02-02,25.242001,25.134384
2022-02-03,23.948000,23.845900
2022-02-04,24.319000,24.215319
2022-02-07,24.728001,24.622574
2022-02-08,25.108000,25.000956
2022-02-09,26.705000,26.591146
2022-02-10,25.823999,25.713903
2022-02-11,23.948999,23.846891
2022-02-14,24.267000,24.163540
2022-02-15,26.495001,26.382044
2022-02-16,26.511000,26.397972
2022-02-17,24.507000,24.402517
2022-02-18,23.642000,23.541206
2022-02-22,23.389999,23.290279
2022-02-23,22.386999,22.291555
2022-02-24,23.747999,23.646749
2022-02-25,24.157000,24.054008
2022-02-28,24.385000,24.281036
2022-03-01,23.476999,23.376913
2022-03-02,24.219999,24.120848
2022-03-03,23.714001,23.616926
2022-03-04,22.936001,22.842112
2022-03-07,21.351999,21.264591
2022-03-08,21.514000,21.425924
2022-03-09,23.014000,22.919786
2022-03-10,22.658001,22.565247
2022-03-11,22.100000,22.009527
2022-03-14,21.330000,21.242680
2022-03-15,22.973000,22.878956
2022-03-16,24.496000,24.395725
2022-03-17,24.766001,24.664619
2022-03-18,26.452999,26.344707
2022-03-21,26.733999,26.624557
2022-03-22,26.524000,26.415422
2022-03-23,25.634001,25.529064
2022-03-24,28.150000,28.034765
2022-03-25,27.691999,27.578638
2022-03-28,28.219000,28.103479
2022-03-29,28.656000,28.538694
2022-03-30,27.690001,27.576645
2022-03-31,27.285999,27.174305
2022-04-01,26.712000,26.602650
2022-04-04,27.360001,27.247997
2022-04-05,25.931000,25.824844
2022-04-06,24.407000,24.307085
2022-04-07,24.208000,24.108898
2022-04-08,23.118999,23.024353
2022-04-11,21.917000,21.827278
2022-04-12,21.504000,21.415972
2022-04-13,22.202999,22.112103
2022-04-14,21.257999,21.170975
2022-04-18,21.783001,21.693827
2022-04-19,22.198000,22.107130
2022-04-20,21.482000,21.394060
2022-04-21,20.183001,20.100378
2022-04-22,19.514999,19.435108
2022-04-25,19.902000,19.820528
2022-04-26,18.788000,18.711086
2022-04-27,18.415001,18.339615
2022-04-28,19.782000,19.701017
2022-04-29,18.547001,18.471077
2022-05-02,19.533001,19.453039
2022-05-03,19.601999,19.521753
2022-05-04,20.334000,20.250757
2022-05-05,18.844000,18.766861
2022-05-06,18.674999,18.598549
2022-05-09,16.950001,16.880610
2022-05-10,17.594999,17.522972
2022-05-11,16.629999,16.561918
2022-05-12,16.174999,16.108784
2022-05-13,17.705999,17.633514
2022-05-16,17.264000,17.193327
2022-05-17,18.177000,18.102591
2022-05-18,16.938000,16.868660
2022-05-19,17.124001,17.053904
2022-05-20,16.694000,16.625654
2022-05-23,16.898001,16.828827
2022-05-24,16.153999,16.087873
2022-05-25,16.975000,16.905508
2022-05-26,17.851000,17.777922
2022-05-27,18.811001,18.733995
2022-05-31,18.672001,18.595564
2022-06-01,18.320000,18.244997
2022-06-02,19.591999,19.511795
2022-06-03,18.719999,18.643366
2022-06-06,18.785999,18.709093
2022-06-07,18.926001,18.848522
2022-06-08,18.648001,18.575586
2022-06-09,18.048000,17.977915
2022-06-10,16.974001,16.908087
2022-06-13,15.647000,15.586240
2022-06-14,15.836000,15.774506
2022-06-15,16.527000,16.462822
2022-06-16,15.601000,15.540419
2022-06-17,15.880000,15.818336
2022-06-21,16.566000,16.501675
2022-06-22,16.360001,16.296473
2022-06-23,16.225000,16.161993
2022-06-24,17.125999,17.059496
2022-06-27,16.868999,16.803495
2022-06-28,15.982000,15.919940
2022-06-29,15.542000,15.481647
2022-06-30,15.159000,15.100134
2022-07-01,14.523000,14.466604
2022-07-05,14.964000,14.905894
2022-07-06,15.130000,15.071247
2022-07-07,15.858000,15.796418
2022-07-08,15.838000,15.776497
2022-07-11,15.152000,15.093163
2022-07-12,15.082000,15.023435
2022-07-13,15.164000,15.105115
2022-07-14,15.372000,15.312309
2022-07-15,15.762000,15.700792
2022-07-18,16.101000,16.038477
2022-07-19,16.992001,16.926018
2022-07-20,17.806999,17.737852
2022-07-21,18.049999,17.979904
2022-07-22,17.319000,17.251751
2022-07-25,17.024000,16.957893
2022-07-26,16.533001,16.468798
2022-07-27,17.790001,17.720919
2022-07-28,17.983999,17.914165
2022-07-29,18.163000,18.092468
2022-08-01,18.441000,18.369390
2022-08-02,18.525999,18.454056
2022-08-03,18.893000,18.819637
2022-08-04,19.215000,19.140388
2022-08-05,18.989000,18.915262
2022-08-08,17.792999,17.723902
2022-08-09,17.086000,17.019653
2022-08-10,18.097000,18.026726
2022-08-11,17.941999,17.872326
2022-08-12,18.709000,18.636347
2022-08-15,19.032000,18.958094
2022-08-16,18.879000,18.805689
2022-08-17,18.334999,18.263805
2022-08-18,18.773001,18.700100
2022-08-19,17.849001,17.779692
2022-08-22,17.034000,16.967854
2022-08-23,17.181000,17.114279
2022-08-24,17.222000,17.155123
2022-08-25,17.913000,17.843439
2022-08-26,16.260000,16.196859
2022-08-29,15.801000,15.739643
2022-08-30,15.468000,15.407934
2022-08-31,15.094000,15.035387
2022-09-01,13.937000,13.882882
2022-09-02,13.647000,13.594007
2022-09-06,13.465000,13.412714
2022-09-07,13.714000,13.664804
2022-09-08,13.990000,13.939816
2022-09-09,14.387000,14.335389
2022-09-12,14.505000,14.452969
2022-09-13,13.131000,13.083895
2022-09-14,13.128000,13.080909
2022-09-15,12.929000,12.882619
2022-09-16,13.198000,13.150657
2022-09-19,13.382000,13.333996
2022-09-20,13.176000,13.128735
2022-09-21,13.261000,13.213430
2022-09-22,12.561000,12.515944
2022-09-23,12.516000,12.471103
2022-09-26,12.228000,12.184136
2022-09-27,12.413000,12.368474
2022-09-28,12.736000,12.690315
2022-09-29,12.220000,12.176165
2022-09-30,12.139000,12.095457
2022-10-03,12.512000,12.467117
2022-10-04,13.167000,13.119766
2022-10-05,13.209000,13.161616
2022-10-06,13.130000,13.082901
2022-10-07,12.076000,12.032681
2022-10-10,11.670000,11.628137
2022-10-11,11.586000,11.544440
2022-10-12,11.500000,11.458748
2022-10-13,11.960000,11.917098
2022-10-14,11.227000,11.186728
2022-10-17,11.888000,11.845356
2022-10-18,11.967000,11.924071
2022-10-19,12.051000,12.007771
2022-10-20,12.194000,12.150259
2022-10-21,12.466000,12.421281
2022-10-24,12.599000,12.553805
2022-10-25,13.261000,13.213430
2022-10-26,12.896000,12.849741
2022-10-27,13.176000,13.128735
2022-10-28,13.834000,13.784375
2022-10-31,13.497000,13.448583
2022-11-01,13.543000,13.494419
2022-11-02,13.219000,13.171579
2022-11-03,13.421000,13.372858
2022-11-04,14.156000,14.105220
2022-11-07,14.301000,14.249701
2022-11-08,14.602000,14.549621
2022-11-09,13.776000,13.726583
2022-11-10,15.750000,15.693501
2022-11-11,16.327000,16.268429
2022-11-14,16.295000,16.236544
2022-11-15,16.666000,16.606215
2022-11-16,15.910000,15.852928
2022-11-17,15.677000,15.620764
2022-11-18,15.409000,15.353724
2022-11-21,15.317000,15.262055
2022-11-22,16.038000,15.980469
2022-11-23,16.518999,16.459743
2022-11-25,16.270000,16.211636
2022-11-28,15.827000,15.770225
2022-11-29,15.639000,15.582900
2022-11-30,16.923000,16.866610
2022-12-01,17.135000,17.077902
2022-12-02,16.875999,16.819763
2022-12-05,16.610001,16.554657
2022-12-06,15.987000,15.933728
2022-12-07,16.120001,16.066282
2022-12-08,17.169001,17.111794
2022-12-09,17.000999,16.944351
2022-12-12,17.535000,17.476568
2022-12-13,18.072001,18.011782
2022-12-14,17.674000,17.615101
2022-12-15,16.952000,16.895510
2022-12-16,16.570999,16.515778
2022-12-19,16.254000,16.199837
2022-12-20,16.084999,16.031399
2022-12-21,16.500999,16.446011
2022-12-22,15.339000,15.287888
2022-12-23,15.206000,15.155330
2022-12-27,14.121000,14.073944
2022-12-28,14.036000,13.989229
2022-12-29,14.603000,14.554338
2022-12-30,14.614000,14.565305
2023-01-03,14.315000,14.267296
2023-01-04,14.749000,14.699853
2023-01-05,14.265000,14.217465
2023-01-06,14.859000,14.809486
2023-01-09,15.628000,15.575924
2023-01-10,15.909000,15.855987
2023-01-11,16.000999,15.947681
2023-01-12,16.511000,16.455976
2023-01-13,16.899000,16.842688
2023-01-17,17.702000,17.643015
2023-01-18,17.377001,17.319096
2023-01-19,16.764999,16.709135
2023-01-20,17.839001,17.779554
2023-01-23,19.193001,19.129044
2023-01-24,19.264999,19.200802
2023-01-25,19.323000,19.258614
2023-01-26,19.802000,19.736012
2023-01-27,20.365000,20.297140
2023-01-30,19.162001,19.098148
2023-01-31,19.537001,19.471901
2023-02-01,20.943001,20.873219
2023-02-02,21.709000,21.636656
2023-02-03,21.100000,21.029692
2023-02-06,21.089001,21.018726
2023-02-07,22.173000,22.099112
2023-02-08,22.205000,22.131006
2023-02-09,22.337000,22.262566
2023-02-10,21.264999,21.194136
2023-02-13,21.788000,21.715395
2023-02-14,22.971001,22.894455
2023-02-15,22.764000,22.688147
2023-02-16,22.002001,21.928682
2023-02-17,21.388000,21.316729
2023-02-21,20.655001,20.586170
2023-02-22,20.754000,20.684839
2023-02-23,23.664000,23.585144
2023-02-24,23.285999,23.208405
2023-02-27,23.500999,23.422686
2023-02-28,23.216000,23.138639
2023-03-01,22.698000,22.622366
2023-03-02,23.313999,23.236313
2023-03-03,23.889999,23.810390
2023-03-06,23.554001,23.475512
2023-03-07,23.288000,23.214338
2023-03-08,24.181000,24.104513
2023-03-09,23.436001,23.361870
2023-03-10,22.965000,22.892365
2023-03-13,22.966000,22.893358
2023-03-14,24.063000,23.986889
2023-03-15,24.228001,24.151367
2023-03-16,25.541000,25.460220
2023-03-17,25.725000,25.643635
2023-03-20,25.900000,25.818077
2023-03-21,26.198999,26.116131
2023-03-22,26.468000,26.384283
2023-03-23,27.191000,27.104994
2023-03-24,26.778999,26.694294
2023-03-27,26.531000,26.447084
2023-03-28,26.410000,26.326466
2023-03-29,26.983999,26.898647
2023-03-30,27.382999,27.296389
2023-03-31,27.777000,27.689137
2023-04-03,27.965000,27.876547
2023-04-04,27.452999,27.366165
2023-04-05,26.881001,26.795977
2023-04-06,27.037001,26.951483
2023-04-10,27.579000,27.491768
2023-04-11,27.169001,27.083063
2023-04-12,26.495001,26.411198
2023-04-13,26.462999,26.379295
2023-04-14,26.757999,26.673361
2023-04-17,27.002001,26.916595
2023-04-18,27.667000,27.579487
2023-04-19,27.931000,27.842655
2023-04-20,27.104000,27.018267
2023-04-21,27.118999,27.033224
2023-04-24,27.042000,26.956465
2023-04-25,26.240999,26.157999
2023-04-26,26.955999,26.870739
2023-04-27,27.226000,27.139885
2023-04-28,27.749001,27.661230
2023-05-01,28.910000,28.818556
2023-05-02,28.209999,28.120771
2023-05-03,27.802000,27.714060
2023-05-04,27.562000,27.474819
2023-05-05,28.680000,28.589289
2023-05-08,29.150999,29.058792
2023-05-09,28.570999,28.480629
2023-05-10,28.885000,28.793638
2023-05-11,28.577999,28.487608
2023-05-12,28.340000,28.250360
2023-05-15,28.952999,28.861423
2023-05-16,29.212999,29.120600
2023-05-17,30.177999,30.082546
2023-05-18,31.677999,31.577805
2023-05-19,31.264000,31.165110
2023-05-22,31.176001,31.077389
2023-05-23,30.688000,30.590935
2023-05-24,30.538000,30.441408
2023-05-25,37.980000,37.859871
2023-05-26,38.945999,38.822815
2023-05-30,40.111000,39.984135
2023-05-31,37.834000,37.714325
2023-06-01,39.770000,39.644218
2023-06-02,39.327000,39.202610
2023-06-05,39.171001,39.047096
2023-06-06,38.653999,38.531742
2023-06-07,37.474998,37.360329
2023-06-08,38.509998,38.392162
2023-06-09,38.770000,38.651371
2023-06-12,39.481998,39.361191
2023-06-13,41.021999,40.896481
2023-06-14,42.997002,42.865437
2023-06-15,42.653000,42.522491
2023-06-16,42.692001,42.561371
2023-06-20,43.807999,43.673950
2023-06-21,43.044998,42.913288
2023-06-22,43.025002,42.893353
2023-06-23,42.209000,42.079845
2023-06-26,40.632000,40.507671
2023-06-27,41.875999,41.747864
2023-06-28,41.117001,40.991188
2023-06-29,40.821999,40.697090
2023-06-30,42.301998,42.172562
2023-07-03,42.412998,42.283218
2023-07-05,42.317001,42.187523
2023-07-06,42.103001,41.974182
2023-07-07,42.502998,42.372952
2023-07-10,42.180000,42.050934
2023-07-11,42.404999,42.275246
2023-07-12,43.902000,43.767662
2023-07-13,45.977001,45.836323
2023-07-14,45.469002,45.329876
2023-07-17,46.460999,46.318840
2023-07-18,47.493999,47.348679
2023-07-19,47.077000,46.932945
2023-07-20,45.520000,45.380718
2023-07-21,44.308998,44.173420
2023-07-24,44.612000,44.475487
2023-07-25,45.679001,45.539227
2023-07-26,45.452000,45.312927
2023-07-27,45.900002,45.759560
2023-07-28,46.750000,46.606956
2023-07-31,46.729000,46.586006
2023-08-01,46.507000,46.364697
2023-08-02,44.269001,44.133553
2023-08-03,44.514999,44.378796
2023-08-04,44.680000,44.543289
2023-08-07,45.417000,45.278034
2023-08-08,44.664001,44.527332
2023-08-09,42.554001,42.423790
2023-08-10,42.388000,42.258297
2023-08-11,40.855000,40.729984
2023-08-14,43.752998,43.619122
2023-08-15,43.939999,43.805550
2023-08-16,43.486000,43.352940
2023-08-17,43.344002,43.211369
2023-08-18,43.299000,43.166512
2023-08-21,46.966999,46.823288
2023-08-22,45.667999,45.528263
2023-08-23,47.116001,46.971836
2023-08-24,47.162998,47.018688
2023-08-25,46.018002,45.877193
2023-08-28,46.834999,46.691696
2023-08-29,48.784000,48.634724
2023-08-30,49.264000,49.113258
2023-08-31,49.355000,49.203983
2023-09-01,48.508999,48.360573
2023-09-05,48.548000,48.399452
2023-09-06,47.061001,46.920860
2023-09-07,46.241001,46.103310
2023-09-08,45.571999,45.436302
2023-09-11,45.178001,45.043472
2023-09-12,44.869999,44.736385
2023-09-13,45.485001,45.349564
2023-09-14,45.581001,45.445278
2023-09-15,43.900002,43.769276
2023-09-18,43.966000,43.835079
2023-09-19,43.520000,43.390415
2023-09-20,42.238998,42.113220
2023-09-21,41.016998,40.894859
2023-09-22,41.610001,41.486095
2023-09-25,42.222000,42.096275
2023-09-26,41.910999,41.786194
2023-09-27,42.467999,42.341537
2023-09-28,43.089001,42.960693
2023-09-29,43.499001,43.369473
2023-10-02,44.782001,44.648647
2023-10-03,43.516998,43.387421
2023-10-04,44.041000,43.909855
2023-10-05,44.688000,44.554932
2023-10-06,45.762001,45.625740
2023-10-09,45.272999,45.138180
2023-10-10,45.798000,45.661629
2023-10-11,46.806000,46.666622
2023-10-12,46.945000,46.805210
2023-10-13,45.460999,45.325630
2023-10-16,46.095001,45.957748
2023-10-17,43.938000,43.807163
2023-10-18,42.195999,42.070347
2023-10-19,42.101002,41.975647
2023-10-20,41.387001,41.263763
2023-10-23,42.974998,42.847038
2023-10-24,43.662998,43.532982
2023-10-25,41.778999,41.654591
2023-10-26,40.326000,40.205921
2023-10-27,40.500000,40.379402
2023-10-30,41.160999,41.038437
2023-10-31,40.779999,40.658566
2023-11-01,42.325001,42.198971
2023-11-02,43.506001,43.376453
2023-11-03,45.005001,44.870987
2023-11-06,45.750999,45.614765
2023-11-07,45.955002,45.818161
2023-11-08,46.574001,46.435307
2023-11-09,46.950001,46.810196
2023-11-10,48.334999,48.191074
2023-11-13,48.619999,48.475216
2023-11-14,49.655998,49.508129
2023-11-15,48.888000,48.742428
2023-11-16,49.480000,49.332668
2023-11-17,49.298000,49.151203
2023-11-20,50.409000,50.258900
2023-11-21,49.944000,49.795280
2023-11-22,48.716000,48.570938
2023-11-24,47.776001,47.633739
2023-11-27,48.242001,48.098354
2023-11-28,47.820999,47.678600
2023-11-29,48.139999,47.996651
2023-11-30,46.770000,46.630733
2023-12-01,46.764999,46.625751
2023-12-04,45.509998,45.374481
2023-12-05,46.566002,46.431423
2023-12-06,45.502998,45.371490
2023-12-07,46.596001,46.461334
2023-12-08,47.506001,47.368706
2023-12-11,46.626999,46.492249
2023-12-12,47.657001,47.519272
2023-12-13,48.088001,47.949024
2023-12-14,48.349998,48.210258
2023-12-15,48.889999,48.748703
2023-12-18,50.077000,49.932278
2023-12-19,49.604000,49.460636
2023-12-20,48.111000,47.971951
2023-12-21,48.990002,48.848419
2023-12-22,48.830002,48.688877
2023-12-26,49.278999,49.136581
2023-12-27,49.417000,49.274189
2023-12-28,49.521999,49.378880
2023-12-29,49.521999,49.378880
2024-01-02,48.167999,48.028793
2024-01-03,47.569000,47.431522
2024-01-04,47.998001,47.859291
2024-01-05,49.097000,48.955105
2024-01-08,52.252998,52.101974
2024-01-09,53.139999,52.986420
2024-01-10,54.349998,54.192928
2024-01-11,54.821999,54.663559
2024-01-12,54.709999,54.551891
2024-01-16,56.382000,56.219055
2024-01-17,56.053001,55.891010
2024-01-18,57.106998,56.941952
2024-01-19,59.491001,59.319069
2024-01-22,59.653999,59.481590
2024-01-23,59.873001,59.699966
2024-01-24,61.362000,61.184658
2024-01-25,61.617001,61.438923
2024-01-26,61.030998,60.854618
2024-01-29,62.465000,62.284466
2024-01-30,62.773998,62.592583
2024-01-31,61.527000,61.349186
2024-02-01,63.027000,62.844849
2024-02-02,66.160004,65.968788
2024-02-05,69.332001,69.131638
2024-02-06,68.223000,68.025833
2024-02-07,70.098999,69.896400
2024-02-08,69.640999,69.439735
2024-02-09,72.133003,71.924538
2024-02-12,72.248001,72.039192
2024-02-13,72.127998,71.919533
2024-02-14,73.900002,73.686424
2024-02-15,72.657997,72.448029
2024-02-16,72.612999,72.403137
2024-02-20,69.452003,69.251289
2024-02-21,67.472000,67.277008
2024-02-22,78.538002,78.311028
2024-02-23,78.817001,78.589218
2024-02-26,79.092003,78.863434
2024-02-27,78.700996,78.473557
2024-02-28,77.663002,77.438560
2024-02-29,79.112000,78.883362
2024-03-01,82.278999,82.041214
2024-03-04,85.237000,84.990654
2024-03-05,85.963997,85.719582
2024-03-06,88.699997,88.447792
2024-03-07,92.668999,92.405533
2024-03-08,87.528000,87.279137
2024-03-11,85.774002,85.530121
2024-03-12,91.913002,91.651672
2024-03-13,90.888000,90.629585
2024-03-14,87.944000,87.693954
2024-03-15,87.836998,87.587265
2024-03-18,88.455002,88.203499
2024-03-19,89.398003,89.143822
2024-03-20,90.372002,90.115051
2024-03-21,91.434998,91.175018
2024-03-22,94.289001,94.020912
2024-03-25,95.001999,94.731880
2024-03-26,92.560997,92.297821
2024-03-27,90.250000,89.993401
2024-03-28,90.356003,90.099098
2024-04-01,90.362999,90.106071
2024-04-02,89.452003,89.197662
2024-04-03,88.963997,88.711044
2024-04-04,85.904999,85.660744
2024-04-05,88.008003,87.757774
2024-04-08,87.133003,86.885254
2024-04-09,85.353996,85.111305
2024-04-10,87.039001,86.791534
2024-04-11,90.615997,90.358353
2024-04-12,88.185997,87.935265
2024-04-15,86.000999,85.756462
2024-04-16,87.415001,87.166451
2024-04-17,84.035004,83.796066
2024-04-18,84.670998,84.430244
2024-04-19,76.199997,75.983337
2024-04-22,79.517998,79.291908
2024-04-23,82.422997,82.188652
2024-04-24,79.677002,79.450462
2024-04-25,82.632004,82.397057
2024-04-26,87.735001,87.485558
2024-04-29,87.757004,87.507477
2024-04-30,86.402000,86.156342
2024-05-01,83.041000,82.804893
2024-05-02,85.817001,85.572998
2024-05-03,88.789001,88.536545
2024-05-06,92.139999,91.878029
2024-05-07,90.554001,90.296532
2024-05-08,90.412003,90.154945
2024-05-09,88.747002,88.494659
2024-05-10,89.877998,89.622452
2024-05-13,90.399002,90.141975
2024-05-14,91.356003,91.096252
2024-05-15,94.629997,94.360939
2024-05-16,94.359001,94.090714
2024-05-17,92.478996,92.216049
2024-05-20,94.779999,94.510513
2024-05-21,95.386002,95.114784
2024-05-22,94.949997,94.680023
2024-05-23,103.799004,103.503891
2024-05-24,106.469002,106.166275
2024-05-28,113.901001,113.577148
2024-05-29,114.824997,114.498512
2024-05-30,110.500000,110.185822
2024-05-31,109.633003,109.321281
2024-06-03,115.000000,114.673027
2024-06-04,116.436996,116.105934
2024-06-05,122.440002,122.091873
2024-06-06,120.998001,120.653961
2024-06-07,120.888000,120.544289
2024-06-10,121.790001,121.443718
2024-06-11,120.910004,120.576134
2024-06-12,125.199997,124.854263
2024-06-13,129.610001,129.252075
2024-06-14,131.880005,131.515839
2024-06-17,130.979996,130.618317
2024-06-18,135.580002,135.205627
2024-06-20,130.779999,130.418884
2024-06-21,126.570000,126.220482
2024-06-24,118.110001,117.783844
2024-06-25,126.089996,125.741821
2024-06-26,126.400002,126.050972
2024-06-27,123.989998,123.647621
2024-06-28,123.540001,123.198868
2024-07-01,124.300003,123.956772
2024-07-02,122.669998,122.331253
2024-07-03,128.279999,127.925774
2024-07-05,125.830002,125.482536
2024-07-08,128.199997,127.845985
2024-07-09,131.380005,131.017227
2024-07-10,134.910004,134.537491
2024-07-11,127.400002,127.048218
2024-07-12,129.240005,128.883118
2024-07-15,128.440002,128.085327
2024-07-16,126.360001,126.011070
2024-07-17,117.989998,117.664177
2024-07-18,121.089996,120.755608
2024-07-19,117.930000,117.604362
2024-07-22,123.540001,123.198868
2024-07-23,122.589996,122.251480
2024-07-24,114.250000,113.934509
2024-07-25,112.279999,111.969955
2024-07-26,113.059998,112.747795
2024-07-29,111.589996,111.281868
2024-07-30,103.730003,103.443558
2024-07-31,117.019997,116.696846
2024-08-01,109.209999,108.908417
2024-08-02,107.269997,106.973778
2024-08-05,100.449997,100.172615
2024-08-06,104.250000,103.962135
2024-08-07,98.910004,98.636879
2024-08-08,104.970001,104.680138
2024-08-09,104.750000,104.460754
2024-08-12,109.019997,108.718948
2024-08-13,116.139999,115.819298
2024-08-14,118.080002,117.753952
2024-08-15,122.860001,122.520737
2024-08-16,124.580002,124.235992
2024-08-19,130.000000,129.641037
2024-08-20,127.250000,126.898613
2024-08-21,128.500000,128.145157
2024-08-22,123.739998,123.398308
2024-08-23,129.369995,129.012772
2024-08-26,126.459999,126.110786
2024-08-27,128.300003,127.945724
2024-08-28,125.610001,125.263138
2024-08-29,117.589996,117.265274
2024-08-30,119.370003,119.040375
2024-09-03,108.000000,107.701775
2024-09-04,106.209999,105.916725
2024-09-05,107.209999,106.913963
2024-09-06,102.830002,102.546043
2024-09-09,106.470001,106.175995
2024-09-10,108.099998,107.801491
2024-09-11,116.910004,116.587166
2024-09-12,119.139999,118.821175
2024-09-13,119.099998,118.781273
2024-09-16,116.779999,116.467484
2024-09-17,115.589996,115.280678
2024-09-18,113.370003,113.066605
2024-09-19,117.870003,117.554581
2024-09-20,116.000000,115.689590
2024-09-23,116.260002,115.948883
2024-09-24,120.870003,120.546547
2024-09-25,123.510002,123.179482
2024-09-26,124.040001,123.708054
2024-09-27,121.400002,121.075127
2024-09-30,121.440002,121.115028
2024-10-01,117.000000,116.686897
2024-10-02,118.849998,118.531952
2024-10-03,122.849998,122.521248
2024-10-04,124.919998,124.585693
2024-10-07,127.720001,127.378220
2024-10-08,132.889999,132.534363
2024-10-09,132.649994,132.295013
2024-10-10,134.809998,134.449234
2024-10-11,134.800003,134.439270
2024-10-14,138.070007,137.700516
2024-10-15,131.600006,131.247833
2024-10-16,135.720001,135.356796
2024-10-17,136.929993,136.563553
2024-10-18,138.000000,137.630707
2024-10-21,143.710007,143.325439
2024-10-22,143.589996,143.205734
2024-10-23,139.559998,139.186554
2024-10-24,140.410004,140.034271
2024-10-25,141.539993,141.161240
2024-10-28,140.520004,140.143936
2024-10-29,141.250000,140.872009
2024-10-30,139.339996,138.967117
2024-10-31,132.759995,132.404739
2024-11-01,135.399994,135.037659
2024-11-04,136.050003,135.685928
2024-11-05,139.910004,139.535583
2024-11-06,145.610001,145.220337
2024-11-07,148.880005,148.481598
2024-11-08,147.630005,147.234909
2024-11-11,145.259995,144.871277
2024-11-12,148.289993,147.893143
2024-11-13,146.270004,145.878571
2024-11-14,146.759995,146.367264
2024-11-15,141.979996,141.600067
2024-11-18,140.149994,139.774933
2024-11-19,147.009995,146.616592
2024-11-20,145.889999,145.499588
2024-11-21,146.669998,146.277496
2024-11-22,141.949997,141.570145
2024-11-25,136.020004,135.656021
2024-11-26,136.919998,136.553589
2024-11-27,135.339996,134.977814
2024-11-29,138.250000,137.880020
2024-12-02,138.630005,138.259033
2024-12-03,140.259995,139.884644
2024-12-04,145.139999,144.751556
2024-12-05,145.059998,144.681793
2024-12-06,142.440002,142.068604
2024-12-09,138.809998,138.448059
2024-12-10,135.070007,134.717834
2024-12-11,139.309998,138.946777
2024-12-12,137.339996,136.981918
2024-12-13,134.250000,133.899948
2024-12-16,132.000000,131.655807
2024-12-17,130.389999,130.050018
2024-12-18,128.910004,128.573898
2024-12-19,130.679993,130.339249
2024-12-20,134.699997,134.348801
2024-12-23,139.669998,139.305817
2024-12-24,140.220001,139.854401
2024-12-26,139.929993,139.565140
2024-12-27,137.009995,136.652756
2024-12-30,137.490005,137.131500
2024-12-31,134.289993,133.939850
2025-01-02,138.309998,137.949356
2025-01-03,144.470001,144.093323
2025-01-06,149.429993,149.040390
2025-01-07,140.139999,139.774597
2025-01-08,140.110001,139.744705
2025-01-10,135.910004,135.555649
2025-01-13,133.229996,132.882614
2025-01-14,131.759995,131.416428
2025-01-15,136.240005,135.884781
2025-01-16,133.570007,133.221756
2025-01-17,137.710007,137.350937
2025-01-21,140.830002,140.462799
2025-01-22,147.070007,146.686554
2025-01-23,147.220001,146.836166
2025-01-24,142.619995,142.248154
2025-01-27,118.419998,118.111237
2025-01-28,128.990005,128.653702
2025-01-29,123.699997,123.377472
2025-01-30,124.650002,124.324989
2025-01-31,120.070000,119.756943
2025-02-03,116.660004,116.355843
2025-02-04,118.650002,118.340637
2025-02-05,124.830002,124.504532
2025-02-06,128.679993,128.344482
2025-02-07,129.839996,129.501450
2025-02-10,133.570007,133.221756
2025-02-11,132.800003,132.453751
2025-02-12,131.139999,130.798080
2025-02-13,135.289993,134.937241
2025-02-14,138.850006,138.487961
2025-02-18,139.399994,139.036514
2025-02-19,139.229996,138.866974
2025-02-20,140.110001,139.744705
2025-02-21,134.429993,134.079514
2025-02-24,130.279999,129.940338
2025-02-25,126.629997,126.299835
2025-02-26,131.279999,130.937714
2025-02-27,120.150002,119.836731
2025-02-28,124.919998,124.594276
2025-03-03,114.059998,113.762604
2025-03-04,115.989998,115.687584
2025-03-05,117.300003,116.994164
2025-03-06,110.570000,110.281715
2025-03-07,112.690002,112.396187
2025-03-10,106.980003,106.701065
2025-03-11,108.760002,108.476425
2025-03-12,115.739998,115.448845
2025-03-13,115.580002,115.289246
2025-03-14,121.669998,121.363922
2025-03-17,119.529999,119.229301
2025-03-18,115.430000,115.139626
2025-03-19,117.519997,117.224358
2025-03-20,118.529999,118.231827
2025-03-21,117.699997,117.403908
2025-03-24,121.410004,121.104584
2025-03-25,120.690002,120.386391
2025-03-26,113.760002,113.473831
2025-03-27,111.430000,111.149681
2025-03-28,109.669998,109.394112
2025-03-31,108.379997,108.107361
2025-04-01,110.150002,109.872917
2025-04-02,110.419998,110.142220
2025-04-03,101.800003,101.543915
2025-04-04,94.309998,94.072754
2025-04-07,97.639999,97.394371
2025-04-08,96.300003,96.057755
2025-04-09,114.330002,114.042397
2025-04-10,107.570000,107.299393
2025-04-11,110.930000,110.650955
2025-04-14,110.709999,110.431503
2025-04-15,112.199997,111.917747
2025-04-16,104.489998,104.227150
2025-04-17,101.489998,101.234688
2025-04-21,96.910004,96.666222
2025-04-22,98.889999,98.641228
2025-04-23,102.709999,102.451622
2025-04-24,106.430000,106.162262
2025-04-25,111.010002,110.730751
2025-04-28,108.730003,108.456482
2025-04-29,109.019997,108.745743
2025-04-30,108.919998,108.645996
2025-05-01,111.610001,111.329231
2025-05-02,114.500000,114.211967
2025-05-05,113.820000,113.533676
2025-05-06,113.540001,113.254387
2025-05-07,117.059998,116.765526
2025-05-08,117.370003,117.074745
2025-05-09,116.650002,116.356567
2025-05-12,123.000000,122.690582
2025-05-13,129.929993,129.603134
2025-05-14,135.339996,134.999542
2025-05-15,134.830002,134.490814
2025-05-16,135.399994,135.059387
2025-05-19,135.570007,135.228973
2025-05-20,134.380005,134.041962
2025-05-21,131.800003,131.468445
2025-05-22,132.830002,132.495834
2025-05-23,131.289993,130.959717
2025-05-27,135.500000,135.159149
2025-05-28,134.809998,134.470856
2025-05-29,139.190002,138.839844
2025-05-30,135.130005,134.790070
2025-06-02,137.380005,137.034409
2025-06-03,141.220001,140.864761
2025-06-04,141.919998,141.562973
2025-06-05,139.990005,139.637848
2025-06-06,141.720001,141.363495
2025-06-09,142.630005,142.271210
2025-06-10,143.960007,143.597855
2025-06-11,142.830002,142.480591
2025-06-12,145.000000,144.645264
2025-06-13,141.970001,141.622696
2025-06-16,144.690002,144.336044
2025-06-17,144.119995,143.767426
2025-06-18,145.479996,145.124115
2025-06-20,143.850006,143.498093
2025-06-23,144.169998,143.817307
2025-06-24,147.899994,147.538177
2025-06-25,154.309998,153.932495
2025-06-26,155.020004,154.640778
2025-06-27,157.750000,157.364075
2025-06-30,157.990005,157.603516
2025-07-01,153.300003,152.924988
2025-07-02,157.250000,156.865311
2025-07-03,159.339996,158.950211
2025-07-07,158.240005,157.852905
2025-07-08,160.000000,159.608582
2025-07-09,162.880005,162.481552
2025-07-10,164.100006,163.698563
2025-07-11,164.919998,164.516541
2025-07-14,164.070007,163.668625
2025-07-15,170.699997,170.282410
2025-07-16,171.369995,170.950760
2025-07-17,173.000000,172.576782
2025-07-18,172.410004,171.988220
2025-07-21,171.380005,170.960754
2025-07-22,167.029999,166.621384
2025-07-23,170.779999,170.362198
2025-07-24,173.740005,173.315002
2025-07-25,173.500000,173.075546
2025-07-28,176.750000,176.317612
2025-07-29,175.509995,175.080643
2025-07-30,179.270004,178.831451
2025-07-31,177.869995,177.434875
2025-08-01,173.720001,173.295029
2025-08-04,180.000000,179.559647
2025-08-05,178.259995,177.823929
2025-08-06,179.419998,178.981064
2025-08-07,180.770004,180.327774
2025-08-08,182.699997,182.253036
2025-08-11,182.059998,181.614624
2025-08-12,183.160004,182.711945
2025-08-13,181.589996,181.145767
2025-08-14,182.020004,181.574722
2025-08-15,180.449997,180.008575
2025-08-18,182.009995,181.564743
2025-08-19,175.639999,175.210342
2025-08-20,175.399994,174.970901
2025-08-21,174.979996,174.551941
2025-08-22,177.990005,177.554581
2025-08-25,179.809998,179.370132
2025-08-26,181.770004,181.325333
2025-08-27,181.600006,181.155762
2025-08-28,180.169998,179.729248
2025-08-29,174.179993,173.753906
2025-09-02,170.779999,170.362198
2025-09-03,170.619995,170.202621
2025-09-04,171.660004,171.240067
2025-09-05,167.020004,166.611404
2025-09-08,168.309998,167.898270
2025-09-09,170.759995,170.342255
2025-09-10,177.330002,176.896194
2025-09-11,177.169998,176.746552
2025-09-12,177.820007,177.394989
2025-09-15,177.750000,177.325150
2025-09-16,174.880005,174.462021
2025-09-17,170.289993,169.882996
2025-09-18,176.240005,175.818787
2025-09-19,176.669998,176.247726
2025-09-22,183.610001,183.171173
2025-09-23,178.429993,178.003540
2025-09-24,176.970001,176.547012
2025-09-25,177.690002,177.265320
2025-09-26,178.190002,177.764114
2025-09-29,181.850006,181.415375
2025-09-30,186.580002,186.134048
2025-10-01,187.240005,186.792496
2025-10-02,188.889999,188.438538
2025-10-03,187.619995,187.171555
2025-10-06,185.539993,185.096542
2025-10-07,185.039993,184.597733
2025-10-08,189.110001,188.658005
2025-10-09,192.570007,192.109741
2025-10-10,183.160004,182.722244
2025-10-13,188.320007,187.869904
2025-10-14,180.029999,179.599716
2025-10-15,179.830002,179.400192
2025-10-16,181.809998,181.375458
2025-10-17,183.220001,182.782089
2025-10-20,182.639999,182.203491
2025-10-21,181.160004,180.727020
2025-10-22,180.279999,179.849106
2025-10-23,182.160004,181.724625
2025-10-24,186.259995,185.814804
2025-10-27,191.490005,191.032318
2025-10-28,201.029999,200.549530
2025-10-29,207.039993,206.545166
2025-10-30,202.889999,202.405075
2025-10-31,202.490005,202.006042
2025-11-03,206.880005,206.385529
2025-11-04,198.690002,198.215103
2025-11-05,195.210007,194.743439
2025-11-06,188.080002,187.630493
2025-11-07,188.149994,187.700302
2025-11-10,199.050003,198.574265
2025-11-11,193.160004,192.698334
2025-11-12,193.800003,193.336792
2025-11-13,186.860001,186.413391
2025-11-14,190.169998,189.715469
2025-11-17,186.600006,186.154022
2025-11-18,181.360001,180.926529
2025-11-19,186.520004,186.074203
2025-11-20,180.639999,180.208252
2025-11-21,178.880005,178.452454
2025-11-24,182.550003,182.113678
2025-11-25,177.820007,177.394989
2025-11-26,180.259995,179.829147
2025-11-28,177.000000,176.576950
2025-12-01,179.919998,179.489990
2025-12-02,181.460007,181.026306
2025-12-03,179.589996,179.160767
2025-12-04,183.380005,182.951889
2025-12-05,182.410004,181.984161
2025-12-08,185.550003,185.116837
2025-12-09,184.970001,184.538177
2025-12-10,183.779999,183.350967
2025-12-11,180.929993,180.507599
2025-12-12,175.020004,174.611404
2025-12-15,176.289993,175.878418
2025-12-16,177.720001,177.305099
2025-12-17,170.940002,170.540924
2025-12-18,174.139999,173.733459
2025-12-19,180.990005,180.567490
2025-12-22,183.690002,183.261169
2025-12-23,189.210007,188.768295
2025-12-24,188.610001,188.169678
2025-12-26,190.529999,190.085205
2025-12-29,188.220001,187.780594
2025-12-30,187.539993,187.102173
2025-12-31,186.500000,186.064606
2026-01-02,188.850006,188.409134
2026-01-05,188.119995,187.680832
2026-01-06,187.240005,186.802887
2026-01-07,189.110001,188.668518
2026-01-08,185.039993,184.608002
2026-01-09,184.860001,184.428436
2026-01-12,184.940002,184.508255
2026-01-13,185.809998,185.376221
2026-01-14,183.139999,182.712448
2026-01-15,187.050003,186.613312
2026-01-16,186.229996,185.795227
2026-01-20,178.070007,177.654297
2026-01-21,183.320007,182.892044
2026-01-22,184.839996,184.408478
2026-01-23,187.669998,187.231873
2026-01-26,186.470001,186.034683
2026-01-27,188.520004,188.079895
2026-01-28,191.520004,191.072876
2026-01-29,192.509995,192.060577
2026-01-30,191.130005,190.683807
2026-02-02,185.610001,185.176682
2026-02-03,180.339996,179.918976
2026-02-04,174.190002,173.783356
2026-02-05,171.880005,171.478745
2026-02-06,185.410004,184.977158
2026-02-09,190.039993,189.596344
2026-02-10,188.539993,188.099838
2026-02-11,190.050003,189.606339
2026-02-12,186.940002,186.503586
2026-02-13,182.809998,182.383209
2026-02-17,184.970001,184.538177
2026-02-18,187.979996,187.541138
2026-02-19,187.899994,187.461334
2026-02-20,189.820007,189.376877
2026-02-23,191.550003,191.102814
2026-02-24,192.850006,192.399796
2026-02-25,195.559998,195.103455
2026-02-26,184.889999,184.458359
2026-02-27,177.190002,176.776352
2026-03-02,182.479996,182.054001
2026-03-03,180.050003,179.629654
2026-03-04,183.039993,182.612686
2026-03-05,183.339996,182.911972
2026-03-06,177.820007,177.404892
2026-03-09,182.649994,182.223587
2026-03-10,184.770004,184.338638
2026-03-11,186.029999,185.605743
2026-03-12,183.139999,182.722351
2026-03-13,180.250000,179.838928
2026-03-16,183.220001,182.802170
2026-03-17,181.929993,181.515091
2026-03-18,180.399994,179.988586
2026-03-19,178.559998,178.152786
2026-03-20,172.699997,172.306137
2026-03-23,175.639999,175.239441
2026-03-24,175.199997,174.800446
2026-03-25,178.679993,178.272507
2026-03-26,171.240005,170.849487
2026-03-27,167.520004,167.137955
2026-03-30,165.169998,164.793320
2026-03-31,174.399994,174.002274
2026-04-01,175.750000,175.349197
2026-04-02,177.389999,176.985443
2026-04-06,177.639999,177.234879
2026-04-07,178.100006,177.693832
2026-04-08,182.080002,181.664764
2026-04-09,183.910004,183.490585
2026-04-10,188.630005,188.199829
2026-04-13,189.309998,188.878265
2026-04-14,196.509995,196.061844
2026-04-15,198.869995,198.416473
2026-04-16,198.350006,197.897659
2026-04-17,201.679993,201.220047
2026-04-20,202.059998,201.599182
2026-04-21,199.880005,199.424179
2026-04-22,202.500000,202.038193
2026-04-23,199.639999,199.184708
2026-04-24,208.270004,207.795029
2026-04-27,216.610001,216.116013
2026-04-28,213.169998,212.683853
2026-04-29,209.250000,208.772797
2026-04-30,199.570007,199.114883
2026-05-01,198.449997,197.997421
2026-05-04,198.479996,198.027344
2026-05-05,196.500000,196.051865
2026-05-06,207.830002,207.356033
2026-05-07,211.500000,211.017670
2026-05-08,215.199997,214.709229
2026-05-11,219.440002,218.939560
2026-05-12,220.779999,220.276505
2026-05-13,225.830002,225.314987
2026-05-14,235.740005,235.202393
2026-05-15,225.320007,224.806168
2026-05-18,222.320007,221.813004
2026-05-19,220.610001,220.106888
2026-05-20,223.470001,222.960373
2026-05-21,219.509995,219.009399
2026-05-22,215.330002,214.838928
2026-05-26,214.860001,214.370010
2026-05-27,212.600006,212.115158
2026-05-28,214.250000,213.761383
2026-05-29,211.139999,210.658493
2026-06-01,224.360001,223.848343
2026-06-02,222.820007,222.311844
2026-06-03,214.750000,214.260254
2026-06-04,218.660004,218.415604
2026-06-05,205.100006,204.870758
2026-06-08,208.639999,208.406799
2026-06-09,208.190002,207.957306
2026-06-10,200.419998,200.195984
2026-06-11,204.869995,204.641006
2026-06-12,205.190002,204.960663
2026-06-15,212.449997,212.212540
2026-06-16,207.410004,207.178177
2026-06-17,204.649994,204.421249
2026-06-18,210.690002,210.454514
2026-06-22,208.649994,208.416779
2026-06-23,200.039993,199.816406
2026-06-24,199.000000,198.777573
2026-06-25,195.740005,195.521225
2026-06-26,192.529999,192.314804
2026-06-29,194.970001,194.752075
2026-06-30,200.089996,199.866348
2026-07-01,197.580002,197.359161
2026-07-02,194.830002,194.612244
2026-07-06,195.550003,195.331436
2026-07-07,196.929993,196.709885
2026-07-08,204.119995,203.891846
2026-07-09,202.779999,202.553345
2026-07-10,210.960007,210.724213
2026-07-13,203.529999,203.302505
2026-07-14,211.800003,211.563278
2026-07-15,212.500000,212.262482
2026-07-16,207.399994,207.168182
2026-07-17,202.809998,202.583313
2026-07-20,203.279999,203.052795
2026-07-21,207.289993,207.058304
2026-07-22,212.059998,211.822983
2026-07-23,208.759995,208.526657
2026-07-24,206.839996,206.608810
2026-07-27,196.509995,196.290359
2026-07-28,197.009995,196.789795
2026-07-29,190.009995,189.797623
2026-07-30,195.039993,194.821991
2026-07-31,200.750000,200.525620
2026-08-03,206.639999,206.409042
2026-08-04,211.940002,211.703110
2026-08-05,219.220001,218.974976
2026-08-06,218.990005,218.745239
2026-08-07,223.960007,223.709686
2026-08-10,217.550003,217.306839
2026-08-11,217.500000,217.256897
2026-08-12,224.089996,223.839523
2026-08-13,225.300003,225.048187
2026-08-14,225.160004,224.908340
2026-08-17,225.009995,224.758499
2026-08-18,219.740005,219.494400
2026-08-19,217.559998,217.316833
2026-08-20,216.850006,216.607635
2026-08-21,214.720001,214.480011
2026-08-24,208.479996,208.246979
2026-08-25,213.050003,212.811874
2026-08-26,209.660004,209.425659
2026-08-27,227.979996,227.725174
2026-08-28,217.550003,217.306839
2026-08-31,220.779999,220.533234
2026-09-01,217.440002,217.196976
2026-09-02,224.410004,224.159180
2026-09-03,228.449997,228.194656
2026-09-04,230.360001,230.102524
2026-09-08,225.729996,225.477692
2026-09-09,223.669998,223.419998
2026-09-10,218.360001,218.360001
2026-09-11,218.289993,218.289993
2026-09-14,210.960007,210.960007
2026-09-15,212.169998,212.169998
2026-09-16,213.899994,213.899994
2026-09-17,219.339996,219.339996
2026-09-18,222.270004,222.270004
2026-09-21,227.380005,227.380005
2026-09-22,228.869995,228.869995
2026-09-23,225.509995,225.509995
2026-09-24,224.580002,224.580002
2026-09-25,225.070007,225.070007
2026-09-28,228.860001,228.860001
