date,close,adjclose
2010-01-04,113.330002,84.368965
2010-01-05,113.629997,84.592316
2010-01-06,113.709999,84.651863
2010-01-07,114.190002,85.009209
2010-01-08,114.570000,85.292099
2010-01-11,114.730003,85.411201
2010-01-12,113.660004,84.614639
2010-01-13,114.620003,85.329323
2010-01-14,114.930000,85.560089
2010-01-15,113.639999,84.599762
2010-01-19,115.059998,85.656891
2010-01-20,113.889999,84.785889
2010-01-21,111.699997,83.155525
2010-01-22,109.209999,81.301842
2010-01-25,109.769997,81.718704
2010-01-26,109.309998,81.376251
2010-01-27,109.830002,81.763390
2010-01-28,108.570000,80.825363
2010-01-29,107.389999,79.946907
2010-02-01,109.059998,81.190155
2010-02-02,110.379997,82.172806
2010-02-03,109.830002,81.763390
2010-02-04,106.440002,79.239662
2010-02-05,106.660004,79.403458
2010-02-08,105.889999,78.830261
2010-02-09,107.220001,79.820366
2010-02-10,107.010002,79.664032
2010-02-11,108.129997,80.497803
2010-02-12,108.040001,80.430832
2010-02-16,109.739998,81.696373
2010-02-17,110.260002,82.083496
2010-02-18,110.910004,82.567375
2010-02-19,111.139999,82.738632
2010-02-22,111.160004,82.753502
2010-02-23,109.809998,81.748474
2010-02-24,110.820000,82.500404
2010-02-25,110.669998,82.388687
2010-02-26,110.739998,82.440849
2010-03-01,111.889999,83.296936
2010-03-02,112.199997,83.527740
2010-03-03,112.300003,83.602188
2010-03-04,112.639999,83.855316
2010-03-05,114.250000,85.053879
2010-03-08,114.269997,85.068756
2010-03-09,114.459999,85.210213
2010-03-10,114.970001,85.589890
2010-03-11,115.449997,85.947220
2010-03-12,115.459999,85.954674
2010-03-15,115.489998,85.976982
2010-03-16,116.410004,86.661888
2010-03-17,117.099998,87.175552
2010-03-18,117.040001,87.130890
2010-03-19,115.970001,86.689865
2010-03-22,116.589996,87.153336
2010-03-23,117.410004,87.766304
2010-03-24,116.839996,87.340202
2010-03-25,116.650002,87.198151
2010-03-26,116.580002,87.145866
2010-03-29,117.320000,87.699005
2010-03-30,117.400002,87.758827
2010-03-31,117.000000,87.459793
2010-04-01,117.800003,88.057816
2010-04-05,118.760002,88.775452
2010-04-06,119.040001,88.984741
2010-04-07,118.360001,88.476471
2010-04-08,118.769997,88.782944
2010-04-09,119.550003,89.366013
2010-04-12,119.739998,89.507996
2010-04-13,119.830002,89.575294
2010-04-14,121.190002,90.591949
2010-04-15,121.290001,90.666687
2010-04-16,119.360001,89.223961
2010-04-19,119.809998,89.560364
2010-04-20,120.879997,90.360191
2010-04-21,120.660004,90.195755
2010-04-22,121.019997,90.464821
2010-04-23,121.809998,91.055374
2010-04-26,121.349998,90.711510
2010-04-27,118.480003,88.566147
2010-04-28,119.379997,89.238914
2010-04-29,120.860001,90.345238
2010-04-30,118.809998,88.812836
2010-05-03,120.349998,89.964012
2010-05-04,117.519997,87.848526
2010-05-05,116.820000,87.325256
2010-05-06,112.940002,84.424896
2010-05-07,111.260002,83.169052
2010-05-10,116.160004,86.831886
2010-05-11,115.830002,86.585228
2010-05-12,117.449997,87.796211
2010-05-13,115.989998,86.704796
2010-05-14,113.889999,85.135033
2010-05-17,113.949997,85.179878
2010-05-18,112.400002,84.021233
2010-05-19,111.760002,83.542809
2010-05-20,107.540001,80.388260
2010-05-21,109.110001,81.561867
2010-05-24,107.709999,80.515358
2010-05-25,107.820000,80.597549
2010-05-26,107.169998,80.111679
2010-05-27,110.760002,82.795303
2010-05-28,109.370003,81.756248
2010-06-01,107.529999,80.380798
2010-06-02,110.330002,82.473854
2010-06-03,110.709999,82.757889
2010-06-04,106.820000,79.850044
2010-06-07,105.489998,78.855850
2010-06-08,106.620003,79.700577
2010-06-09,106.050003,79.274467
2010-06-10,109.150002,81.591782
2010-06-11,109.680000,81.987976
2010-06-14,109.510002,81.860893
2010-06-15,112.000000,83.722206
2010-06-16,111.959999,83.692291
2010-06-17,112.139999,83.826881
2010-06-18,111.730003,83.917755
2010-06-21,111.410004,83.677399
2010-06-22,109.570000,82.295433
2010-06-23,109.230003,82.040039
2010-06-24,107.419998,80.680611
2010-06-25,107.870003,81.018608
2010-06-28,107.529999,80.763252
2010-06-29,104.209999,78.269630
2010-06-30,103.220001,77.526077
2010-07-01,102.760002,77.180603
2010-07-02,102.199997,76.760002
2010-07-06,102.870003,77.263199
2010-07-07,106.110001,79.696709
2010-07-08,107.160004,80.485329
2010-07-09,107.959999,81.086174
2010-07-12,108.029999,81.138756
2010-07-13,109.660004,82.363007
2010-07-14,109.650002,82.355522
2010-07-15,109.680000,82.378044
2010-07-16,106.660004,80.109787
2010-07-19,107.290001,80.582985
2010-07-20,108.480003,81.476753
2010-07-21,107.070000,80.417732
2010-07-22,109.459999,82.212830
2010-07-23,110.410004,82.926323
2010-07-26,111.559998,83.790062
2010-07-27,111.550003,83.782555
2010-07-28,110.830002,83.241791
2010-07-29,110.290001,82.836227
2010-07-30,110.269997,82.821167
2010-08-02,112.760002,84.691360
2010-08-03,112.220001,84.285767
2010-08-04,112.970001,84.849052
2010-08-05,112.849998,84.758949
2010-08-06,112.389999,84.413414
2010-08-09,112.989998,84.864090
2010-08-10,112.379997,84.405930
2010-08-11,109.300003,82.092636
2010-08-12,108.629997,81.589401
2010-08-13,108.309998,81.349045
2010-08-16,108.260002,81.311485
2010-08-17,109.589996,82.310448
2010-08-18,109.790001,82.460709
2010-08-19,107.879997,81.026123
2010-08-20,107.529999,80.763252
2010-08-23,107.120003,80.455284
2010-08-24,105.529999,79.261055
2010-08-25,105.940002,79.568993
2010-08-26,105.230003,79.035759
2010-08-27,106.860001,80.260025
2010-08-30,105.309998,79.095833
2010-08-31,105.309998,79.095833
2010-09-01,108.459999,81.461746
2010-09-02,109.470001,82.220306
2010-09-03,110.889999,83.286865
2010-09-07,109.639999,82.347977
2010-09-08,110.410004,82.926323
2010-09-09,110.919998,83.309364
2010-09-10,111.480003,83.729996
2010-09-13,112.720001,84.661301
2010-09-14,112.650002,84.608742
2010-09-15,113.080002,84.931679
2010-09-16,113.050003,84.909157
2010-09-17,112.489998,84.940849
2010-09-20,114.209999,86.239670
2010-09-21,113.980003,86.066002
2010-09-22,113.419998,85.643120
2010-09-23,112.500000,84.948448
2010-09-24,114.820000,86.700279
2010-09-27,114.269997,86.284966
2010-09-28,114.669998,86.586983
2010-09-29,114.470001,86.435974
2010-09-30,114.129997,86.179260
2010-10-01,114.610001,86.541679
2010-10-04,113.750000,85.892311
2010-10-05,116.040001,87.621468
2010-10-06,116.029999,87.613945
2010-10-07,115.889999,87.508232
2010-10-08,116.540001,87.999001
2010-10-11,116.650002,88.082062
2010-10-12,117.010002,88.353920
2010-10-13,117.919998,89.041069
2010-10-14,117.459999,88.693703
2010-10-15,117.699997,88.874939
2010-10-18,118.279999,89.312904
2010-10-19,116.730003,88.142525
2010-10-20,117.870003,89.003311
2010-10-21,118.129997,89.199646
2010-10-22,118.349998,89.365753
2010-10-25,118.699997,89.630020
2010-10-26,118.720001,89.645119
2010-10-27,118.379997,89.388390
2010-10-28,118.400002,89.403503
2010-10-29,118.489998,89.471451
2010-11-01,118.529999,89.501678
2010-11-02,119.470001,90.211449
2010-11-03,119.949997,90.573921
2010-11-04,122.260002,92.318161
2010-11-05,122.720001,92.665504
2010-11-08,122.489998,92.491837
2010-11-09,121.610001,91.827362
2010-11-10,122.099998,92.197350
2010-11-11,121.639999,91.850037
2010-11-12,120.199997,90.762665
2010-11-15,120.029999,90.634331
2010-11-16,118.160004,89.222260
2010-11-17,118.220001,89.267616
2010-11-18,119.959999,90.581451
2010-11-19,120.290001,90.830635
2010-11-22,120.190002,90.755119
2010-11-23,118.449997,89.441246
2010-11-24,120.199997,90.762665
2010-11-26,118.800003,89.705536
2010-11-29,119.160004,89.977364
2010-11-30,118.489998,89.471451
2010-12-01,121.010002,91.374306
2010-12-02,122.559998,92.544716
2010-12-03,122.889999,92.793892
2010-12-06,122.760002,92.695740
2010-12-07,122.830002,92.748581
2010-12-08,123.279999,93.088348
2010-12-09,123.760002,93.450813
2010-12-10,124.480003,93.994514
2010-12-13,124.559998,94.054901
2010-12-14,124.669998,94.137947
2010-12-15,124.099998,93.707520
2010-12-16,124.820000,94.251244
2010-12-17,124.300003,94.352188
2010-12-20,124.599998,94.579910
2010-12-21,125.389999,95.179573
2010-12-22,125.779999,95.475601
2010-12-23,125.599998,95.338959
2010-12-27,125.650002,95.376923
2010-12-28,125.830002,95.513557
2010-12-29,125.919998,95.581848
2010-12-30,125.720001,95.430054
2010-12-31,125.750000,95.452835
2011-01-03,127.050003,96.439621
2011-01-04,126.980003,96.386490
2011-01-05,127.639999,96.887466
2011-01-06,127.389999,96.697708
2011-01-07,127.139999,96.507965
2011-01-10,126.980003,96.386490
2011-01-11,127.430000,96.728081
2011-01-12,128.580002,97.601036
2011-01-13,128.369995,97.441605
2011-01-14,129.300003,98.147545
2011-01-18,129.520004,98.314514
2011-01-19,128.250000,97.350502
2011-01-20,128.080002,97.221451
2011-01-21,128.369995,97.441605
2011-01-24,129.100006,97.995705
2011-01-25,129.169998,98.048813
2011-01-26,129.669998,98.428368
2011-01-27,129.990005,98.671333
2011-01-28,127.720001,96.948196
2011-01-31,128.679993,97.676903
2011-02-01,130.740005,99.240608
2011-02-02,130.490005,99.050812
2011-02-03,130.779999,99.270950
2011-02-04,131.149994,99.551804
2011-02-07,131.970001,100.174217
2011-02-08,132.570007,100.629692
2011-02-09,132.270004,100.401955
2011-02-10,132.320007,100.439911
2011-02-11,133.110001,101.039543
2011-02-14,133.429993,101.282501
2011-02-15,133.009995,100.963654
2011-02-16,133.850006,101.601295
2011-02-17,134.250000,101.904930
2011-02-18,134.529999,102.117485
2011-02-22,131.830002,100.067986
2011-02-23,131.020004,99.453125
2011-02-24,130.929993,99.384796
2011-02-25,132.330002,100.447533
2011-02-28,133.149994,101.069946
2011-03-01,130.929993,99.384796
2011-03-02,131.210007,99.597366
2011-03-03,133.470001,101.312859
2011-03-04,132.470001,100.553780
2011-03-07,131.429993,99.764336
2011-03-08,132.580002,100.637283
2011-03-09,132.389999,100.493057
2011-03-10,129.940002,98.633316
2011-03-11,130.839996,99.316498
2011-03-14,130.050003,98.716835
2011-03-15,128.559998,97.585831
2011-03-16,126.180000,95.779236
2011-03-17,127.849998,97.046867
2011-03-18,127.760002,97.399857
2011-03-21,129.740005,98.909340
2011-03-22,129.289993,98.566299
2011-03-23,129.660004,98.848366
2011-03-24,130.899994,99.793694
2011-03-25,131.300003,100.098633
2011-03-28,130.979996,99.854683
2011-03-29,131.860001,100.525551
2011-03-30,132.770004,101.219307
2011-03-31,132.589996,101.082047
2011-04-01,133.149994,101.509018
2011-04-04,133.259995,101.592865
2011-04-05,133.240005,101.577614
2011-04-06,133.660004,101.897820
2011-04-07,133.320007,101.638611
2011-04-08,132.860001,101.287910
2011-04-11,132.460007,100.982986
2011-04-12,131.470001,100.228218
2011-04-13,131.460007,100.220627
2011-04-14,131.559998,100.296814
2011-04-15,132.039993,100.662781
2011-04-18,130.559998,99.534500
2011-04-19,131.309998,100.106262
2011-04-20,133.100006,101.470894
2011-04-21,133.779999,101.989273
2011-04-25,133.639999,101.882553
2011-04-26,134.789993,102.759285
2011-04-27,135.669998,103.430153
2011-04-28,136.110001,103.765594
2011-04-29,136.429993,104.009560
2011-05-02,136.220001,103.849480
2011-05-03,135.729996,103.475876
2011-05-04,134.830002,102.789780
2011-05-05,133.610001,101.859650
2011-05-06,134.199997,102.309486
2011-05-09,134.720001,102.705917
2011-05-10,135.869995,103.582642
2011-05-11,134.440002,102.492470
2011-05-12,135.080002,102.980370
2011-05-13,134.039993,102.187500
2011-05-16,133.190002,101.539467
2011-05-17,133.169998,101.524261
2011-05-18,134.360001,102.431473
2011-05-19,134.679993,102.675438
2011-05-20,133.610001,101.859650
2011-05-23,132.059998,100.678009
2011-05-24,131.949997,100.594208
2011-05-25,132.389999,100.929619
2011-05-26,133.000000,101.394669
2011-05-27,133.509995,101.783463
2011-05-31,134.899994,102.843147
2011-06-01,131.869995,100.533188
2011-06-02,131.729996,100.426453
2011-06-03,130.419998,99.427757
2011-06-06,129.039993,98.375687
2011-06-07,128.960007,98.314690
2011-06-08,128.419998,97.903000
2011-06-09,129.399994,98.650131
2011-06-10,127.599998,97.277863
2011-06-13,127.699997,97.354088
2011-06-14,129.320007,98.589142
2011-06-15,127.019997,96.835709
2011-06-16,127.300003,97.049179
2011-06-17,127.050003,97.338753
2011-06-20,127.699997,97.836731
2011-06-21,129.449997,99.177521
2011-06-22,128.669998,98.579956
2011-06-23,128.300003,98.296417
2011-06-24,126.809998,97.154884
2011-06-27,127.940002,98.020638
2011-06-28,129.610001,99.300125
2011-06-29,130.720001,100.150520
2011-06-30,131.970001,101.108208
2011-07-01,133.919998,102.602188
2011-07-05,133.809998,102.517929
2011-07-06,133.970001,102.640480
2011-07-07,135.360001,103.705460
2011-07-08,134.399994,102.969933
2011-07-11,131.970001,101.108208
2011-07-12,131.399994,100.671532
2011-07-13,131.839996,101.008606
2011-07-14,130.929993,100.311394
2011-07-15,131.690002,100.893684
2011-07-18,130.610001,100.066200
2011-07-19,132.729996,101.690437
2011-07-20,132.649994,101.629173
2011-07-21,134.490005,103.038895
2011-07-22,134.580002,103.107826
2011-07-25,133.830002,102.533241
2011-07-26,133.330002,102.150146
2011-07-27,130.600006,100.058601
2011-07-28,130.220001,99.767471
2011-07-29,129.330002,99.085617
2011-08-01,128.779999,98.664223
2011-08-02,125.489998,96.143578
2011-08-03,126.169998,96.664551
2011-08-04,120.260002,92.136642
2011-08-05,120.080002,91.998726
2011-08-08,112.260002,86.007492
2011-08-09,117.480003,90.006760
2011-08-10,112.290001,86.030464
2011-08-11,117.330002,89.891823
2011-08-12,118.120003,90.497101
2011-08-15,120.620003,92.412476
2011-08-16,119.589996,91.623352
2011-08-17,119.669998,91.684624
2011-08-18,114.510002,87.731323
2011-08-19,112.639999,86.298615
2011-08-22,112.730003,86.367592
2011-08-23,116.440002,89.209969
2011-08-24,118.080002,90.466446
2011-08-25,116.279999,89.087379
2011-08-26,117.970001,90.382141
2011-08-29,121.360001,92.979416
2011-08-30,121.680000,93.224571
2011-08-31,122.220001,93.638275
2011-09-01,120.940002,92.657608
2011-09-02,117.849998,90.290215
2011-09-06,116.989998,89.631348
2011-09-07,120.290001,92.159660
2011-09-08,119.040001,91.201981
2011-09-09,115.919998,88.811562
2011-09-12,116.669998,89.386185
2011-09-13,117.739998,90.205917
2011-09-14,119.370003,91.454811
2011-09-15,121.430000,93.033035
2011-09-16,121.519997,93.583664
2011-09-19,120.309998,92.651794
2011-09-20,120.169998,92.544014
2011-09-21,116.629997,89.817818
2011-09-22,112.860001,86.914513
2011-09-23,113.540001,87.438194
2011-09-26,116.239998,89.517502
2011-09-27,117.540001,90.518616
2011-09-28,115.139999,88.670372
2011-09-29,116.050003,89.371162
2011-09-30,113.150002,87.137856
2011-10-03,109.930000,84.658104
2011-10-04,112.339996,86.514046
2011-10-05,114.419998,88.115883
2011-10-06,116.489998,89.710007
2011-10-07,115.709999,89.109329
2011-10-10,119.580002,92.089653
2011-10-11,119.699997,92.182060
2011-10-12,120.750000,92.990692
2011-10-13,120.510002,92.805862
2011-10-14,122.570000,94.392303
2011-10-17,120.230003,92.590233
2011-10-18,122.580002,94.399986
2011-10-19,121.129997,93.283302
2011-10-20,121.660004,93.691444
2011-10-21,123.970001,95.470444
2011-10-24,125.489998,96.640999
2011-10-25,123.050003,94.761917
2011-10-26,124.300003,95.724533
2011-10-27,128.630005,99.059135
2011-10-28,128.600006,99.036034
2011-10-31,125.500000,96.648712
2011-11-01,122.000000,93.953331
2011-11-02,123.989998,95.485825
2011-11-03,126.250000,97.226257
2011-11-04,125.480003,96.633293
2011-11-07,126.260002,97.233971
2011-11-08,127.879997,98.481544
2011-11-09,123.160004,94.846642
2011-11-10,124.320000,95.739944
2011-11-11,126.660004,97.542015
2011-11-14,125.459999,96.617897
2011-11-15,126.080002,97.095375
2011-11-16,124.080002,95.555168
2011-11-17,122.110001,94.038040
2011-11-18,121.980003,93.937912
2011-11-21,119.660004,92.151260
2011-11-22,119.190002,91.789314
2011-11-23,116.559998,89.763901
2011-11-25,116.339996,89.594498
2011-11-28,119.709999,92.189774
2011-11-29,120.050003,92.451591
2011-11-30,124.989998,96.255959
2011-12-01,124.970001,96.240524
2011-12-02,124.860001,96.155838
2011-12-05,126.220001,97.203171
2011-12-06,126.260002,97.233971
2011-12-07,126.730003,97.595955
2011-12-08,123.949997,95.455017
2011-12-09,126.050003,97.072273
2011-12-12,124.209999,95.655251
2011-12-13,123.050003,94.761917
2011-12-14,121.739998,93.753098
2011-12-15,122.180000,94.091934
2011-12-16,121.589996,94.231415
2011-12-19,120.290001,93.223930
2011-12-20,123.930000,96.044922
2011-12-21,124.169998,96.230919
2011-12-22,125.269997,97.083389
2011-12-23,126.389999,97.951385
2011-12-27,126.489998,98.028885
2011-12-28,124.830002,96.742409
2011-12-29,126.120003,97.742180
2011-12-30,125.500000,97.261642
2012-01-03,127.500000,98.811623
2012-01-04,127.699997,98.966637
2012-01-05,128.039993,99.230133
2012-01-06,127.709999,98.974388
2012-01-09,128.020004,99.214638
2012-01-10,129.130005,100.074898
2012-01-11,129.199997,100.129135
2012-01-12,129.509995,100.369377
2012-01-13,128.839996,99.850143
2012-01-17,129.339996,100.237610
2012-01-18,130.770004,101.345886
2012-01-19,131.460007,101.880615
2012-01-20,131.949997,102.260368
2012-01-23,131.610001,101.996841
2012-01-24,131.460007,101.880615
2012-01-25,132.559998,102.733093
2012-01-26,131.880005,102.206131
2012-01-27,131.820007,102.159599
2012-01-30,131.369995,101.810867
2012-01-31,131.320007,101.772118
2012-02-01,132.470001,102.663345
2012-02-02,132.679993,102.826096
2012-02-03,134.539993,104.267586
2012-02-06,134.449997,104.197845
2012-02-07,134.789993,104.461365
2012-02-08,135.190002,104.771339
2012-02-09,135.360001,104.903107
2012-02-10,134.360001,104.128090
2012-02-13,135.360001,104.903107
2012-02-14,135.190002,104.771339
2012-02-15,134.559998,104.283096
2012-02-16,136.050003,105.437859
2012-02-17,136.410004,105.716797
2012-02-21,136.470001,105.763329
2012-02-22,136.029999,105.422363
2012-02-23,136.630005,105.887337
2012-02-24,136.929993,106.119820
2012-02-27,137.160004,106.298088
2012-02-28,137.559998,106.608063
2012-02-29,137.020004,106.189606
2012-03-01,137.729996,106.739838
2012-03-02,137.309998,106.414337
2012-03-05,136.750000,105.980354
2012-03-06,134.750000,104.430328
2012-03-07,135.690002,105.158813
2012-03-08,137.039993,106.205055
2012-03-09,137.570007,106.615845
2012-03-12,137.580002,106.623596
2012-03-13,140.059998,108.545547
2012-03-14,139.910004,108.429314
2012-03-15,140.720001,109.057022
2012-03-16,140.300003,109.208061
2012-03-19,140.850006,109.636192
2012-03-20,140.440002,109.317085
2012-03-21,140.210007,109.137985
2012-03-22,139.199997,108.351830
2012-03-23,139.649994,108.702103
2012-03-26,141.610001,110.227753
2012-03-27,141.169998,109.885262
2012-03-28,140.470001,109.340378
2012-03-29,140.229996,109.153595
2012-03-30,140.809998,109.605064
2012-04-02,141.839996,110.406769
2012-04-03,141.259995,109.955322
2012-04-04,139.860001,108.865570
2012-04-05,139.789993,108.811050
2012-04-09,138.220001,107.588997
2012-04-10,135.899994,105.783134
2012-04-11,137.000000,106.639343
2012-04-12,138.789993,108.032669
2012-04-13,137.139999,106.748344
2012-04-16,137.050003,106.678337
2012-04-17,139.080002,108.258430
2012-04-18,138.610001,107.892555
2012-04-19,137.720001,107.199776
2012-04-20,137.949997,107.378838
2012-04-23,136.789993,106.475899
2012-04-24,137.309998,106.880699
2012-04-25,139.190002,108.344086
2012-04-26,140.160004,109.099113
2012-04-27,140.389999,109.278130
2012-04-30,139.869995,108.873291
2012-05-01,140.740005,109.550529
2012-05-02,140.320007,109.223625
2012-05-03,139.250000,108.390724
2012-05-04,137.000000,106.639343
2012-05-07,137.100006,106.717232
2012-05-08,136.550003,106.289131
2012-05-09,135.740005,105.658592
2012-05-10,136.020004,105.876556
2012-05-11,135.610001,105.557434
2012-05-14,134.110001,104.389824
2012-05-15,133.339996,103.790451
2012-05-16,132.830002,103.393501
2012-05-17,130.860001,101.860062
2012-05-18,129.740005,100.988281
2012-05-21,131.970001,102.724083
2012-05-22,132.199997,102.903114
2012-05-23,132.270004,102.957581
2012-05-24,132.529999,103.159950
2012-05-25,132.100006,102.825256
2012-05-29,133.699997,104.070702
2012-05-30,131.759995,102.560616
2012-05-31,131.470001,102.334854
2012-06-01,128.160004,99.758408
2012-06-04,128.100006,99.711700
2012-06-05,129.070007,100.466759
2012-06-06,131.970001,102.724083
2012-06-07,132.050003,102.786369
2012-06-08,133.100006,103.603645
2012-06-11,131.410004,102.288177
2012-06-12,132.919998,103.463554
2012-06-13,132.070007,102.801926
2012-06-14,133.470001,103.891663
2012-06-15,134.139999,104.954178
2012-06-18,134.399994,105.157623
2012-06-19,135.699997,106.174774
2012-06-20,135.479996,106.002640
2012-06-21,132.440002,103.624084
2012-06-22,133.460007,104.422142
2012-06-25,131.320007,102.747765
2012-06-26,131.979996,103.264137
2012-06-27,133.169998,104.195236
2012-06-28,132.789993,103.897903
2012-06-29,136.100006,106.487762
2012-07-02,136.509995,106.808495
2012-07-03,137.410004,107.512733
2012-07-05,136.789993,107.027588
2012-07-06,135.490005,106.010468
2012-07-09,135.320007,105.877457
2012-07-10,134.139999,104.954178
2012-07-11,134.160004,104.969841
2012-07-12,133.509995,104.461288
2012-07-13,135.750000,106.213921
2012-07-16,135.429993,105.963509
2012-07-17,136.360001,106.691109
2012-07-18,137.369995,107.481400
2012-07-19,137.729996,107.763115
2012-07-20,136.470001,106.777222
2012-07-23,135.089996,105.697472
2012-07-24,133.929993,104.789871
2012-07-25,133.960007,104.813362
2012-07-26,136.169998,106.542488
2012-07-27,138.679993,108.506393
2012-07-30,138.679993,108.506393
2012-07-31,137.710007,107.747444
2012-08-01,137.589996,107.653534
2012-08-02,136.639999,106.910248
2012-08-03,139.350006,109.030632
2012-08-06,139.619995,109.241844
2012-08-07,140.320007,109.789589
2012-08-08,140.490005,109.922607
2012-08-09,140.610001,110.016434
2012-08-10,140.839996,110.196426
2012-08-13,140.770004,110.141670
2012-08-14,140.789993,110.157303
2012-08-15,140.949997,110.282516
2012-08-16,141.990005,111.096214
2012-08-17,142.179993,111.244865
2012-08-20,142.190002,111.252724
2012-08-21,141.759995,110.916222
2012-08-22,141.820007,110.963173
2012-08-23,140.660004,110.055611
2012-08-24,141.509995,110.720642
2012-08-27,141.539993,110.744102
2012-08-28,141.399994,110.634583
2012-08-29,141.509995,110.720642
2012-08-30,140.490005,109.922607
2012-08-31,141.160004,110.446815
2012-09-04,141.029999,110.345078
2012-09-05,140.910004,110.251228
2012-09-06,143.770004,112.488907
2012-09-07,144.330002,112.927063
2012-09-10,143.509995,112.285469
2012-09-11,143.910004,112.598473
2012-09-12,144.389999,112.974022
2012-09-13,146.589996,114.695374
2012-09-14,147.240005,115.203949
2012-09-17,146.740005,114.812729
2012-09-18,146.619995,114.718849
2012-09-19,146.699997,114.781433
2012-09-20,146.710007,114.789200
2012-09-21,145.869995,114.741241
2012-09-24,145.649994,114.568214
2012-09-25,144.100006,113.348991
2012-09-26,143.289993,112.711815
2012-09-27,144.639999,113.773735
2012-09-28,143.970001,113.246727
2012-10-01,144.350006,113.545616
2012-10-02,144.500000,113.663651
2012-10-03,145.089996,114.127693
2012-10-04,146.130005,114.945801
2012-10-05,146.139999,114.953682
2012-10-08,145.639999,114.560349
2012-10-09,144.199997,113.427643
2012-10-10,143.279999,112.704002
2012-10-11,143.360001,112.766884
2012-10-12,142.889999,112.397179
2012-10-15,144.080002,113.333282
2012-10-16,145.539993,114.481674
2012-10-17,146.199997,115.000870
2012-10-18,145.820007,114.701950
2012-10-19,143.389999,112.790489
2012-10-22,143.410004,112.806244
2012-10-23,141.419998,111.240891
2012-10-24,141.020004,110.926231
2012-10-25,141.429993,111.248787
2012-10-26,141.350006,111.185837
2012-10-31,141.350006,111.185837
2012-11-01,142.830002,112.349968
2012-11-02,141.559998,111.351051
2012-11-05,141.850006,111.579155
2012-11-06,142.960007,112.452286
2012-11-07,139.720001,109.903671
2012-11-08,138.039993,108.582184
2012-11-09,138.160004,108.676582
2012-11-12,138.270004,108.763100
2012-11-13,137.789993,108.385506
2012-11-14,135.929993,106.922455
2012-11-15,135.699997,106.741539
2012-11-16,136.369995,107.268555
2012-11-19,139.130005,109.439560
2012-11-20,139.190002,109.486794
2012-11-21,139.449997,109.691269
2012-11-23,141.350006,111.185837
2012-11-26,141.050003,110.949860
2012-11-27,140.330002,110.383514
2012-11-28,141.460007,111.272369
2012-11-29,142.119995,111.791519
2012-11-30,142.149994,111.815155
2012-12-03,141.449997,111.264481
2012-12-04,141.250000,111.107162
2012-12-05,141.500000,111.303856
2012-12-06,141.979996,111.681404
2012-12-07,142.410004,112.019600
2012-12-10,142.470001,112.066818
2012-12-11,143.440002,112.829826
2012-12-12,143.509995,112.884872
2012-12-13,142.630005,112.192680
2012-12-14,142.100006,111.775803
2012-12-17,143.770004,113.089378
2012-12-18,145.369995,114.347969
2012-12-19,144.289993,113.498451
2012-12-20,145.119995,114.151321
2012-12-21,142.789993,113.115143
2012-12-24,142.350006,112.766609
2012-12-26,141.750000,112.291290
2012-12-27,141.559998,112.140785
2012-12-28,140.029999,110.928757
2012-12-31,142.410004,112.814133
2013-01-02,146.059998,115.705566
2013-01-03,145.729996,115.444153
2013-01-04,146.369995,115.951126
2013-01-07,145.970001,115.634254
2013-01-08,145.550003,115.301575
2013-01-09,145.919998,115.594711
2013-01-10,147.080002,116.513580
2013-01-11,147.070007,116.505676
2013-01-14,146.970001,116.426483
2013-01-15,147.070007,116.505676
2013-01-16,147.050003,116.489807
2013-01-17,148.000000,117.242401
2013-01-18,148.330002,117.503838
2013-01-22,149.130005,118.137543
2013-01-23,149.369995,118.327644
2013-01-24,149.410004,118.359390
2013-01-25,150.250000,119.024811
2013-01-28,150.070007,118.882225
2013-01-29,150.660004,119.349586
2013-01-30,150.070007,118.882225
2013-01-31,149.699997,118.589119
2013-02-01,151.240005,119.809067
2013-02-04,149.539993,118.462349
2013-02-05,151.050003,119.658585
2013-02-06,151.160004,119.745705
2013-02-07,150.960007,119.587273
2013-02-08,151.800003,120.252701
2013-02-11,151.770004,120.228935
2013-02-12,152.020004,120.426926
2013-02-13,152.149994,120.529907
2013-02-14,152.289993,120.640862
2013-02-15,152.110001,120.498238
2013-02-19,153.250000,121.401337
2013-02-20,151.339996,119.888329
2013-02-21,150.419998,119.159470
2013-02-22,151.889999,120.323967
2013-02-25,149.000000,118.034615
2013-02-26,150.020004,118.842598
2013-02-27,151.910004,120.339821
2013-02-28,151.610001,120.102173
2013-03-01,152.110001,120.498238
2013-03-04,152.919998,121.139900
2013-03-05,154.289993,122.225204
2013-03-06,154.500000,122.391571
2013-03-07,154.779999,122.613403
2013-03-08,155.440002,123.136223
2013-03-11,156.029999,123.603584
2013-03-12,155.679993,123.326355
2013-03-13,155.899994,123.500587
2013-03-14,156.729996,124.158127
2013-03-15,155.830002,123.994179
2013-03-18,154.970001,123.309944
2013-03-19,154.610001,123.023460
2013-03-20,155.690002,123.882797
2013-03-21,154.360001,122.824524
2013-03-22,155.600006,123.811218
2013-03-25,154.949997,123.293983
2013-03-26,156.190002,124.280647
2013-03-27,156.190002,124.280647
2013-03-28,156.669998,124.662552
2013-04-01,156.050003,124.169250
2013-04-02,156.820007,124.781929
2013-04-03,155.229996,123.516769
2013-04-04,155.860001,124.018059
2013-04-05,155.160004,123.461067
2013-04-08,156.210007,124.296570
2013-04-09,156.750000,124.726265
2013-04-10,158.669998,126.254036
2013-04-11,159.190002,126.667763
2013-04-12,158.800003,126.357445
2013-04-15,155.119995,123.429237
2013-04-16,157.410004,125.251411
2013-04-17,155.110001,123.421310
2013-04-18,154.139999,122.649513
2013-04-19,155.479996,123.715736
2013-04-22,156.169998,124.264694
2013-04-23,157.779999,125.545815
2013-04-24,157.880005,125.625404
2013-04-25,158.520004,126.134674
2013-04-26,158.240005,125.911842
2013-04-29,159.300003,126.755302
2013-04-30,159.679993,127.057610
2013-05-01,158.279999,125.943665
2013-05-02,159.750000,127.113358
2013-05-03,161.369995,128.402374
2013-05-06,161.779999,128.728668
2013-05-07,162.600006,129.381104
2013-05-08,163.339996,129.969925
2013-05-09,162.880005,129.603897
2013-05-10,163.410004,130.025589
2013-05-13,163.539993,130.128983
2013-05-14,165.229996,131.473770
2013-05-15,166.119995,132.181915
2013-05-16,165.339996,131.561340
2013-05-17,166.940002,132.834442
2013-05-20,166.929993,132.826462
2013-05-21,167.169998,133.017441
2013-05-22,165.929993,132.030777
2013-05-23,165.449997,131.648880
2013-05-24,165.309998,131.537460
2013-05-28,166.300003,132.325241
2013-05-29,165.220001,131.465759
2013-05-30,165.830002,131.951202
2013-05-31,163.449997,130.057449
2013-06-03,164.350006,130.773560
2013-06-04,163.559998,130.144989
2013-06-05,161.270004,128.322830
2013-06-06,162.729996,129.484497
2013-06-07,164.800003,131.131653
2013-06-10,164.800003,131.131653
2013-06-11,163.100006,129.779007
2013-06-12,161.750000,128.704697
2013-06-13,164.210007,130.662231
2013-06-14,163.179993,129.842545
2013-06-17,164.440002,130.845169
2013-06-18,165.740005,131.879593
2013-06-19,163.449997,130.057449
2013-06-20,159.399994,126.834869
2013-06-21,159.070007,127.242058
2013-06-24,157.059998,125.634163
2013-06-25,158.570007,126.842072
2013-06-26,160.139999,128.097931
2013-06-27,161.080002,128.849792
2013-06-28,160.419998,128.321854
2013-07-01,161.360001,129.073822
2013-07-02,161.210007,128.953796
2013-07-03,161.279999,129.009872
2013-07-05,163.020004,130.401657
2013-07-08,163.949997,131.145584
2013-07-09,165.130005,132.089478
2013-07-10,165.190002,132.137482
2013-07-11,167.440002,133.937302
2013-07-12,167.509995,133.993256
2013-07-15,168.149994,134.505203
2013-07-16,167.520004,134.001282
2013-07-17,167.949997,134.345184
2013-07-18,168.869995,135.081131
2013-07-19,169.169998,135.321106
2013-07-22,169.500000,135.585114
2013-07-23,169.139999,135.297089
2013-07-24,168.520004,134.801147
2013-07-25,168.929993,135.129166
2013-07-26,169.110001,135.273148
2013-07-29,168.589996,134.857162
2013-07-30,168.589996,134.857162
2013-07-31,168.710007,134.953156
2013-08-01,170.660004,136.513000
2013-08-02,170.949997,136.744949
2013-08-05,170.699997,136.545029
2013-08-06,169.729996,135.769058
2013-08-07,169.179993,135.329117
2013-08-08,169.800003,135.825089
2013-08-09,169.309998,135.433167
2013-08-12,169.110001,135.273148
2013-08-13,169.610001,135.673096
2013-08-14,168.740005,134.977127
2013-08-15,166.380005,133.089371
2013-08-16,165.830002,132.649384
2013-08-19,164.770004,131.801498
2013-08-20,165.580002,132.449432
2013-08-21,164.559998,131.633469
2013-08-22,166.059998,132.833420
2013-08-23,166.619995,133.281326
2013-08-26,166.000000,132.785477
2013-08-27,163.330002,130.649673
2013-08-28,163.910004,131.113586
2013-08-29,164.169998,131.321533
2013-08-30,163.649994,130.905624
2013-09-03,164.389999,131.497559
2013-09-04,165.750000,132.585434
2013-09-05,165.960007,132.753448
2013-09-06,166.039993,132.817398
2013-09-09,167.630005,134.089279
2013-09-10,168.869995,135.081131
2013-09-11,169.399994,135.505096
2013-09-12,168.949997,135.145126
2013-09-13,169.330002,135.449112
2013-09-16,170.309998,136.233002
2013-09-17,171.070007,136.840973
2013-09-18,173.050003,138.424789
2013-09-19,172.759995,138.192841
2013-09-20,170.720001,137.226624
2013-09-23,169.929993,136.591644
2013-09-24,169.529999,136.270096
2013-09-25,169.039993,135.876205
2013-09-26,169.690002,136.398697
2013-09-27,168.910004,135.771698
2013-09-30,168.009995,135.048325
2013-10-01,169.339996,136.117416
2013-10-02,169.179993,135.988770
2013-10-03,167.619995,134.734802
2013-10-04,168.889999,135.755676
2013-10-07,167.429993,134.582077
2013-10-08,165.479996,133.014679
2013-10-09,165.600006,133.111099
2013-10-10,169.169998,135.980713
2013-10-11,170.259995,136.856842
2013-10-14,170.940002,137.403488
2013-10-15,169.699997,136.406784
2013-10-16,172.070007,138.311752
2013-10-17,173.220001,139.236191
2013-10-18,174.389999,140.176651
2013-10-21,174.399994,140.184647
2013-10-22,175.410004,140.996490
2013-10-23,174.570007,140.321320
2013-10-24,175.149994,140.787491
2013-10-25,175.949997,141.430573
2013-10-28,176.229996,141.655670
2013-10-29,177.169998,142.411194
2013-10-30,176.289993,141.703857
2013-10-31,175.789993,141.301941
2013-11-01,176.210007,141.639557
2013-11-04,176.830002,142.137894
2013-11-05,176.270004,141.687744
2013-11-06,177.169998,142.411194
2013-11-07,174.929993,140.610687
2013-11-08,177.289993,142.507645
2013-11-11,177.320007,142.531754
2013-11-12,176.960007,142.242416
2013-11-13,178.380005,143.383789
2013-11-14,179.270004,144.099152
2013-11-15,180.050003,144.726166
2013-11-18,179.419998,144.219788
2013-11-19,179.029999,143.906265
2013-11-20,178.470001,143.456192
2013-11-21,179.910004,144.613724
2013-11-22,180.809998,145.337051
2013-11-25,180.630005,145.192383
2013-11-26,180.679993,145.232590
2013-11-27,181.119995,145.586273
2013-11-29,181.000000,145.489807
2013-12-02,180.529999,145.112000
2013-12-03,179.750000,144.485062
2013-12-04,179.729996,144.468918
2013-12-05,178.940002,143.833969
2013-12-06,180.940002,145.441620
2013-12-09,181.399994,145.811340
2013-12-10,180.750000,145.288895
2013-12-11,178.720001,143.657135
2013-12-12,178.130005,143.182922
2013-12-13,178.110001,143.166794
2013-12-16,179.220001,144.059021
2013-12-17,178.649994,143.600815
2013-12-18,181.699997,146.052490
2013-12-19,181.490005,145.883636
2013-12-20,181.559998,146.732254
2013-12-23,182.529999,147.516205
2013-12-24,182.929993,147.839417
2013-12-26,183.860001,148.591110
2013-12-27,183.850006,148.582962
2013-12-30,183.820007,148.558762
2013-12-31,184.690002,149.261841
2014-01-02,182.919998,147.831390
2014-01-03,182.889999,147.807144
2014-01-06,182.360001,147.378769
2014-01-07,183.479996,148.283951
2014-01-08,183.520004,148.316284
2014-01-09,183.639999,148.413239
2014-01-10,184.139999,148.817322
2014-01-13,181.690002,146.837326
2014-01-14,183.669998,148.437500
2014-01-15,184.660004,149.237640
2014-01-16,184.419998,149.043625
2014-01-17,183.639999,148.413239
2014-01-21,184.179993,148.849655
2014-01-22,184.300003,148.946701
2014-01-23,182.789993,147.726303
2014-01-24,178.889999,144.574448
2014-01-27,178.009995,143.863266
2014-01-28,179.070007,144.719894
2014-01-29,177.350006,143.329803
2014-01-30,179.229996,144.849182
2014-01-31,178.179993,144.000595
2014-02-03,174.169998,140.759903
2014-02-04,175.389999,141.745819
2014-02-05,175.169998,141.568039
2014-02-06,177.479996,143.434921
2014-02-07,179.679993,145.212875
2014-02-10,180.009995,145.479568
2014-02-11,181.979996,147.071701
2014-02-12,182.070007,147.144409
2014-02-13,183.009995,147.904099
2014-02-14,184.020004,148.720322
2014-02-18,184.240005,148.898193
2014-02-19,183.020004,147.912216
2014-02-20,184.100006,148.785019
2014-02-21,183.889999,148.615295
2014-02-24,184.910004,149.439621
2014-02-25,184.839996,149.383102
2014-02-26,184.850006,149.391174
2014-02-27,185.820007,150.175156
2014-02-28,186.289993,150.554932
2014-03-03,184.979996,149.496185
2014-03-04,187.580002,151.597488
2014-03-05,187.750000,151.734848
2014-03-06,188.179993,152.082443
2014-03-07,188.259995,152.147049
2014-03-10,188.160004,152.066208
2014-03-11,187.229996,151.314606
2014-03-12,187.279999,151.354980
2014-03-13,185.179993,149.657883
2014-03-14,184.660004,149.237640
2014-03-17,186.330002,150.587265
2014-03-18,187.660004,151.662109
2014-03-19,186.660004,150.853989
2014-03-20,187.750000,151.734848
2014-03-21,186.199997,151.146347
2014-03-24,185.429993,150.521317
2014-03-25,186.309998,151.235626
2014-03-26,184.970001,150.147903
2014-03-27,184.580002,149.831345
2014-03-28,185.490005,150.570023
2014-03-31,187.009995,151.803848
2014-04-01,188.250000,152.810440
2014-04-02,188.880005,153.321823
2014-04-03,188.630005,153.118851
2014-04-04,186.399994,151.308655
2014-04-07,184.339996,149.636520
2014-04-08,185.100006,150.253448
2014-04-09,187.089996,151.868820
2014-04-10,183.160004,148.678650
2014-04-11,181.509995,147.339264
2014-04-14,182.940002,148.500031
2014-04-15,184.199997,149.522827
2014-04-16,186.130005,151.089523
2014-04-17,186.389999,151.300568
2014-04-21,187.039993,151.828232
2014-04-22,187.889999,152.518204
2014-04-23,187.449997,152.160980
2014-04-24,187.830002,152.469482
2014-04-25,186.289993,151.219406
2014-04-28,186.880005,151.698318
2014-04-29,187.750000,152.404541
2014-04-30,188.309998,152.859146
2014-05-01,188.330002,152.875381
2014-05-02,188.059998,152.656204
2014-05-05,188.419998,152.948395
2014-05-06,186.779999,151.617188
2014-05-07,187.880005,152.510040
2014-05-08,187.679993,152.347687
2014-05-09,187.960007,152.575012
2014-05-12,189.789993,154.060486
2014-05-13,189.960007,154.198486
2014-05-14,189.059998,153.467926
2014-05-15,187.399994,152.120422
2014-05-16,188.050003,152.648056
2014-05-19,188.740005,153.208160
2014-05-20,187.550003,152.242203
2014-05-21,189.130005,153.524796
2014-05-22,189.589996,153.898193
2014-05-23,190.350006,154.515030
2014-05-27,191.520004,155.464828
2014-05-28,191.380005,155.351196
2014-05-29,192.369995,156.154816
2014-05-30,192.679993,156.406448
2014-06-02,192.899994,156.585022
2014-06-03,192.800003,156.503830
2014-06-04,193.190002,156.820435
2014-06-05,194.449997,157.843216
2014-06-06,195.380005,158.598145
2014-06-09,195.580002,158.760452
2014-06-10,195.600006,158.776688
2014-06-11,194.919998,158.224701
2014-06-12,193.539993,157.104568
2014-06-13,194.130005,157.583450
2014-06-16,194.289993,157.713348
2014-06-17,194.830002,158.151672
2014-06-18,196.259995,159.312439
2014-06-19,196.479996,159.491028
2014-06-20,195.940002,159.814896
2014-06-23,195.880005,159.765915
2014-06-24,194.699997,158.803482
2014-06-25,195.580002,159.521271
2014-06-26,195.440002,159.407043
2014-06-27,195.820007,159.716995
2014-06-30,195.720001,159.635406
2014-07-01,197.029999,160.703873
2014-07-02,197.229996,160.867020
2014-07-03,198.199997,161.658173
2014-07-07,197.509995,161.095383
2014-07-08,196.240005,160.059525
2014-07-09,197.119995,160.777283
2014-07-10,196.339996,160.141174
2014-07-11,196.610001,160.361328
2014-07-14,197.600006,161.168823
2014-07-15,197.229996,160.867020
2014-07-16,197.960007,161.462463
2014-07-17,195.710007,159.627228
2014-07-18,197.710007,161.258514
2014-07-21,197.339996,160.956741
2014-07-22,198.199997,161.658173
2014-07-23,198.639999,162.017044
2014-07-24,198.649994,162.025208
2014-07-25,197.720001,161.266678
2014-07-28,197.800003,161.331909
2014-07-29,196.949997,160.638626
2014-07-30,196.979996,160.663101
2014-07-31,193.089996,157.490295
2014-08-01,192.500000,157.009048
2014-08-04,193.889999,158.142807
2014-08-05,192.009995,156.609375
2014-08-06,192.070007,156.658340
2014-08-07,191.029999,155.810120
2014-08-08,193.240005,157.612656
2014-08-11,193.800003,158.069397
2014-08-12,193.529999,157.849228
2014-08-13,194.839996,158.917679
2014-08-14,195.759995,159.668045
2014-08-15,195.720001,159.635406
2014-08-18,197.360001,160.973053
2014-08-19,198.389999,161.813080
2014-08-20,198.919998,162.245483
2014-08-21,199.500000,162.718475
2014-08-22,199.190002,162.465668
2014-08-25,200.199997,163.289444
2014-08-26,200.330002,163.395477
2014-08-27,200.250000,163.330246
2014-08-28,200.139999,163.240479
2014-08-29,200.710007,163.705399
2014-09-02,200.610001,163.623901
2014-09-03,200.500000,163.534149
2014-09-04,200.210007,163.297577
2014-09-05,201.110001,164.031708
2014-09-08,200.589996,163.607544
2014-09-09,199.320007,162.571762
2014-09-10,200.070007,163.183456
2014-09-11,200.300003,163.371017
2014-09-12,199.130005,162.416809
2014-09-15,198.979996,162.294388
2014-09-16,200.479996,163.517792
2014-09-17,200.750000,163.738052
2014-09-18,201.820007,164.610748
2014-09-19,200.699997,164.462463
2014-09-22,199.149994,163.192245
2014-09-23,198.009995,162.258163
2014-09-24,199.559998,163.528290
2014-09-25,196.339996,160.889679
2014-09-26,197.899994,162.167984
2014-09-29,197.539993,161.873016
2014-09-30,197.020004,161.446945
2014-10-01,194.350006,159.258987
2014-10-02,194.380005,159.283554
2014-10-03,196.520004,161.037155
2014-10-06,196.289993,160.848724
2014-10-07,193.259995,158.365768
2014-10-08,196.639999,161.135483
2014-10-09,192.740005,157.939667
2014-10-10,190.539993,156.136902
2014-10-13,187.410004,153.572037
2014-10-14,187.699997,153.809708
2014-10-15,186.429993,152.768997
2014-10-16,186.270004,152.637909
2014-10-17,188.470001,154.440689
2014-10-20,190.300003,155.940247
2014-10-21,194.070007,159.029526
2014-10-22,192.690002,157.898743
2014-10-23,194.929993,159.734268
2014-10-24,196.429993,160.963455
2014-10-27,196.160004,160.742157
2014-10-28,198.410004,162.585968
2014-10-29,198.110001,162.340118
2014-10-30,199.380005,163.380814
2014-10-31,201.660004,165.249161
2014-11-03,201.770004,165.339218
2014-11-04,201.070007,164.765671
2014-11-05,202.339996,165.806320
2014-11-06,203.149994,166.470123
2014-11-07,203.339996,166.625778
2014-11-10,203.979996,167.150238
2014-11-11,204.179993,167.314102
2014-11-12,203.960007,167.133850
2014-11-13,204.190002,167.322311
2014-11-14,204.240005,167.363266
2014-11-17,204.369995,167.469818
2014-11-18,205.550003,168.436737
2014-11-19,205.220001,168.166306
2014-11-20,205.580002,168.461288
2014-11-21,206.679993,169.362762
2014-11-24,207.259995,169.838043
2014-11-25,207.110001,169.715073
2014-11-26,207.639999,170.149445
2014-11-28,207.199997,169.788818
2014-12-01,205.759995,168.608826
2014-12-02,207.089996,169.698715
2014-12-03,207.889999,170.354248
2014-12-04,207.660004,170.165817
2014-12-05,208.000000,170.444427
2014-12-08,206.610001,169.305374
2014-12-09,206.470001,169.190613
2014-12-10,203.160004,166.478287
2014-12-11,204.190002,167.322311
2014-12-12,200.889999,164.618149
2014-12-15,199.509995,163.487320
2014-12-16,197.910004,162.176178
2014-12-17,201.789993,165.355667
2014-12-18,206.779999,169.444687
2014-12-19,206.520004,170.165634
2014-12-22,207.470001,170.948380
2014-12-23,207.750000,171.179138
2014-12-24,207.770004,171.195618
2014-12-26,208.440002,171.747650
2014-12-29,208.720001,171.978409
2014-12-30,207.600006,171.055481
2014-12-31,205.539993,169.358170
2015-01-02,205.429993,169.267548
2015-01-05,201.720001,166.210617
2015-01-06,199.820007,164.645065
2015-01-07,202.309998,166.696762
2015-01-08,205.899994,169.654785
2015-01-09,204.250000,168.295227
2015-01-12,202.649994,166.976898
2015-01-13,202.080002,166.507248
2015-01-14,200.860001,165.502014
2015-01-15,199.020004,163.985916
2015-01-16,201.630005,166.136444
2015-01-20,202.059998,166.490707
2015-01-21,203.080002,167.331238
2015-01-22,206.100006,169.819641
2015-01-23,204.970001,168.888550
2015-01-26,205.449997,169.283966
2015-01-27,202.740005,167.051071
2015-01-28,200.139999,164.908722
2015-01-29,201.990005,166.433090
2015-01-30,199.449997,164.340179
2015-02-02,201.919998,166.375366
2015-02-03,204.839996,168.781418
2015-02-04,204.059998,168.138626
2015-02-05,206.119995,169.836075
2015-02-06,205.550003,169.366379
2015-02-09,204.630005,168.608322
2015-02-10,206.809998,170.404587
2015-02-11,206.929993,170.503464
2015-02-12,208.919998,172.143143
2015-02-13,209.779999,172.851776
2015-02-17,210.110001,173.123688
2015-02-18,210.130005,173.140182
2015-02-19,209.979996,173.016571
2015-02-20,211.240005,174.054764
2015-02-23,211.210007,174.030075
2015-02-24,211.809998,174.524445
2015-02-25,211.630005,174.376175
2015-02-26,211.380005,174.170105
2015-02-27,210.660004,173.576874
2015-03-02,211.990005,174.672806
2015-03-03,211.119995,173.955872
2015-03-04,210.229996,173.222565
2015-03-05,210.460007,173.412109
2015-03-06,207.500000,170.973145
2015-03-09,208.360001,171.681778
2015-03-10,204.979996,168.896713
2015-03-11,204.500000,168.501221
2015-03-12,207.100006,170.643555
2015-03-13,205.830002,169.597122
2015-03-16,208.580002,171.863052
2015-03-17,207.960007,171.352127
2015-03-18,210.460007,173.412109
2015-03-19,209.500000,172.621048
2015-03-20,210.410004,174.144791
2015-03-23,210.000000,173.805420
2015-03-24,208.820007,172.828766
2015-03-25,205.759995,170.296204
2015-03-26,205.270004,169.890671
2015-03-27,205.740005,170.279633
2015-03-30,208.250000,172.357071
2015-03-31,206.429993,170.850754
2015-04-01,205.699997,170.246552
2015-04-02,206.440002,170.859009
2015-04-06,207.830002,172.009445
2015-04-07,207.279999,171.554230
2015-04-08,207.979996,172.133575
2015-04-09,208.899994,172.894974
2015-04-10,210.039993,173.838547
2015-04-13,209.089996,173.052307
2015-04-14,209.490005,173.383331
2015-04-15,210.429993,174.161346
2015-04-16,210.369995,174.111664
2015-04-17,207.949997,172.108795
2015-04-20,209.850006,173.681305
2015-04-21,209.600006,173.474335
2015-04-22,210.630005,174.326828
2015-04-23,211.160004,174.765518
2015-04-24,211.649994,175.171051
2015-04-27,210.770004,174.442719
2015-04-28,211.440002,174.997238
2015-04-29,210.570007,174.277237
2015-04-30,208.460007,172.530884
2015-05-01,210.720001,174.401337
2015-05-04,211.320007,174.897919
2015-05-05,208.899994,172.894974
2015-05-06,208.039993,172.183243
2015-05-07,208.869995,172.870255
2015-05-08,211.619995,175.146210
2015-05-11,210.610001,174.310318
2015-05-12,209.979996,173.788956
2015-05-13,210.020004,173.821991
2015-05-14,212.210007,175.634537
2015-05-15,212.440002,175.824875
2015-05-18,213.100006,176.371124
2015-05-19,213.029999,176.313248
2015-05-20,212.880005,176.189087
2015-05-21,213.500000,176.702194
2015-05-22,212.990005,176.280090
2015-05-26,210.699997,174.384750
2015-05-27,212.699997,176.040054
2015-05-28,212.460007,175.841431
2015-05-29,211.139999,174.748962
2015-06-01,211.570007,175.104782
2015-06-02,211.360001,174.931061
2015-06-03,211.919998,175.394531
2015-06-04,210.130005,173.913101
2015-06-05,209.770004,173.615082
2015-06-08,208.479996,172.547409
2015-06-09,208.449997,172.522583
2015-06-10,210.949997,174.591690
2015-06-11,211.630005,175.154526
2015-06-12,210.009995,173.813675
2015-06-15,209.110001,173.068771
2015-06-16,210.250000,174.012329
2015-06-17,210.589996,174.293762
2015-06-18,212.779999,176.106293
2015-06-19,210.809998,175.324539
2015-06-22,211.889999,176.222748
2015-06-23,212.039993,176.347504
2015-06-24,210.500000,175.066650
2015-06-25,209.860001,174.534424
2015-06-26,209.820007,174.501083
2015-06-29,205.419998,170.841827
2015-06-30,205.850006,171.199432
2015-07-01,207.500000,172.571716
2015-07-02,207.309998,172.413666
2015-07-06,206.720001,171.923004
2015-07-07,208.020004,173.004211
2015-07-08,204.529999,170.101654
2015-07-09,204.899994,170.409363
2015-07-10,207.479996,172.555008
2015-07-13,209.770004,174.459564
2015-07-14,210.679993,175.216415
2015-07-15,210.610001,175.158188
2015-07-16,212.300003,176.563705
2015-07-17,212.479996,176.713440
2015-07-20,212.589996,176.804855
2015-07-21,211.750000,176.106293
2015-07-22,211.369995,175.790222
2015-07-23,210.179993,174.800507
2015-07-24,208.000000,172.987518
2015-07-27,206.789993,171.981232
2015-07-28,209.330002,174.093658
2015-07-29,210.770004,175.291229
2015-07-30,210.820007,175.332825
2015-07-31,210.500000,175.066650
2015-08-03,209.789993,174.476196
2015-08-04,209.380005,174.135254
2015-08-05,210.070007,174.709106
2015-08-06,208.350006,173.278610
2015-08-07,207.949997,172.945953
2015-08-10,210.570007,175.124954
2015-08-11,208.669998,173.544724
2015-08-12,208.919998,173.752640
2015-08-13,208.660004,173.536377
2015-08-14,209.419998,174.168533
2015-08-17,210.589996,175.141556
2015-08-18,209.979996,174.634277
2015-08-19,208.320007,173.253677
2015-08-20,203.970001,169.635925
2015-08-21,197.830002,164.529404
2015-08-24,189.500000,157.601624
2015-08-25,187.270004,155.746979
2015-08-26,194.460007,161.726715
2015-08-27,199.270004,165.727066
2015-08-28,199.279999,165.735352
2015-08-31,197.669998,164.396362
2015-09-01,191.770004,159.489548
2015-09-02,195.410004,162.516769
2015-09-03,195.550003,162.633240
2015-09-04,192.589996,160.171494
2015-09-08,197.429993,164.196732
2015-09-09,194.789993,162.001175
2015-09-10,195.850006,162.882690
2015-09-11,196.740005,163.622894
2015-09-14,196.009995,163.015778
2015-09-15,198.460007,165.053391
2015-09-16,200.179993,166.483841
2015-09-17,199.729996,166.109573
2015-09-18,195.449997,163.395111
2015-09-21,196.460007,164.239471
2015-09-22,193.910004,162.107727
2015-09-23,193.600006,161.848495
2015-09-24,192.899994,161.263275
2015-09-25,192.850006,161.221512
2015-09-28,188.009995,157.175323
2015-09-29,188.119995,157.267319
2015-09-30,191.630005,160.201599
2015-10-01,192.130005,160.619659
2015-10-02,195.000000,163.018921
2015-10-05,198.470001,165.919815
2015-10-06,197.789993,165.351349
2015-10-07,199.410004,166.705658
2015-10-08,201.210007,168.210449
2015-10-09,201.330002,168.310822
2015-10-12,201.520004,168.469650
2015-10-13,200.250000,167.407898
2015-10-14,199.289993,166.605331
2015-10-15,202.350006,169.163483
2015-10-16,203.270004,169.932602
2015-10-19,203.369995,170.016220
2015-10-20,203.110001,169.798859
2015-10-21,201.850006,168.745529
2015-10-22,205.259995,171.596237
2015-10-23,207.509995,173.477203
2015-10-26,207.000000,173.050827
2015-10-27,206.600006,172.716476
2015-10-28,208.949997,174.681046
2015-10-29,208.830002,174.580719
2015-10-30,207.929993,173.828278
2015-11-02,210.389999,175.884857
2015-11-03,211.000000,176.394791
2015-11-04,210.360001,175.859787
2015-11-05,210.149994,175.684235
2015-11-06,210.039993,175.592300
2015-11-09,208.080002,173.953735
2015-11-10,208.559998,174.355042
2015-11-11,207.740005,173.669510
2015-11-12,204.839996,171.245087
2015-11-13,202.539993,169.322311
2015-11-16,205.619995,171.897186
2015-11-17,205.470001,171.771774
2015-11-18,208.729996,174.497131
2015-11-19,208.550003,174.346664
2015-11-20,209.309998,174.982025
2015-11-23,209.070007,174.781326
2015-11-24,209.350006,175.015442
2015-11-25,209.320007,174.990356
2015-11-27,209.559998,175.191010
2015-11-30,208.690002,174.463638
2015-12-01,210.679993,176.127350
2015-12-02,208.529999,174.329956
2015-12-03,205.610001,171.888870
2015-12-04,209.619995,175.241150
2015-12-07,208.350006,174.179459
2015-12-08,206.949997,173.009048
2015-12-09,205.339996,171.663116
2015-12-10,205.869995,172.106201
2015-12-11,201.880005,168.770569
2015-12-14,202.899994,169.623306
2015-12-15,205.029999,171.403976
2015-12-16,208.029999,173.911926
2015-12-17,204.860001,171.261856
2015-12-18,200.020004,168.210831
2015-12-21,201.669998,169.598358
2015-12-22,203.500000,171.137375
2015-12-23,206.020004,173.256577
2015-12-24,205.679993,172.970673
2015-12-28,205.210007,172.575394
2015-12-29,207.399994,174.417145
2015-12-30,205.929993,173.180923
2015-12-31,203.869995,171.448563
2016-01-04,201.020004,169.051743
2016-01-05,201.360001,169.337692
2016-01-06,198.820007,167.201614
2016-01-07,194.050003,163.190201
2016-01-08,191.919998,161.398941
2016-01-11,192.110001,161.558746
2016-01-12,193.660004,162.862213
2016-01-13,188.830002,158.800339
2016-01-14,191.929993,161.407394
2016-01-15,187.809998,157.942551
2016-01-19,188.059998,158.152817
2016-01-20,185.649994,156.126038
2016-01-21,186.690002,157.000702
2016-01-22,190.520004,160.221558
2016-01-25,187.639999,157.799561
2016-01-26,190.199997,159.952484
2016-01-27,188.130005,158.211700
2016-01-28,189.110001,159.035843
2016-01-29,193.720001,162.912689
2016-02-01,193.649994,162.853836
2016-02-02,190.160004,159.918793
2016-02-03,191.300003,160.877579
2016-02-04,191.600006,161.129868
2016-02-05,187.949997,158.060287
2016-02-08,185.419998,155.932632
2016-02-09,185.429993,155.941055
2016-02-10,185.270004,155.806488
2016-02-11,182.860001,153.779724
2016-02-12,186.630005,156.950211
2016-02-16,189.779999,159.599243
2016-02-17,192.880005,162.206284
2016-02-18,192.089996,161.541885
2016-02-19,192.000000,161.466187
2016-02-22,194.779999,163.804138
2016-02-23,192.320007,161.735336
2016-02-24,193.199997,162.475388
2016-02-25,195.539993,164.443253
2016-02-26,195.089996,164.064850
2016-02-29,193.559998,162.778091
2016-03-01,198.110001,166.604568
2016-03-02,199.000000,167.352997
2016-03-03,199.779999,168.008926
2016-03-04,200.429993,168.555634
2016-03-07,200.589996,168.690109
2016-03-08,198.399994,166.848373
2016-03-09,199.380005,167.672577
2016-03-10,199.539993,167.807144
2016-03-11,202.759995,170.515030
2016-03-14,202.500000,170.296371
2016-03-15,202.169998,170.018921
2016-03-16,203.339996,171.002808
2016-03-17,204.630005,172.087692
2016-03-18,204.380005,172.763901
2016-03-21,204.669998,173.009048
2016-03-22,204.559998,172.916092
2016-03-23,203.210007,171.774841
2016-03-24,203.119995,171.698853
2016-03-28,203.240005,171.800293
2016-03-29,205.119995,173.389359
2016-03-30,206.020004,174.150192
2016-03-31,205.520004,173.727600
2016-04-01,206.919998,174.911011
2016-04-04,206.250000,174.344589
2016-04-05,204.190002,172.603256
2016-04-06,206.419998,174.488297
2016-04-07,203.949997,172.400421
2016-04-08,204.500000,172.865341
2016-04-11,204.020004,172.459641
2016-04-12,205.919998,174.065628
2016-04-13,208.000000,175.823914
2016-04-14,208.009995,175.832367
2016-04-15,207.779999,175.637985
2016-04-18,209.240005,176.872086
2016-04-19,209.899994,177.429962
2016-04-20,210.100006,177.599091
2016-04-21,208.970001,176.643845
2016-04-22,208.970001,176.643845
2016-04-25,208.610001,176.339539
2016-04-26,208.919998,176.601547
2016-04-27,209.350006,176.965057
2016-04-28,207.449997,175.359009
2016-04-29,206.330002,174.412338
2016-05-02,207.970001,175.798569
2016-05-03,206.160004,174.268570
2016-05-04,205.009995,173.296478
2016-05-05,204.970001,173.262695
2016-05-06,205.720001,173.896622
2016-05-09,205.889999,174.040344
2016-05-10,208.449997,176.204330
2016-05-11,206.500000,174.555954
2016-05-12,206.559998,174.606689
2016-05-13,204.759995,173.085114
2016-05-16,206.779999,174.792633
2016-05-17,204.850006,173.161194
2016-05-18,204.910004,173.211884
2016-05-19,204.199997,172.611725
2016-05-20,205.490005,173.702209
2016-05-23,205.210007,173.465469
2016-05-24,207.869995,175.714050
2016-05-25,209.279999,176.905945
2016-05-26,209.339996,176.956635
2016-05-27,210.240005,177.717392
2016-05-31,209.839996,177.379257
2016-06-01,210.270004,177.742767
2016-06-02,210.910004,178.283752
2016-06-03,210.279999,177.751205
2016-06-06,211.350006,178.655670
2016-06-07,211.679993,178.934677
2016-06-08,212.369995,179.517929
2016-06-09,212.080002,179.272797
2016-06-10,210.070007,177.573715
2016-06-13,208.449997,176.204330
2016-06-14,208.039993,175.857727
2016-06-15,207.750000,175.612595
2016-06-16,208.369995,176.136642
2016-06-17,206.520004,175.480728
2016-06-20,207.850006,176.610809
2016-06-21,208.440002,177.112122
2016-06-22,208.100006,176.823212
2016-06-23,210.809998,179.125992
2016-06-24,203.240005,172.693710
2016-06-27,199.600006,169.600784
2016-06-28,203.199997,172.659668
2016-06-29,206.660004,175.599640
2016-06-30,209.479996,177.995850
2016-07-01,209.919998,178.369629
2016-07-05,208.410004,177.086700
2016-07-06,209.660004,178.148773
2016-07-07,209.529999,178.038284
2016-07-08,212.649994,180.689377
2016-07-11,213.399994,181.326691
2016-07-12,214.949997,182.643692
2016-07-13,214.919998,182.618195
2016-07-14,216.119995,183.637848
2016-07-15,215.830002,183.391434
2016-07-18,216.410004,183.884308
2016-07-19,216.190002,183.697311
2016-07-20,217.089996,184.462097
2016-07-21,216.270004,183.765350
2016-07-22,217.240005,184.589523
2016-07-25,216.649994,184.088211
2016-07-26,216.750000,184.173187
2016-07-27,216.520004,183.977737
2016-07-28,216.770004,184.190186
2016-07-29,217.119995,184.487625
2016-08-01,216.940002,184.334641
2016-08-02,215.550003,183.153549
2016-08-03,216.179993,183.688843
2016-08-04,216.410004,183.884308
2016-08-05,218.179993,185.388245
2016-08-08,218.050003,185.277771
2016-08-09,218.179993,185.388245
2016-08-10,217.639999,184.929428
2016-08-11,218.649994,185.787552
2016-08-12,218.460007,185.626175
2016-08-15,219.089996,186.161469
2016-08-16,217.960007,185.201355
2016-08-17,218.369995,185.549683
2016-08-18,218.860001,185.966034
2016-08-19,218.539993,185.694138
2016-08-22,218.529999,185.685699
2016-08-23,218.970001,186.059509
2016-08-24,217.850006,185.107880
2016-08-25,217.699997,184.980377
2016-08-26,217.289993,184.632050
2016-08-29,218.360001,185.541245
2016-08-30,218.000000,185.235321
2016-08-31,217.380005,184.708527
2016-09-01,217.389999,184.716965
2016-09-02,218.369995,185.549683
2016-09-06,219.029999,186.110504
2016-09-07,219.009995,186.093552
2016-09-08,218.509995,185.668655
2016-09-09,213.279999,181.224686
2016-09-12,216.339996,183.824799
2016-09-13,213.229996,181.182205
2016-09-14,213.149994,181.114212
2016-09-15,215.279999,182.924103
2016-09-16,213.369995,182.216995
2016-09-19,213.410004,182.251190
2016-09-20,213.419998,182.259659
2016-09-21,215.820007,184.309265
2016-09-22,217.179993,185.470703
2016-09-23,215.990005,184.454483
2016-09-26,214.240005,182.959961
2016-09-27,215.570007,184.095764
2016-09-28,216.639999,185.009583
2016-09-29,214.679993,183.335739
2016-09-30,216.300003,184.719177
2016-10-03,215.779999,184.275131
2016-10-04,214.679993,183.335739
2016-10-05,215.630005,184.147049
2016-10-06,215.779999,184.275131
2016-10-07,215.039993,183.643158
2016-10-10,216.160004,184.599640
2016-10-11,213.429993,182.268250
2016-10-12,213.710007,182.507385
2016-10-13,213.009995,181.909561
2016-10-14,213.119995,182.003494
2016-10-17,212.380005,181.371567
2016-10-18,213.710007,182.507385
2016-10-19,214.279999,182.994171
2016-10-20,213.880005,182.652527
2016-10-21,213.979996,182.737930
2016-10-24,214.889999,183.515106
2016-10-25,214.169998,182.900177
2016-10-26,213.740005,182.532990
2016-10-27,213.169998,182.046219
2016-10-28,212.539993,181.508163
2016-10-31,212.550003,181.516693
2016-11-01,211.009995,180.201523
2016-11-02,209.740005,179.116974
2016-11-03,208.779999,178.297150
2016-11-04,208.550003,178.100708
2016-11-07,213.149994,182.029099
2016-11-08,214.110001,182.848969
2016-11-09,216.380005,184.787552
2016-11-10,216.919998,185.248703
2016-11-11,216.419998,184.821671
2016-11-14,216.589996,184.966843
2016-11-15,218.279999,186.410110
2016-11-16,217.869995,186.059967
2016-11-17,218.990005,187.016464
2016-11-18,218.500000,186.597977
2016-11-21,220.149994,188.007080
2016-11-22,220.580002,188.374329
2016-11-23,220.699997,188.476776
2016-11-25,221.520004,189.177032
2016-11-28,220.479996,188.288925
2016-11-29,220.910004,188.656128
2016-11-30,220.380005,188.203583
2016-12-01,219.570007,187.511749
2016-12-02,219.679993,187.605698
2016-12-05,221.000000,188.732971
2016-12-06,221.699997,189.330765
2016-12-07,224.600006,191.807404
2016-12-08,225.149994,192.277054
2016-12-09,226.509995,193.438492
2016-12-12,226.250000,193.216461
2016-12-13,227.759995,194.505966
2016-12-14,225.880005,192.900543
2016-12-15,226.809998,193.694748
2016-12-16,225.039993,193.315842
2016-12-19,225.529999,193.736786
2016-12-20,226.399994,194.484146
2016-12-21,225.770004,193.942963
2016-12-22,225.380005,193.607941
2016-12-23,225.710007,193.891403
2016-12-27,226.270004,194.372482
2016-12-28,224.399994,192.766113
2016-12-29,224.350006,192.723129
2016-12-30,223.529999,192.018738
2017-01-03,225.240005,193.487671
2017-01-04,226.580002,194.638794
2017-01-05,226.399994,194.484146
2017-01-06,227.210007,195.179947
2017-01-09,226.460007,194.535706
2017-01-10,226.460007,194.535706
2017-01-11,227.100006,195.085480
2017-01-12,226.529999,194.595825
2017-01-13,227.050003,195.042526
2017-01-17,226.250000,194.355270
2017-01-18,226.750000,194.784775
2017-01-19,225.910004,194.063263
2017-01-20,226.740005,194.776215
2017-01-23,226.149994,194.269333
2017-01-24,227.600006,195.514969
2017-01-25,229.570007,197.207306
2017-01-26,229.330002,197.001068
2017-01-27,228.970001,196.691864
2017-01-30,227.550003,195.472031
2017-01-31,227.529999,195.454834
2017-02-01,227.619995,195.532104
2017-02-02,227.770004,195.660995
2017-02-03,229.339996,197.009689
2017-02-06,228.929993,196.657486
2017-02-07,228.940002,196.666092
2017-02-08,229.240005,196.923782
2017-02-09,230.600006,198.092026
2017-02-10,231.509995,198.873764
2017-02-13,232.770004,199.956207
2017-02-14,233.699997,200.755005
2017-02-15,234.919998,201.803085
2017-02-16,234.720001,201.631241
2017-02-17,235.089996,201.949127
2017-02-21,236.490005,203.151718
2017-02-22,236.279999,202.971313
2017-02-23,236.440002,203.108780
2017-02-24,236.740005,203.366531
2017-02-27,237.110001,203.684372
2017-02-28,236.470001,203.134583
2017-03-01,239.779999,205.977951
2017-03-02,238.270004,204.680817
2017-03-03,238.419998,204.809662
2017-03-06,237.710007,204.199768
2017-03-07,237.000000,203.589844
2017-03-08,236.559998,203.211899
2017-03-09,236.860001,203.469589
2017-03-10,237.690002,204.182587
2017-03-13,237.809998,204.285675
2017-03-14,236.899994,203.503937
2017-03-15,238.949997,205.264984
2017-03-16,238.479996,204.861191
2017-03-17,237.029999,204.501419
2017-03-20,236.770004,204.277115
2017-03-21,233.729996,201.654297
2017-03-22,234.279999,202.128815
2017-03-23,234.029999,201.913132
2017-03-24,233.860001,201.766464
2017-03-27,233.619995,201.559418
2017-03-28,235.320007,203.026108
2017-03-29,235.539993,203.215958
2017-03-30,236.289993,203.862991
2017-03-31,235.740005,203.388489
2017-04-03,235.330002,203.034744
2017-04-04,235.479996,203.164139
2017-04-05,234.779999,202.560226
2017-04-06,235.440002,203.129639
2017-04-07,235.199997,202.922607
2017-04-10,235.339996,203.043350
2017-04-11,235.059998,202.801834
2017-04-12,234.029999,201.913132
2017-04-13,232.509995,200.601730
2017-04-17,234.570007,202.379074
2017-04-18,233.869995,201.775116
2017-04-19,233.440002,201.404099
2017-04-20,235.339996,203.043350
2017-04-21,234.589996,202.396301
2017-04-24,237.169998,204.622192
2017-04-25,238.550003,205.812820
2017-04-26,238.399994,205.683380
2017-04-27,238.600006,205.856033
2017-04-28,238.080002,205.407425
2017-05-01,238.679993,205.924957
2017-05-02,238.770004,206.002670
2017-05-03,238.479996,205.752457
2017-05-04,238.759995,205.993988
2017-05-05,239.699997,206.805008
2017-05-08,239.660004,206.770538
2017-05-09,239.440002,206.580719
2017-05-10,239.869995,206.951675
2017-05-11,239.380005,206.528961
2017-05-12,238.979996,206.183838
2017-05-15,240.300003,207.322662
2017-05-16,240.080002,207.132889
2017-05-17,235.820007,203.457535
2017-05-18,236.770004,204.277115
2017-05-19,238.309998,205.605774
2017-05-22,239.520004,206.649765
2017-05-23,240.050003,207.107010
2017-05-24,240.610001,207.590134
2017-05-25,241.759995,208.582321
2017-05-26,241.710007,208.539169
2017-05-30,241.500000,208.358002
2017-05-31,241.440002,208.306229
2017-06-01,243.360001,209.962784
2017-06-02,244.169998,210.661591
2017-06-05,243.990005,210.506302
2017-06-06,243.210007,209.833313
2017-06-07,243.660004,210.221619
2017-06-08,243.779999,210.325119
2017-06-09,243.410004,210.005905
2017-06-12,243.360001,209.962784
2017-06-13,244.550003,210.989456
2017-06-14,244.240005,210.722000
2017-06-15,243.770004,210.316513
2017-06-16,242.639999,210.362442
2017-06-19,244.660004,212.113724
2017-06-20,243.009995,210.683228
2017-06-21,242.949997,210.631226
2017-06-22,242.839996,210.535843
2017-06-23,243.130005,210.787231
2017-06-26,243.289993,210.925964
2017-06-27,241.330002,209.226715
2017-06-28,243.490005,211.099380
2017-06-29,241.350006,209.243988
2017-06-30,241.800003,209.634216
2017-07-03,242.210007,209.989655
2017-07-05,242.770004,210.475128
2017-07-06,240.550003,208.550461
2017-07-07,242.110001,209.902924
2017-07-10,242.369995,210.128357
2017-07-11,242.190002,209.972336
2017-07-12,244.009995,211.550217
2017-07-13,244.419998,211.905624
2017-07-14,245.559998,212.894028
2017-07-17,245.529999,212.867950
2017-07-18,245.660004,212.980713
2017-07-19,246.990005,214.133789
2017-07-20,247.100006,214.229095
2017-07-21,246.880005,214.038422
2017-07-24,246.820007,213.986450
2017-07-25,247.419998,214.506577
2017-07-26,247.429993,214.515259
2017-07-27,247.199997,214.315826
2017-07-28,246.910004,214.064407
2017-07-31,246.770004,213.943024
2017-08-01,247.320007,214.419922
2017-08-02,247.440002,214.523911
2017-08-03,246.960007,214.107758
2017-08-04,247.410004,214.497910
2017-08-07,247.869995,214.896652
2017-08-08,247.259995,214.367844
2017-08-09,247.250000,214.359238
2017-08-10,243.759995,211.333435
2017-08-11,244.119995,211.645538
2017-08-14,246.539993,213.743652
2017-08-15,246.509995,213.717575
2017-08-16,246.940002,214.090408
2017-08-17,243.089996,210.752579
2017-08-18,242.710007,210.423187
2017-08-21,242.899994,210.587845
2017-08-22,245.440002,212.789993
2017-08-23,244.559998,212.027039
2017-08-24,243.990005,211.532867
2017-08-25,244.559998,212.027039
2017-08-28,244.570007,212.035706
2017-08-29,244.850006,212.278442
2017-08-30,246.009995,213.284149
2017-08-31,247.490005,214.567276
2017-09-01,247.839996,214.870712
2017-09-05,246.059998,213.327469
2017-09-06,246.899994,214.055756
2017-09-07,246.869995,214.029739
2017-09-08,246.580002,213.778320
2017-09-11,249.210007,216.058441
2017-09-12,250.050003,216.786743
2017-09-13,250.169998,216.890747
2017-09-14,250.089996,216.821365
2017-09-15,249.190002,217.113281
2017-09-18,249.720001,217.575027
2017-09-19,249.970001,217.792908
2017-09-20,250.059998,217.871277
2017-09-21,249.389999,217.287476
2017-09-22,249.440002,217.331039
2017-09-25,248.929993,216.886765
2017-09-26,249.080002,217.017456
2017-09-27,250.050003,217.862549
2017-09-28,250.350006,218.123932
2017-09-29,251.229996,218.890686
2017-10-02,252.320007,219.840378
2017-10-03,252.860001,220.310837
2017-10-04,253.160004,220.572220
2017-10-05,254.660004,221.879150
2017-10-06,254.369995,221.626480
2017-10-09,253.949997,221.260590
2017-10-10,254.619995,221.844330
2017-10-11,255.020004,222.192810
2017-10-12,254.639999,221.861740
2017-10-13,254.949997,222.131836
2017-10-16,255.289993,222.428085
2017-10-17,255.470001,222.584900
2017-10-18,255.720001,222.802673
2017-10-19,255.789993,222.863693
2017-10-20,257.109985,224.013733
2017-10-23,256.109985,223.142487
2017-10-24,256.559998,223.534561
2017-10-25,255.289993,222.428085
2017-10-26,255.619995,222.715591
2017-10-27,257.709991,224.536530
2017-10-30,256.750000,223.700165
2017-10-31,257.149994,224.048599
2017-11-01,257.489990,224.344879
2017-11-02,257.589996,224.432007
2017-11-03,258.450012,225.181351
2017-11-06,258.850006,225.529831
2017-11-07,258.670013,225.373001
2017-11-08,259.109985,225.756332
2017-11-09,258.170013,224.937347
2017-11-10,258.089996,224.867645
2017-11-13,258.329987,225.076721
2017-11-14,257.730011,224.554001
2017-11-15,256.440002,223.430008
2017-11-16,258.619995,225.329391
2017-11-17,257.859985,224.667206
2017-11-20,258.299988,225.050552
2017-11-21,259.989990,226.523041
2017-11-22,259.760010,226.322678
2017-11-24,260.359985,226.845428
2017-11-27,260.230011,226.732193
2017-11-28,262.869995,229.032349
2017-11-29,262.709991,228.892883
2017-11-30,265.010010,230.896790
2017-12-01,264.459991,230.417648
2017-12-04,264.140015,230.138916
2017-12-05,263.190002,229.311111
2017-12-06,263.239990,229.354645
2017-12-07,264.070007,230.077881
2017-12-08,265.510010,231.332474
2017-12-11,266.309998,232.029510
2017-12-12,266.779999,232.439041
2017-12-13,266.750000,232.412872
2017-12-14,265.660004,231.463135
2017-12-15,266.510010,233.390625
2017-12-18,268.200012,234.870682
2017-12-19,267.170013,233.968628
2017-12-20,267.029999,233.846024
2017-12-21,267.579987,234.327820
2017-12-22,267.510010,234.266495
2017-12-26,267.190002,233.986191
2017-12-27,267.320007,234.100021
2017-12-28,267.869995,234.581619
2017-12-29,266.859985,233.697174
2018-01-02,268.769989,235.369766
2018-01-03,270.470001,236.858536
2018-01-04,271.609985,237.856888
2018-01-05,273.420013,239.441986
2018-01-08,273.920013,239.879807
2018-01-09,274.540009,240.422745
2018-01-10,274.119995,240.054947
2018-01-11,276.119995,241.806396
2018-01-12,277.920013,243.382797
2018-01-16,276.970001,242.550827
2018-01-17,279.609985,244.862656
2018-01-18,279.140015,244.451111
2018-01-19,280.410004,245.563278
2018-01-22,282.690002,247.559967
2018-01-23,283.290009,248.085373
2018-01-24,283.179993,247.989151
2018-01-25,283.299988,248.094101
2018-01-26,286.579987,250.966553
2018-01-29,284.679993,249.302689
2018-01-30,281.760010,246.745560
2018-01-31,281.899994,246.868118
2018-02-01,281.579987,246.587952
2018-02-02,275.450012,241.219681
2018-02-05,263.929993,231.131241
2018-02-06,269.130005,235.685089
2018-02-07,267.670013,234.406525
2018-02-08,257.630005,225.614212
2018-02-09,261.500000,229.003296
2018-02-12,265.339996,232.366074
2018-02-13,266.000000,232.944031
2018-02-14,269.589996,236.087906
2018-02-15,273.029999,239.100418
2018-02-16,273.109985,239.170471
2018-02-20,271.399994,237.672958
2018-02-21,270.049988,236.490753
2018-02-22,270.399994,236.797272
2018-02-23,274.709991,240.571655
2018-02-26,277.899994,243.365265
2018-02-27,274.429993,240.326492
2018-02-28,271.649994,237.891937
2018-03-01,267.700012,234.432770
2018-03-02,269.079987,235.641312
2018-03-05,272.190002,238.364792
2018-03-06,272.880005,238.969101
2018-03-07,272.779999,238.881516
2018-03-08,274.100006,240.037521
2018-03-09,278.869995,244.214722
2018-03-12,278.519989,243.908142
2018-03-13,276.720001,242.331863
2018-03-14,275.299988,241.088303
2018-03-15,275.000000,240.825638
2018-03-16,274.200012,241.086761
2018-03-19,270.489990,237.824738
2018-03-20,270.950012,238.229233
2018-03-21,270.429993,237.772003
2018-03-22,263.670013,231.828384
2018-03-23,258.049988,226.887070
2018-03-26,265.109985,233.094437
2018-03-27,260.600006,229.129150
2018-03-28,259.829987,228.452133
2018-03-29,263.149994,231.371155
2018-04-02,257.470001,226.377136
2018-04-03,260.769989,229.278595
2018-04-04,263.559998,231.731705
2018-04-05,265.640015,233.560471
2018-04-06,259.720001,228.355377
2018-04-09,261.000000,229.480804
2018-04-10,265.149994,233.129639
2018-04-11,263.760010,231.907562
2018-04-12,265.929993,233.815399
2018-04-13,265.149994,233.129639
2018-04-16,267.329987,235.046341
2018-04-17,270.190002,237.561020
2018-04-18,270.390015,237.736816
2018-04-19,268.890015,236.418015
2018-04-20,266.609985,234.413300
2018-04-23,266.570007,234.378204
2018-04-24,262.980011,231.221710
2018-04-25,263.630005,231.793274
2018-04-26,266.309998,234.149612
2018-04-27,266.559998,234.369370
2018-04-30,264.510010,232.566986
2018-05-01,264.980011,232.980240
2018-05-02,263.200012,231.415131
2018-05-03,262.619995,230.905212
2018-05-04,266.019989,233.894592
2018-05-07,266.920013,234.685898
2018-05-08,266.920013,234.685898
2018-05-09,269.500000,236.954315
2018-05-10,272.019989,239.170044
2018-05-11,272.850006,239.899841
2018-05-14,272.980011,240.014145
2018-05-15,271.100006,238.361160
2018-05-16,272.239990,239.363449
2018-05-17,272.010010,239.161240
2018-05-18,271.329987,238.563370
2018-05-21,273.369995,240.356949
2018-05-22,272.609985,239.688766
2018-05-23,273.359985,240.348190
2018-05-24,272.799988,239.855820
2018-05-25,272.149994,239.284271
2018-05-29,269.019989,236.532272
2018-05-30,272.609985,239.688766
2018-05-31,270.940002,238.220444
2018-06-01,273.600006,240.559174
2018-06-04,274.899994,241.702194
2018-06-05,275.100006,241.878098
2018-06-06,277.399994,243.900391
2018-06-07,277.369995,243.873947
2018-06-08,278.190002,244.594925
2018-06-11,278.559998,244.920303
2018-06-12,278.920013,245.236755
2018-06-13,278.029999,244.454239
2018-06-14,278.730011,245.069748
2018-06-15,277.130005,244.757019
2018-06-18,276.559998,244.253555
2018-06-19,275.500000,243.317505
2018-06-20,275.970001,243.732529
2018-06-21,274.239990,242.204651
2018-06-22,274.739990,242.646133
2018-06-25,271.000000,239.343140
2018-06-26,271.600006,239.873032
2018-06-27,269.350006,237.885880
2018-06-28,270.890015,239.246048
2018-06-29,271.279999,239.590439
2018-07-02,271.859985,240.102646
2018-07-03,270.899994,239.254822
2018-07-05,273.109985,241.206604
2018-07-06,275.420013,243.246796
2018-07-09,277.899994,245.437119
2018-07-10,278.899994,246.320328
2018-07-11,276.859985,244.518570
2018-07-12,279.369995,246.735428
2018-07-13,279.589996,246.929672
2018-07-16,279.339996,246.708908
2018-07-17,280.470001,247.706940
2018-07-18,281.059998,248.227921
2018-07-19,280.000000,247.291779
2018-07-20,279.679993,247.009216
2018-07-23,280.200012,247.468460
2018-07-24,281.609985,248.713760
2018-07-25,284.010010,250.833405
2018-07-26,283.339996,250.241653
2018-07-27,281.420013,248.545853
2018-07-30,279.950012,247.247635
2018-07-31,281.329987,248.466339
2018-08-01,280.859985,248.051331
2018-08-02,282.390015,249.402588
2018-08-03,283.600006,250.471283
2018-08-06,284.640015,251.389786
2018-08-07,285.579987,252.219940
2018-08-08,285.459991,252.113968
2018-08-09,285.070007,251.769547
2018-08-10,283.160004,250.082672
2018-08-13,282.100006,249.146484
2018-08-14,283.899994,250.736191
2018-08-15,281.779999,248.863892
2018-08-16,284.059998,250.877487
2018-08-17,285.059998,251.760757
2018-08-20,285.670013,252.299438
2018-08-21,286.339996,252.891190
2018-08-22,286.170013,252.741089
2018-08-23,285.790009,252.405487
2018-08-24,287.510010,253.924530
2018-08-27,289.779999,255.929291
2018-08-28,289.920013,256.052979
2018-08-29,291.480011,257.430725
2018-08-30,290.299988,256.388611
2018-08-31,290.309998,256.397430
2018-09-04,289.809998,255.955765
2018-09-05,289.029999,255.266922
2018-09-06,288.160004,254.498581
2018-09-07,287.600006,254.004028
2018-09-10,288.100006,254.445587
2018-09-11,289.049988,255.284637
2018-09-12,289.119995,255.346420
2018-09-13,290.829987,256.856659
2018-09-14,290.880005,256.900940
2018-09-17,289.339996,255.540756
2018-09-18,290.910004,256.927307
2018-09-19,291.220001,257.201050
2018-09-20,293.579987,259.285461
2018-09-21,291.989990,259.048553
2018-09-24,291.019989,258.187927
2018-09-25,290.750000,257.948364
2018-09-26,289.880005,257.176605
2018-09-27,290.690002,257.895203
2018-09-28,290.720001,257.921844
2018-10-01,291.730011,258.817963
2018-10-02,291.559998,258.667114
2018-10-03,291.720001,258.809021
2018-10-04,289.440002,256.786194
2018-10-05,287.820007,255.348999
2018-10-08,287.820007,255.348999
2018-10-09,287.399994,254.976410
2018-10-10,278.299988,246.902954
2018-10-11,272.170013,241.464630
2018-10-12,275.950012,244.818192
2018-10-15,274.399994,243.443008
2018-10-16,280.399994,248.766190
2018-10-17,280.450012,248.810501
2018-10-18,276.399994,245.217407
2018-10-19,276.250000,245.084320
2018-10-22,275.010010,243.984238
2018-10-23,273.609985,242.742096
2018-10-24,265.320007,235.387405
2018-10-25,270.079987,239.610367
2018-10-26,265.329987,235.396255
2018-10-29,263.859985,234.092133
2018-10-30,267.769989,237.561005
2018-10-31,270.630005,240.098358
2018-11-01,273.510010,242.653427
2018-11-02,271.890015,241.216202
2018-11-05,273.390015,242.546982
2018-11-06,275.119995,244.081802
2018-11-07,281.010010,249.307251
2018-11-08,280.500000,248.854843
2018-11-09,277.760010,246.423950
2018-11-12,272.570007,241.819534
2018-11-13,272.059998,241.367004
2018-11-14,270.200012,239.716843
2018-11-15,273.019989,242.218704
2018-11-16,273.730011,242.848572
2018-11-19,269.100006,238.740936
2018-11-20,264.119995,234.322800
2018-11-21,265.019989,235.121216
2018-11-23,263.250000,233.550919
2018-11-26,267.500000,237.321442
2018-11-27,268.399994,238.119934
2018-11-28,274.579987,243.602646
2018-11-29,273.980011,243.070419
2018-11-30,275.649994,244.552063
2018-12-03,279.299988,247.790176
2018-12-04,270.250000,239.761215
2018-12-06,269.839996,239.397430
2018-12-07,263.570007,233.834854
2018-12-10,264.070007,234.278427
2018-12-11,264.130005,234.331604
2018-12-12,265.459991,235.511658
2018-12-13,265.369995,235.431732
2018-12-14,260.470001,231.084503
2018-12-17,255.360001,226.551071
2018-12-18,255.080002,226.302643
2018-12-19,251.259995,222.913605
2018-12-20,247.169998,219.285019
2018-12-21,240.699997,214.791962
2018-12-24,234.339996,209.116516
2018-12-26,246.179993,219.682083
2018-12-27,248.070007,221.368668
2018-12-28,247.750000,221.083160
2018-12-31,249.919998,223.019531
2019-01-02,250.179993,223.251511
2019-01-03,244.210007,217.924179
2019-01-04,252.389999,225.223724
2019-01-07,254.380005,226.999481
2019-01-08,256.769989,229.132233
2019-01-09,257.970001,230.203125
2019-01-10,258.880005,231.015152
2019-01-11,258.980011,231.104355
2019-01-14,257.399994,229.694458
2019-01-15,260.350006,232.326904
2019-01-16,260.980011,232.889099
2019-01-17,262.959991,234.656021
2019-01-18,266.459991,237.779282
2019-01-22,262.859985,234.566696
2019-01-23,263.410004,235.057510
2019-01-24,263.549988,235.182495
2019-01-25,265.779999,237.172485
2019-01-28,263.760010,235.369949
2019-01-29,263.410004,235.057510
2019-01-30,267.579987,238.778793
2019-01-31,269.929993,240.875778
2019-02-01,270.059998,240.991791
2019-02-04,271.959991,242.687256
2019-02-05,273.100006,243.704514
2019-02-06,272.739990,243.383270
2019-02-07,270.140015,241.063202
2019-02-08,270.470001,241.357590
2019-02-11,270.619995,241.491470
2019-02-12,274.100006,244.596924
2019-02-13,274.989990,245.391205
2019-02-14,274.380005,244.846802
2019-02-15,277.369995,247.514954
2019-02-19,277.850006,247.943268
2019-02-20,278.410004,248.443069
2019-02-21,277.420013,247.559555
2019-02-22,279.140015,249.094437
2019-02-25,279.519989,249.433624
2019-02-26,279.320007,249.255035
2019-02-27,279.200012,249.147949
2019-02-28,278.679993,248.683929
2019-03-01,280.420013,250.236633
2019-03-04,279.399994,249.326447
2019-03-05,279.019989,248.987335
2019-03-06,277.329987,247.479279
2019-03-07,275.010010,245.408981
2019-03-08,274.459991,244.918213
2019-03-11,278.440002,248.469833
2019-03-12,279.489990,249.406784
2019-03-13,281.339996,251.057587
2019-03-14,281.160004,250.896988
2019-03-15,281.309998,252.136688
2019-03-18,282.329987,253.050827
2019-03-19,282.399994,253.113525
2019-03-20,281.549988,252.351685
2019-03-21,284.730011,255.201889
2019-03-22,279.250000,250.290268
2019-03-25,279.040009,250.101974
2019-03-26,281.119995,251.966263
2019-03-27,279.649994,250.648697
2019-03-28,280.709991,251.598862
2019-03-29,282.480011,253.185242
2019-04-01,285.829987,256.187866
2019-04-02,285.970001,256.313354
2019-04-03,286.420013,256.716736
2019-04-04,287.179993,257.397827
2019-04-05,288.570007,258.643768
2019-04-08,288.790009,258.840851
2019-04-09,287.309998,257.514343
2019-04-10,288.290009,258.392700
2019-04-11,288.209991,258.320984
2019-04-12,290.160004,260.068878
2019-04-15,289.970001,259.898468
2019-04-16,290.160004,260.068878
2019-04-17,289.450012,259.432373
2019-04-18,290.019989,259.943329
2019-04-22,290.269989,260.167328
2019-04-23,292.880005,262.506653
2019-04-24,292.230011,261.924103
2019-04-25,292.049988,261.762695
2019-04-26,293.410004,262.981720
2019-04-29,293.869995,263.394043
2019-04-30,294.019989,263.528503
2019-05-01,291.809998,261.547668
2019-05-02,291.179993,260.983063
2019-05-03,294.029999,263.537476
2019-05-06,292.820007,262.452942
2019-05-07,287.929993,258.070007
2019-05-08,287.529999,257.711487
2019-05-09,286.660004,256.931824
2019-05-10,288.100006,258.222473
2019-05-13,280.859985,251.733215
2019-05-14,283.399994,254.009781
2019-05-15,285.059998,255.497635
2019-05-16,287.700012,257.863922
2019-05-17,285.839996,256.196808
2019-05-20,283.950012,254.502884
2019-05-21,286.510010,256.797333
2019-05-22,285.630005,256.008514
2019-05-23,282.140015,252.880600
2019-05-24,282.779999,253.454163
2019-05-28,280.149994,251.096848
2019-05-29,278.269989,249.411804
2019-05-30,279.029999,250.093124
2019-05-31,275.269989,246.722916
2019-06-03,274.570007,246.095596
2019-06-04,280.529999,251.437424
2019-06-05,282.959991,253.615479
2019-06-06,284.799988,255.264587
2019-06-07,287.649994,257.819092
2019-06-10,288.970001,259.002167
2019-06-11,288.899994,258.939453
2019-06-12,288.390015,258.482330
2019-06-13,289.579987,259.548950
2019-06-14,289.260010,259.262115
2019-06-17,289.369995,259.360809
2019-06-18,292.399994,262.076508
2019-06-19,293.059998,262.667999
2019-06-20,295.859985,265.177643
2019-06-21,294.000000,264.792145
2019-06-24,293.640015,264.467957
2019-06-25,290.760010,261.874084
2019-06-26,290.470001,261.612915
2019-06-27,291.500000,262.540588
2019-06-28,293.000000,263.891541
2019-07-01,295.660004,266.287231
2019-07-02,296.429993,266.980713
2019-07-03,298.799988,269.115295
2019-07-05,298.459991,268.809021
2019-07-08,296.820007,267.332001
2019-07-09,297.190002,267.665283
2019-07-10,298.609985,268.944183
2019-07-11,299.309998,269.574646
2019-07-12,300.649994,270.781525
2019-07-15,300.750000,270.871582
2019-07-16,299.779999,269.998016
2019-07-17,297.739990,268.160614
2019-07-18,298.829987,269.142365
2019-07-19,297.170013,267.647308
2019-07-22,297.899994,268.304657
2019-07-23,300.029999,270.223145
2019-07-24,301.440002,271.493073
2019-07-25,300.000000,270.196075
2019-07-26,302.010010,272.006439
2019-07-29,301.459991,271.511017
2019-07-30,300.720001,270.844635
2019-07-31,297.429993,267.881439
2019-08-01,294.839996,265.548737
2019-08-02,292.619995,263.549316
2019-08-05,283.820007,255.623535
2019-08-06,287.799988,259.208160
2019-08-07,287.970001,259.361298
2019-08-08,293.619995,264.449951
2019-08-09,291.619995,262.648651
2019-08-12,288.070007,259.451324
2019-08-13,292.549988,263.486237
2019-08-14,283.899994,255.695541
2019-08-15,284.649994,256.371033
2019-08-16,288.850006,260.153839
2019-08-19,292.329987,263.288025
2019-08-20,290.089996,261.270660
2019-08-21,292.450012,263.396179
2019-08-22,292.359985,263.315063
2019-08-23,284.850006,256.551117
2019-08-26,288.000000,259.388275
2019-08-27,286.869995,258.370605
2019-08-28,288.890015,260.189880
2019-08-29,292.579987,263.513184
2019-08-30,292.450012,263.396179
2019-09-03,290.739990,261.856049
2019-09-04,294.040009,264.828186
2019-09-05,297.820007,268.232727
2019-09-06,298.049988,268.439880
2019-09-09,298.200012,268.574890
2019-09-10,298.130005,268.511902
2019-09-11,300.250000,270.421204
2019-09-12,301.290009,271.357971
2019-09-13,301.089996,271.177795
2019-09-16,300.160004,270.340179
2019-09-17,300.920013,271.024750
2019-09-18,301.100006,271.186920
2019-09-19,301.079987,271.168823
2019-09-20,298.279999,269.887634
2019-09-23,298.209991,269.824280
2019-09-24,295.869995,267.707062
2019-09-25,297.619995,269.290436
2019-09-26,297.000000,268.729462
2019-09-27,295.399994,267.281677
2019-09-30,296.769989,268.521332
2019-10-01,293.239990,265.327332
2019-10-02,288.059998,260.640442
2019-10-03,290.420013,262.775818
2019-10-04,294.350006,266.331696
2019-10-07,293.079987,265.182556
2019-10-08,288.529999,261.065674
2019-10-09,291.269989,263.544861
2019-10-10,293.239990,265.327332
2019-10-11,296.279999,268.077972
2019-10-14,295.950012,267.779449
2019-10-15,298.880005,270.430389
2019-10-16,298.399994,269.996185
2019-10-17,299.279999,270.792328
2019-10-18,297.970001,269.607117
2019-10-21,299.989990,271.434814
2019-10-22,299.010010,270.548065
2019-10-23,299.880005,271.335327
2019-10-24,300.369995,271.778625
2019-10-25,301.600006,272.891571
2019-10-28,303.299988,274.429779
2019-10-29,303.209991,274.348297
2019-10-30,304.140015,275.189850
2019-10-31,303.329987,274.456879
2019-11-01,306.140015,276.999390
2019-11-04,307.369995,278.112305
2019-11-05,307.029999,277.804810
2019-11-06,307.100006,277.868073
2019-11-07,308.179993,278.845276
2019-11-08,308.940002,279.532837
2019-11-11,308.350006,278.999054
2019-11-12,309.000000,279.587189
2019-11-13,309.100006,279.677734
2019-11-14,309.549988,280.084839
2019-11-15,311.790009,282.111633
2019-11-18,312.019989,282.319763
2019-11-19,311.929993,282.238281
2019-11-20,310.769989,281.188690
2019-11-21,310.269989,280.736359
2019-11-22,310.959991,281.360626
2019-11-25,313.369995,283.541199
2019-11-26,314.079987,284.183685
2019-11-27,315.480011,285.450439
2019-11-29,314.309998,284.391754
2019-12-02,311.640015,281.975983
2019-12-03,309.549988,280.084839
2019-12-04,311.459991,281.813141
2019-12-05,312.019989,282.319763
2019-12-06,314.869995,284.898468
2019-12-09,313.880005,284.002777
2019-12-10,313.529999,283.685944
2019-12-11,314.420013,284.491272
2019-12-12,317.130005,286.943329
2019-12-13,317.320007,287.115234
2019-12-16,319.500000,289.087738
2019-12-17,319.570007,289.151093
2019-12-18,319.589996,289.169250
2019-12-19,320.899994,290.354462
2019-12-20,320.730011,291.627441
2019-12-23,321.220001,292.073029
2019-12-24,321.230011,292.082092
2019-12-26,322.940002,293.636963
2019-12-27,322.859985,293.564117
2019-12-30,321.079987,291.945679
2019-12-31,321.859985,292.654877
2020-01-02,324.869995,295.391663
2020-01-03,322.410004,293.154968
2020-01-06,323.640015,294.273407
2020-01-07,322.730011,293.445984
2020-01-08,324.450012,295.009888
2020-01-09,326.649994,297.010254
2020-01-10,325.709991,296.155518
2020-01-13,327.950012,298.192322
2020-01-14,327.450012,297.737701
2020-01-15,328.190002,298.410492
2020-01-16,330.920013,300.892761
2020-01-17,331.950012,301.829346
2020-01-21,331.299988,301.238312
2020-01-22,331.339996,301.274658
2020-01-23,331.720001,301.620270
2020-01-24,328.769989,298.937866
2020-01-27,323.500000,294.146088
2020-01-28,326.890015,297.228394
2020-01-29,326.619995,296.983063
2020-01-30,327.679993,297.946808
2020-01-31,321.730011,292.536652
2020-02-03,324.119995,294.709808
2020-02-04,329.059998,299.201538
2020-02-05,332.859985,302.656708
2020-02-06,333.980011,303.675140
2020-02-07,332.200012,302.056702
2020-02-10,334.679993,304.311584
2020-02-11,335.260010,304.838928
2020-02-12,337.420013,306.802979
2020-02-13,337.059998,306.475708
2020-02-14,337.600006,306.966766
2020-02-18,336.730011,306.175598
2020-02-19,338.339996,307.639435
2020-02-20,336.950012,306.375671
2020-02-21,333.480011,303.220551
2020-02-24,322.420013,293.164062
2020-02-25,312.649994,284.280518
2020-02-26,311.500000,283.234955
2020-02-27,297.510010,270.514343
2020-02-28,296.260010,269.377777
2020-03-02,309.089996,281.043610
2020-03-03,300.239990,272.996643
2020-03-04,312.859985,284.471527
2020-03-05,302.459991,275.015259
2020-03-06,297.459991,270.468933
2020-03-09,274.230011,249.346756
2020-03-10,288.420013,262.249115
2020-03-11,274.359985,249.465027
2020-03-12,248.110001,225.596893
2020-03-13,269.320007,244.882263
2020-03-16,239.850006,218.086380
2020-03-17,252.800003,229.861313
2020-03-18,240.000000,218.222763
2020-03-19,240.509995,218.686462
2020-03-20,228.800003,209.262375
2020-03-23,222.949997,203.911911
2020-03-24,243.149994,222.386963
2020-03-25,246.789993,225.716141
2020-03-26,261.200012,238.895691
2020-03-27,253.419998,231.779999
2020-03-30,261.649994,239.307205
2020-03-31,257.750000,235.740250
2020-04-01,246.149994,225.130814
2020-04-02,251.830002,230.325775
2020-04-03,248.190002,226.996613
2020-04-06,264.859985,242.243179
2020-04-07,265.130005,242.490112
2020-04-08,274.029999,250.630035
2020-04-09,278.200012,254.444000
2020-04-13,275.660004,252.120956
2020-04-14,283.790009,259.556671
2020-04-15,277.760010,254.041550
2020-04-16,279.100006,255.267075
2020-04-17,286.640015,262.163239
2020-04-20,281.589996,257.544464
2020-04-21,273.040009,249.724579
2020-04-22,279.100006,255.267075
2020-04-23,279.079987,255.248871
2020-04-24,282.970001,258.806671
2020-04-27,287.049988,262.538300
2020-04-28,285.730011,261.330963
2020-04-29,293.209991,268.172211
2020-04-30,290.480011,265.675446
2020-05-01,282.790009,258.642029
2020-05-04,283.570007,259.355408
2020-05-05,286.190002,261.751770
2020-05-06,284.250000,259.977417
2020-05-07,287.679993,263.114532
2020-05-08,292.440002,267.468018
2020-05-11,292.500000,267.522949
2020-05-12,286.670013,262.190765
2020-05-13,281.600006,257.553711
2020-05-14,284.970001,260.635986
2020-05-15,286.279999,261.834045
2020-05-18,295.000000,269.809387
2020-05-19,291.970001,267.038239
2020-05-20,296.929993,271.574707
2020-05-21,294.880005,269.699707
2020-05-22,295.440002,270.211853
2020-05-26,299.079987,273.541016
2020-05-27,303.529999,277.610962
2020-05-28,302.970001,277.098846
2020-05-29,304.320007,278.333618
2020-06-01,305.549988,279.458496
2020-06-02,308.079987,281.772430
2020-06-03,312.179993,285.522400
2020-06-04,311.359985,284.772369
2020-06-05,319.339996,292.071014
2020-06-08,323.200012,295.601440
2020-06-09,320.790009,293.397186
2020-06-10,319.000000,291.759949
2020-06-11,300.609985,274.940399
2020-06-12,304.209991,278.232941
2020-06-15,307.049988,280.830353
2020-06-16,312.959991,286.235718
2020-06-17,311.660004,285.046814
2020-06-18,311.779999,285.156555
2020-06-19,308.640015,283.526855
2020-06-22,310.619995,285.345795
2020-06-23,312.049988,286.659424
2020-06-24,304.089996,279.347015
2020-06-25,307.350006,282.341827
2020-06-26,300.049988,275.635895
2020-06-29,304.459991,279.687042
2020-06-30,308.359985,283.269653
2020-07-01,310.519989,285.253998
2020-07-02,312.230011,286.824799
2020-07-06,317.049988,291.252563
2020-07-07,313.779999,288.248718
2020-07-08,316.179993,290.453400
2020-07-09,314.380005,288.799805
2020-07-10,317.589996,291.748688
2020-07-13,314.839996,289.222321
2020-07-14,318.920013,292.970398
2020-07-15,321.850006,295.662109
2020-07-16,320.790009,294.688232
2020-07-17,321.720001,295.542572
2020-07-20,324.320007,297.931061
2020-07-21,325.010010,298.564850
2020-07-22,326.859985,300.264404
2020-07-23,322.959991,296.681671
2020-07-24,320.880005,294.770966
2020-07-27,323.220001,296.920532
2020-07-28,321.170013,295.037354
2020-07-29,325.119995,298.666016
2020-07-30,323.959991,297.600342
2020-07-31,326.519989,299.952057
2020-08-03,328.790009,302.037415
2020-08-04,330.059998,303.204010
2020-08-05,332.109985,305.087158
2020-08-06,334.329987,307.126526
2020-08-07,334.570007,307.347107
2020-08-10,335.570007,308.265625
2020-08-11,332.799988,305.721069
2020-08-12,337.440002,309.983521
2020-08-13,336.829987,309.423065
2020-08-14,336.839996,309.432281
2020-08-17,337.910004,310.415314
2020-08-18,338.640015,311.085907
2020-08-19,337.230011,309.790619
2020-08-20,338.279999,310.755096
2020-08-21,339.480011,311.857513
2020-08-24,342.920013,315.017670
2020-08-25,344.119995,316.119995
2020-08-26,347.570007,319.289276
2020-08-27,348.329987,319.987457
2020-08-28,350.579987,322.054352
2020-08-31,349.309998,320.887726
2020-09-01,352.600006,323.910095
2020-09-02,357.700012,328.595001
2020-09-03,345.390015,317.286743
2020-09-04,342.570007,314.696167
2020-09-08,333.209991,306.097687
2020-09-09,339.790009,312.142334
2020-09-10,333.890015,306.722351
2020-09-11,334.059998,306.878540
2020-09-14,338.459991,310.920441
2020-09-15,340.170013,312.491455
2020-09-16,338.820007,311.251221
2020-09-17,335.839996,308.513672
2020-09-18,330.649994,304.961945
2020-09-21,326.970001,301.567841
2020-09-22,330.299988,304.639099
2020-09-23,322.640015,297.574249
2020-09-24,323.500000,298.367401
2020-09-25,328.730011,303.191101
2020-09-28,334.190002,308.226837
2020-09-29,332.369995,306.548187
2020-09-30,334.890015,308.872498
2020-10-01,337.040009,310.855408
2020-10-02,333.839996,307.904053
2020-10-05,339.760010,313.364136
2020-10-06,334.929993,308.909332
2020-10-07,340.760010,314.286469
2020-10-08,343.779999,317.071777
2020-10-09,346.850006,319.903351
2020-10-12,352.429993,325.049774
2020-10-13,350.130005,322.928528
2020-10-14,347.929993,320.899384
2020-10-15,347.500000,320.502808
2020-10-16,347.290009,320.309143
2020-10-19,342.010010,315.439331
2020-10-20,343.380005,316.702881
2020-10-21,342.730011,316.103363
2020-10-22,344.609985,317.837372
2020-10-23,345.779999,318.916412
2020-10-26,339.390015,313.022888
2020-10-27,338.220001,311.943787
2020-10-28,326.660004,301.281830
2020-10-29,329.980011,304.343933
2020-10-30,326.540009,301.171234
2020-11-02,330.200012,304.546783
2020-11-03,336.029999,309.923889
2020-11-04,343.540009,316.850464
2020-11-05,350.239990,323.029938
2020-11-06,350.160004,322.956146
2020-11-09,354.559998,327.014313
2020-11-10,354.040009,326.534760
2020-11-11,356.670013,328.960388
2020-11-12,353.209991,325.769165
2020-11-13,358.100006,330.279297
2020-11-16,362.570007,334.402100
2020-11-17,360.619995,332.603516
2020-11-18,356.279999,328.600647
2020-11-19,357.779999,329.984131
2020-11-20,355.329987,327.724518
2020-11-23,357.459991,329.689087
2020-11-24,363.220001,335.001495
2020-11-25,362.660004,334.485046
2020-11-27,363.670013,335.416565
2020-11-30,362.059998,333.931641
2020-12-01,366.019989,337.584015
2020-12-02,366.790009,338.294220
2020-12-03,366.690002,338.201996
2020-12-04,369.850006,341.116486
2020-12-07,369.089996,340.415497
2020-12-08,370.170013,341.411591
2020-12-09,366.850006,338.349548
2020-12-10,366.730011,338.238861
2020-12-11,366.299988,337.842255
2020-12-14,364.660004,336.329620
2020-12-15,369.589996,340.876709
2020-12-16,370.170013,341.411591
2020-12-17,372.239990,343.320801
2020-12-18,369.179993,341.949951
2020-12-21,367.859985,340.727264
2020-12-22,367.239990,340.153015
2020-12-23,367.570007,340.458710
2020-12-24,369.000000,341.783142
2020-12-28,372.170013,344.719391
2020-12-29,371.459991,344.061768
2020-12-30,371.989990,344.552734
2020-12-31,373.880005,346.303253
2021-01-04,368.790009,341.588745
2021-01-05,371.329987,343.941345
2021-01-06,373.549988,345.997559
2021-01-07,379.100006,351.138214
2021-01-08,381.260010,353.138977
2021-01-11,378.690002,350.758514
2021-01-12,378.769989,350.832550
2021-01-13,379.790009,351.777374
2021-01-14,378.459991,350.545441
2021-01-15,375.700012,347.989044
2021-01-19,378.649994,350.721466
2021-01-20,383.890015,355.574921
2021-01-21,384.239990,355.899200
2021-01-22,382.880005,354.639496
2021-01-25,384.390015,356.038147
2021-01-26,383.790009,355.482330
2021-01-27,374.410004,346.794220
2021-01-28,377.630005,349.776642
2021-01-29,370.070007,342.774292
2021-02-01,376.230011,348.479950
2021-02-02,381.549988,353.407562
2021-02-03,381.850006,353.685425
2021-02-04,386.190002,357.705353
2021-02-05,387.709991,359.113159
2021-02-08,390.510010,361.706726
2021-02-09,390.250000,361.465820
2021-02-10,390.079987,361.308380
2021-02-11,390.709991,361.891937
2021-02-12,392.640015,363.679504
2021-02-16,392.299988,363.364624
2021-02-17,392.390015,363.447906
2021-02-18,390.720001,361.901215
2021-02-19,390.029999,361.262024
2021-02-22,387.029999,358.483307
2021-02-23,387.500000,358.918732
2021-02-24,391.769989,362.873749
2021-02-25,382.329987,354.129944
2021-02-26,380.359985,352.305298
2021-03-01,389.579987,360.845215
2021-03-02,386.540009,358.029388
2021-03-03,381.420013,353.287170
2021-03-04,376.700012,348.915253
2021-03-05,383.630005,355.334076
2021-03-08,381.720001,353.565033
2021-03-09,387.170013,358.613068
2021-03-10,389.579987,360.845215
2021-03-11,393.529999,364.503967
2021-03-12,394.059998,364.994812
2021-03-15,396.410004,367.171509
2021-03-16,395.910004,366.708405
2021-03-17,397.260010,367.958771
2021-03-18,391.480011,362.605133
2021-03-19,389.480011,361.934204
2021-03-22,392.589996,364.824249
2021-03-23,389.500000,361.952759
2021-03-24,387.519989,360.112793
2021-03-25,389.700012,362.138611
2021-03-26,395.980011,367.974457
2021-03-29,395.779999,367.788635
2021-03-30,394.730011,366.812897
2021-03-31,396.329987,368.299713
2021-04-01,400.609985,372.277008
2021-04-05,406.359985,377.620300
2021-04-06,406.119995,377.397339
2021-04-07,406.589996,377.834076
2021-04-08,408.519989,379.627625
2021-04-09,411.489990,382.387543
2021-04-12,411.640015,382.526978
2021-04-13,412.859985,383.660614
2021-04-14,411.450012,382.350403
2021-04-15,415.869995,386.457794
2021-04-16,417.260010,387.749451
2021-04-19,415.209991,385.844482
2021-04-20,412.170013,383.019501
2021-04-21,416.070007,386.643707
2021-04-22,412.269989,383.112396
2021-04-23,416.739990,387.266205
2021-04-26,417.609985,388.074768
2021-04-27,417.519989,387.991058
2021-04-28,417.399994,387.879547
2021-04-29,420.059998,390.351440
2021-04-30,417.299988,387.786560
2021-05-03,418.200012,388.622986
2021-05-04,415.619995,386.225403
2021-05-05,415.750000,386.346191
2021-05-06,419.070007,389.431458
2021-05-07,422.119995,392.265656
2021-05-10,417.940002,388.381348
2021-05-11,414.209991,384.915070
2021-05-12,405.410004,376.737579
2021-05-13,410.279999,381.263123
2021-05-14,416.579987,387.117523
2021-05-17,415.519989,386.132507
2021-05-18,411.940002,382.805664
2021-05-19,410.859985,381.802094
2021-05-20,415.279999,385.909515
2021-05-21,414.940002,385.593597
2021-05-24,419.170013,389.524353
2021-05-25,418.239990,388.660156
2021-05-26,419.070007,389.431458
2021-05-27,419.290009,389.635895
2021-05-28,420.040009,390.332794
2021-06-01,419.670013,389.989014
2021-06-02,420.329987,390.602295
2021-06-03,418.769989,389.152710
2021-06-04,422.600006,392.711823
2021-06-07,422.190002,392.330811
2021-06-08,422.279999,392.414429
2021-06-09,421.649994,391.828949
2021-06-10,423.609985,393.650360
2021-06-11,424.309998,394.300842
2021-06-14,425.260010,395.183685
2021-06-15,424.480011,394.458801
2021-06-16,422.109985,392.256409
2021-06-17,421.970001,392.126373
2021-06-18,414.920013,386.836395
2021-06-21,420.859985,392.374359
2021-06-22,423.109985,394.472046
2021-06-23,422.600006,393.996613
2021-06-24,425.100006,396.327362
2021-06-25,426.609985,397.735138
2021-06-28,427.470001,398.536987
2021-06-29,427.700012,398.751404
2021-06-30,428.059998,399.087006
2021-07-01,430.429993,401.296631
2021-07-02,433.720001,404.363922
2021-07-06,432.929993,403.627441
2021-07-07,434.459991,405.053833
2021-07-08,430.920013,401.753418
2021-07-09,435.519989,406.042084
2021-07-12,437.079987,407.496582
2021-07-13,435.589996,406.107391
2021-07-14,436.239990,406.713379
2021-07-15,434.750000,405.324188
2021-07-16,431.339996,402.144989
2021-07-19,424.970001,396.206116
2021-07-20,431.059998,401.883911
2021-07-21,434.549988,405.137787
2021-07-22,435.459991,405.986115
2021-07-23,439.940002,410.162933
2021-07-26,441.019989,411.169830
2021-07-27,439.010010,409.295898
2021-07-28,438.829987,409.128113
2021-07-29,440.649994,410.824860
2021-07-30,438.510010,408.829712
2021-08-02,437.589996,407.971924
2021-08-03,441.149994,411.290985
2021-08-04,438.980011,409.267975
2021-08-05,441.760010,411.859741
2021-08-06,442.489990,412.540283
2021-08-09,442.130005,412.204742
2021-08-10,442.679993,412.717438
2021-08-11,443.779999,413.742981
2021-08-12,445.109985,414.983032
2021-08-13,445.920013,415.738220
2021-08-16,446.970001,416.717133
2021-08-17,444.040009,413.985443
2021-08-18,439.179993,409.454376
2021-08-19,439.859985,410.088318
2021-08-20,443.359985,413.351440
2021-08-23,447.260010,416.987488
2021-08-24,447.970001,417.649475
2021-08-25,448.910004,418.525818
2021-08-26,446.260010,416.055206
2021-08-27,450.250000,419.775085
2021-08-30,452.230011,421.621185
2021-08-31,451.559998,420.996460
2021-09-01,451.799988,421.220215
2021-09-02,453.190002,422.516083
2021-09-03,453.079987,422.413544
2021-09-07,451.459991,420.903229
2021-09-08,450.910004,420.390381
2021-09-09,448.980011,418.591064
2021-09-10,445.440002,415.290619
2021-09-13,446.579987,416.353424
2021-09-14,444.170013,414.106567
2021-09-15,447.880005,417.565552
2021-09-16,447.170013,416.903625
2021-09-17,441.399994,412.842529
2021-09-20,434.040009,405.958710
2021-09-21,433.630005,405.575256
2021-09-22,437.859985,409.531555
2021-09-23,443.179993,414.507294
2021-09-24,443.910004,415.190063
2021-09-27,442.640015,414.002319
2021-09-28,433.720001,405.659332
2021-09-29,434.450012,406.342194
2021-09-30,429.140015,401.375702
2021-10-01,434.239990,406.145752
2021-10-04,428.640015,400.908051
2021-10-05,433.100006,405.079498
2021-10-06,434.899994,406.763000
2021-10-07,438.660004,410.279785
2021-10-08,437.859985,409.531555
2021-10-11,434.690002,406.566650
2021-10-12,433.619995,405.565918
2021-10-13,435.179993,407.024872
2021-10-14,442.500000,413.871307
2021-10-15,445.869995,417.023346
2021-10-18,447.190002,418.257904
2021-10-19,450.640015,421.484741
2021-10-20,452.410004,423.140198
2021-10-21,453.589996,424.243835
2021-10-22,453.119995,423.804260
2021-10-25,455.549988,426.076935
2021-10-26,455.959991,426.460480
2021-10-27,453.940002,424.571136
2021-10-28,458.320007,428.667847
2021-10-29,459.250000,429.537659
2021-11-01,460.040009,430.276520
2021-11-02,461.899994,432.016144
2021-11-03,464.720001,434.653717
2021-11-04,466.910004,436.702087
2021-11-05,468.529999,438.217316
2021-11-08,468.929993,438.591370
2021-11-09,467.380005,437.141663
2021-11-10,463.619995,433.624878
2021-11-11,463.769989,433.765198
2021-11-12,467.269989,437.038727
2021-11-15,467.429993,437.188385
2021-11-16,469.279999,438.918732
2021-11-17,468.140015,437.852539
2021-11-18,469.730011,439.339661
2021-11-19,468.890015,438.553955
2021-11-22,467.570007,437.319305
2021-11-23,468.190002,437.899292
2021-11-24,469.440002,439.068481
2021-11-26,458.970001,429.275818
2021-11-29,464.600006,434.541534
2021-11-30,455.559998,426.086456
2021-12-01,450.500000,421.353729
2021-12-02,457.399994,427.807312
2021-12-03,453.420013,424.084717
2021-12-06,458.790009,429.107422
2021-12-07,468.279999,437.983429
2021-12-08,469.519989,439.143188
2021-12-09,466.350006,436.178253
2021-12-10,470.739990,440.284271
2021-12-13,466.570007,436.384033
2021-12-14,463.359985,433.381683
2021-12-15,470.600006,440.153290
2021-12-16,466.450012,436.271790
2021-12-17,459.869995,431.628601
2021-12-20,454.980011,427.038940
2021-12-21,463.059998,434.622711
2021-12-22,467.690002,438.968445
2021-12-23,470.600006,441.699646
2021-12-27,477.260010,447.950684
2021-12-28,476.869995,447.584625
2021-12-29,477.480011,448.157196
2021-12-30,476.160004,446.918213
2021-12-31,474.959991,445.791901
2022-01-03,477.709991,448.373077
2022-01-04,477.549988,448.222870
2022-01-05,468.380005,439.615997
2022-01-06,467.940002,439.203094
2022-01-07,466.089996,437.466705
2022-01-10,465.510010,436.922363
2022-01-11,469.750000,440.901886
2022-01-12,471.019989,442.093903
2022-01-13,464.529999,436.002472
2022-01-14,464.720001,436.180756
2022-01-18,456.489990,428.456268
2022-01-19,451.750000,424.007263
2022-01-20,446.750000,419.314301
2022-01-21,437.980011,411.082947
2022-01-24,439.839996,412.828674
2022-01-25,434.470001,407.788513
2022-01-26,433.380005,406.765472
2022-01-27,431.239990,404.756836
2022-01-28,441.950012,414.809143
2022-01-31,449.910004,422.280243
2022-02-01,452.950012,425.133667
2022-02-02,457.350006,429.263367
2022-02-03,446.600006,419.173553
2022-02-04,448.700012,421.144653
2022-02-07,447.260010,419.793060
2022-02-08,450.940002,423.247101
2022-02-09,457.540009,429.441772
2022-02-10,449.320007,421.726562
2022-02-11,440.459991,413.410675
2022-02-14,439.019989,412.059113
2022-02-15,446.100006,418.704254
2022-02-16,446.600006,419.173553
2022-02-17,437.059998,410.219452
2022-02-18,434.230011,407.563202
2022-02-22,429.570007,403.189484
2022-02-23,421.950012,396.037415
2022-02-24,428.299988,401.997314
2022-02-25,437.750000,410.867096
2022-02-28,436.630005,409.815796
2022-03-01,429.980011,403.574280
2022-03-02,437.890015,410.998535
2022-03-03,435.709991,408.952301
2022-03-04,432.170013,405.629730
2022-03-07,419.429993,393.672211
2022-03-08,416.250000,390.687469
2022-03-09,427.410004,401.162109
2022-03-10,425.480011,399.350616
2022-03-11,420.070007,394.272827
2022-03-14,417.000000,391.391418
2022-03-15,426.170013,399.998260
2022-03-16,435.619995,408.867859
2022-03-17,441.070007,413.983185
2022-03-18,444.519989,418.517517
2022-03-21,444.390015,418.395111
2022-03-22,449.589996,423.290863
2022-03-23,443.799988,417.839600
2022-03-24,450.489990,424.138275
2022-03-25,452.690002,426.209503
2022-03-28,455.910004,429.241180
2022-03-29,461.549988,434.551239
2022-03-30,458.700012,431.867981
2022-03-31,451.640015,425.220947
2022-04-01,452.920013,426.426117
2022-04-04,456.799988,430.079102
2022-04-05,451.029999,424.646637
2022-04-06,446.519989,420.400482
2022-04-07,448.769989,422.518829
2022-04-08,447.570007,421.389069
2022-04-11,439.920013,414.186554
2022-04-12,438.290009,412.651917
2022-04-13,443.309998,417.378265
2022-04-14,437.790009,412.181091
2022-04-18,437.970001,412.350586
2022-04-19,445.040009,419.007019
2022-04-20,444.709991,418.696350
2022-04-21,438.059998,412.435364
2022-04-22,426.040009,401.118469
2022-04-25,428.510010,403.443939
2022-04-26,416.100006,391.759918
2022-04-27,417.269989,392.861481
2022-04-28,427.809998,402.784912
2022-04-29,412.000000,387.899750
2022-05-02,414.480011,390.234680
2022-05-03,416.380005,392.023529
2022-05-04,429.059998,403.961731
2022-05-05,413.809998,389.603912
2022-05-06,411.339996,387.278320
2022-05-09,398.170013,374.878754
2022-05-10,399.089996,375.744965
2022-05-11,392.750000,369.775787
2022-05-12,392.339996,369.389771
2022-05-13,401.720001,378.221130
2022-05-16,400.089996,376.686432
2022-05-17,408.320007,384.435028
2022-05-18,391.859985,368.937805
2022-05-19,389.459991,366.678162
2022-05-20,389.630005,366.838318
2022-05-23,396.920013,373.701843
2022-05-24,393.890015,370.849152
2022-05-25,397.369995,374.125519
2022-05-26,405.309998,381.601135
2022-05-27,415.260010,390.969086
2022-05-31,412.929993,388.775299
2022-06-01,409.589996,385.630676
2022-06-02,417.390015,392.974487
2022-06-03,410.540009,386.525116
2022-06-06,411.790009,387.702057
2022-06-07,415.739990,391.420929
2022-06-08,411.220001,387.165375
2022-06-09,401.440002,377.957489
2022-06-10,389.799988,366.998352
2022-06-13,375.000000,353.064117
2022-06-14,373.869995,352.000214
2022-06-15,379.200012,357.018463
2022-06-16,366.649994,345.202484
2022-06-17,365.859985,345.946625
2022-06-21,375.070007,354.655365
2022-06-22,374.390015,354.012360
2022-06-23,378.059998,357.482635
2022-06-24,390.079987,368.848450
2022-06-27,388.589996,367.439514
2022-06-28,380.649994,359.931671
2022-06-29,380.339996,359.638611
2022-06-30,377.250000,356.716766
2022-07-01,381.239990,360.489563
2022-07-05,381.959991,361.170380
2022-07-06,383.250000,362.390259
2022-07-07,388.989990,367.817749
2022-07-08,388.670013,367.515228
2022-07-11,384.230011,363.316803
2022-07-12,380.829987,360.101898
2022-07-13,378.829987,358.210754
2022-07-14,377.910004,357.340851
2022-07-15,385.130005,364.167908
2022-07-18,381.950012,361.160919
2022-07-19,392.269989,370.919281
2022-07-20,394.769989,373.283112
2022-07-21,398.790009,377.084351
2022-07-22,395.089996,373.585724
2022-07-25,395.570007,374.039581
2022-07-26,390.890015,369.614349
2022-07-27,401.040009,379.211945
2022-07-28,406.070007,383.968140
2022-07-29,411.989990,389.565979
2022-08-01,410.769989,388.412262
2022-08-02,408.059998,385.849823
2022-08-03,414.450012,391.891998
2022-08-04,414.170013,391.627228
2022-08-05,413.470001,390.965363
2022-08-08,412.989990,390.511475
2022-08-09,411.350006,388.960785
2022-08-10,419.989990,397.130524
2022-08-11,419.989990,397.130524
2022-08-12,427.100006,403.853485
2022-08-15,428.859985,405.517670
2022-08-16,429.700012,406.311920
2022-08-17,426.649994,403.427979
2022-08-18,427.890015,404.600494
2022-08-19,422.140015,399.163452
2022-08-22,413.350006,390.851837
2022-08-23,412.350006,389.906281
2022-08-24,413.670013,391.154419
2022-08-25,419.510010,396.676636
2022-08-26,405.309998,383.249481
2022-08-29,402.630005,380.715332
2022-08-30,398.209991,376.535919
2022-08-31,395.179993,373.670837
2022-09-01,396.420013,374.843353
2022-09-02,392.239990,370.890839
2022-09-06,390.760010,369.491425
2022-09-07,397.779999,376.129364
2022-09-08,400.380005,378.587830
2022-09-09,406.600006,384.469269
2022-09-12,410.970001,388.601379
2022-09-13,393.100006,371.704041
2022-09-14,394.600006,373.122406
2022-09-15,390.119995,368.886261
2022-09-16,385.559998,366.072052
2022-09-19,388.549988,368.910919
2022-09-20,384.089996,364.676270
2022-09-21,377.390015,358.315063
2022-09-22,374.220001,355.305176
2022-09-23,367.950012,349.352173
2022-09-26,364.309998,345.896149
2022-09-27,363.380005,345.013153
2022-09-28,370.529999,351.801697
2022-09-29,362.790009,344.452972
2022-09-30,357.179993,339.126526
2022-10-03,366.609985,348.079834
2022-10-04,377.970001,358.865601
2022-10-05,377.089996,358.030121
2022-10-06,373.200012,354.336761
2022-10-07,362.790009,344.452972
2022-10-10,360.019989,341.822998
2022-10-11,357.739990,339.658203
2022-10-12,356.559998,338.537811
2022-10-13,365.970001,347.472260
2022-10-14,357.630005,339.553802
2022-10-17,366.820007,348.279297
2022-10-18,371.130005,352.371429
2022-10-19,368.500000,349.874329
2022-10-20,365.410004,346.940521
2022-10-21,374.290009,355.371704
2022-10-24,378.869995,359.720184
2022-10-25,384.920013,365.464478
2022-10-26,382.019989,362.711029
2022-10-27,379.980011,360.774078
2022-10-28,389.019989,369.357178
2022-10-31,386.209991,366.689209
2022-11-01,384.519989,365.084625
2022-11-02,374.869995,355.922424
2022-11-03,371.010010,352.257477
2022-11-04,376.350006,357.327606
2022-11-07,379.950012,360.745605
2022-11-08,382.000000,362.691986
2022-11-09,374.130005,355.219788
2022-11-10,394.690002,374.740570
2022-11-11,398.510010,378.367584
2022-11-14,395.119995,375.148834
2022-11-15,398.489990,378.348511
2022-11-16,395.450012,375.462219
2022-11-17,394.239990,374.313293
2022-11-18,396.029999,376.012878
2022-11-21,394.589996,374.645599
2022-11-22,399.899994,379.687225
2022-11-23,402.420013,382.079926
2022-11-25,402.329987,381.994476
2022-11-28,395.910004,375.898926
2022-11-29,395.230011,375.253296
2022-11-30,407.679993,387.073944
2022-12-01,407.380005,386.789185
2022-12-02,406.910004,386.343018
2022-12-05,399.589996,379.392822
2022-12-06,393.829987,373.924072
2022-12-07,393.160004,373.287994
2022-12-08,396.239990,376.212219
2022-12-09,393.279999,373.401764
2022-12-12,398.950012,378.785309
2022-12-13,401.970001,381.652557
2022-12-14,399.399994,379.212524
2022-12-15,389.630005,369.936371
2022-12-16,383.269989,365.568848
2022-12-19,380.019989,362.468933
2022-12-20,380.540009,362.964996
2022-12-21,386.230011,368.392120
2022-12-22,380.720001,363.136566
2022-12-23,382.910004,365.225494
2022-12-27,381.399994,363.785217
2022-12-28,376.660004,359.264099
2022-12-29,383.440002,365.730927
2022-12-30,382.429993,364.767609
2023-01-03,380.820007,363.232056
2023-01-04,383.760010,366.036194
2023-01-05,379.380005,361.858490
2023-01-06,388.079987,370.156647
2023-01-09,387.859985,369.946838
2023-01-10,390.579987,372.541229
2023-01-11,395.519989,377.252991
2023-01-12,396.959991,378.626587
2023-01-13,398.500000,380.095459
2023-01-17,397.769989,379.399200
2023-01-18,391.489990,373.409210
2023-01-19,388.640015,370.690857
2023-01-20,395.880005,377.596405
2023-01-23,400.630005,382.127136
2023-01-24,400.200012,381.716980
2023-01-25,400.350006,381.860077
2023-01-26,404.750000,386.056763
2023-01-27,405.679993,386.943848
2023-01-30,400.589996,382.088867
2023-01-31,406.480011,387.706940
2023-02-01,410.799988,391.827362
2023-02-02,416.779999,397.531219
2023-02-03,412.350006,393.305786
2023-02-06,409.829987,390.902222
2023-02-07,415.190002,396.014618
2023-02-08,410.649994,391.684265
2023-02-09,407.089996,388.288666
2023-02-10,408.040009,389.194855
2023-02-13,412.829987,393.763580
2023-02-14,412.640015,393.582428
2023-02-15,413.980011,394.860535
2023-02-16,408.279999,389.423767
2023-02-17,407.260010,388.450806
2023-02-21,399.089996,380.658234
2023-02-22,398.540009,380.133606
2023-02-23,400.660004,382.155731
2023-02-24,396.380005,378.073364
2023-02-27,397.730011,379.361023
2023-02-28,396.260010,377.958954
2023-03-01,394.739990,376.509064
2023-03-02,397.809998,379.437286
2023-03-03,404.190002,385.522614
2023-03-06,404.470001,385.789703
2023-03-07,398.269989,379.876007
2023-03-08,398.920013,380.496002
2023-03-09,391.559998,373.475952
2023-03-10,385.910004,368.086914
2023-03-13,385.359985,367.562317
2023-03-14,391.730011,373.638062
2023-03-15,389.279999,371.301208
2023-03-16,396.109985,377.815826
2023-03-17,389.989990,373.398193
2023-03-20,393.739990,376.988556
2023-03-21,398.910004,381.938599
2023-03-22,392.109985,375.427917
2023-03-23,393.170013,376.442902
2023-03-24,395.750000,378.913086
2023-03-27,396.489990,379.621552
2023-03-28,395.600006,378.769501
2023-03-29,401.350006,384.274811
2023-03-30,403.700012,386.524872
2023-03-31,409.390015,391.972778
2023-04-03,410.950012,393.466400
2023-04-04,408.670013,391.283417
2023-04-05,407.600006,390.258942
2023-04-06,409.190002,391.781250
2023-04-10,409.609985,392.183411
2023-04-11,409.720001,392.288696
2023-04-12,408.049988,390.689758
2023-04-13,413.470001,395.879181
2023-04-14,412.459991,394.912140
2023-04-17,413.940002,396.329163
2023-04-18,414.209991,396.587646
2023-04-19,414.140015,396.520691
2023-04-20,411.880005,394.356842
2023-04-21,412.200012,394.663269
2023-04-24,412.630005,395.074921
2023-04-25,406.079987,388.803589
2023-04-26,404.359985,387.156799
2023-04-27,412.410004,394.864288
2023-04-28,415.929993,398.234558
2023-05-01,415.510010,397.832428
2023-05-02,410.839996,393.361023
2023-05-03,408.019989,390.661072
2023-05-04,405.130005,387.893982
2023-05-05,412.630005,395.074921
2023-05-08,412.739990,395.180267
2023-05-09,410.929993,393.447266
2023-05-10,412.850006,395.285583
2023-05-11,412.130005,394.596161
2023-05-12,411.589996,394.079193
2023-05-15,413.010010,395.438751
2023-05-16,410.250000,392.796173
2023-05-17,415.230011,397.564331
2023-05-18,419.230011,401.394043
2023-05-19,418.619995,400.810028
2023-05-22,418.790009,400.972900
2023-05-23,414.089996,396.472809
2023-05-24,411.089996,393.600464
2023-05-25,414.649994,397.009003
2023-05-26,420.019989,402.150482
2023-05-30,420.179993,402.303680
2023-05-31,417.850006,400.072876
2023-06-01,421.820007,403.873962
2023-06-02,427.920013,409.714386
2023-06-05,427.100006,408.929291
2023-06-06,428.029999,409.819733
2023-06-07,426.549988,408.402679
2023-06-08,429.130005,410.872955
2023-06-09,429.899994,411.610107
2023-06-12,433.799988,415.344269
2023-06-13,436.660004,418.082581
2023-06-14,437.179993,418.580444
2023-06-15,442.600006,423.769806
2023-06-16,439.459991,422.326447
2023-06-20,437.179993,420.135315
2023-06-21,434.940002,417.982697
2023-06-22,436.510010,419.491486
2023-06-23,433.209991,416.320068
2023-06-26,431.440002,414.619171
2023-06-27,436.170013,419.164673
2023-06-28,436.390015,419.376190
2023-06-29,438.109985,421.029022
2023-06-30,443.279999,425.997498
2023-07-03,443.790009,426.487640
2023-07-05,443.130005,425.853333
2023-07-06,439.660004,422.518616
2023-07-07,438.549988,421.451904
2023-07-10,439.660004,422.518616
2023-07-11,442.459991,425.209442
2023-07-12,446.019989,428.630676
2023-07-13,449.559998,432.032654
2023-07-14,449.279999,431.763580
2023-07-17,450.839996,433.262695
2023-07-18,454.190002,436.482117
2023-07-19,455.200012,437.452789
2023-07-20,452.179993,434.550507
2023-07-21,452.179993,434.550507
2023-07-24,454.200012,436.491699
2023-07-25,455.440002,437.683380
2023-07-26,455.510010,437.750732
2023-07-27,452.489990,434.848419
2023-07-28,456.920013,439.105652
2023-07-31,457.790009,439.941833
2023-08-01,456.480011,438.682892
2023-08-02,450.130005,432.580383
2023-08-03,448.839996,431.340759
2023-08-04,446.809998,429.389862
2023-08-07,450.709991,433.137817
2023-08-08,448.750000,431.254211
2023-08-09,445.750000,428.371216
2023-08-10,445.910004,428.524933
2023-08-11,445.649994,428.275116
2023-08-14,448.109985,430.639191
2023-08-15,442.890015,425.622711
2023-08-16,439.640015,422.499420
2023-08-17,436.290009,419.280029
2023-08-18,436.500000,419.481842
2023-08-21,439.339996,422.211090
2023-08-22,438.149994,421.067566
2023-08-23,443.029999,425.757294
2023-08-24,436.890015,419.856659
2023-08-25,439.970001,422.816528
2023-08-28,442.760010,425.497742
2023-08-29,449.160004,431.648224
2023-08-30,451.010010,433.426147
2023-08-31,450.350006,432.791870
2023-09-01,451.190002,433.599091
2023-09-05,449.239990,431.725098
2023-09-06,446.220001,428.822845
2023-09-07,444.850006,427.506256
2023-09-08,445.519989,428.150146
2023-09-11,448.450012,430.966003
2023-09-12,445.989990,428.601807
2023-09-13,446.510010,429.101593
2023-09-14,450.359985,432.801453
2023-09-15,443.369995,427.586914
2023-09-18,443.630005,427.837708
2023-09-19,442.709991,426.950470
2023-09-20,438.640015,423.025330
2023-09-21,431.390015,416.033447
2023-09-22,430.420013,415.097870
2023-09-25,432.230011,416.843536
2023-09-26,425.880005,410.719513
2023-09-27,426.049988,410.883484
2023-09-28,428.519989,413.265564
2023-09-29,427.480011,412.262543
2023-10-02,427.309998,412.098663
2023-10-03,421.589996,406.582245
2023-10-04,424.660004,409.543030
2023-10-05,424.500000,409.388641
2023-10-06,429.540009,414.249268
2023-10-09,432.290009,416.901398
2023-10-10,434.540009,419.071259
2023-10-11,436.320007,420.787903
2023-10-12,433.660004,418.222595
2023-10-13,431.500000,416.139465
2023-10-16,436.040009,420.517853
2023-10-17,436.019989,420.498566
2023-10-18,430.209991,414.895416
2023-10-19,426.429993,411.249939
2023-10-20,421.190002,406.196533
2023-10-23,420.459991,405.492462
2023-10-24,423.630005,408.549622
2023-10-25,417.549988,402.686035
2023-10-26,412.549988,397.864044
2023-10-27,410.679993,396.060608
2023-10-30,415.589996,400.795776
2023-10-31,418.200012,403.312958
2023-11-01,422.660004,407.614166
2023-11-02,430.760010,415.425842
2023-11-03,434.690002,419.215881
2023-11-06,435.690002,420.180328
2023-11-07,436.929993,421.376160
2023-11-08,437.250000,421.684845
2023-11-09,433.839996,418.396179
2023-11-10,440.609985,424.925171
2023-11-13,440.190002,424.520142
2023-11-14,448.730011,432.756134
2023-11-15,449.679993,433.672333
2023-11-16,450.230011,434.202637
2023-11-17,450.790009,434.742798
2023-11-20,454.260010,438.089264
2023-11-21,453.269989,437.134460
2023-11-22,455.019989,438.822296
2023-11-24,455.299988,439.092224
2023-11-27,454.480011,438.301422
2023-11-28,454.929993,438.735382
2023-11-29,454.609985,438.426819
2023-11-30,456.399994,440.153046
2023-12-01,459.100006,442.756989
2023-12-04,456.690002,440.432831
2023-12-05,456.600006,440.346008
2023-12-06,454.760010,438.571472
2023-12-07,458.230011,441.917938
2023-12-08,460.200012,443.817810
2023-12-11,461.989990,445.544067
2023-12-12,464.100006,447.578949
2023-12-13,470.500000,453.751099
2023-12-14,472.010010,455.207489
2023-12-15,469.329987,454.457855
2023-12-18,471.970001,457.014252
2023-12-19,474.839996,459.793365
2023-12-20,468.260010,453.421844
2023-12-21,472.700012,457.721191
2023-12-22,473.649994,458.641052
2023-12-26,475.649994,460.577667
2023-12-27,476.510010,461.410431
2023-12-28,476.690002,461.584747
2023-12-29,475.309998,460.248352
2024-01-02,472.649994,457.672699
2024-01-03,468.790009,453.935059
2024-01-04,467.279999,452.472839
2024-01-05,467.920013,453.092621
2024-01-08,474.600006,459.560944
2024-01-09,473.880005,458.863739
2024-01-10,476.559998,461.458771
2024-01-11,476.350006,461.255524
2024-01-12,476.679993,461.574982
2024-01-16,474.929993,459.880463
2024-01-17,472.290009,457.324127
2024-01-18,476.489990,461.391022
2024-01-19,482.429993,467.142822
2024-01-22,483.450012,468.130493
2024-01-23,484.859985,469.495789
2024-01-24,485.390015,470.009033
2024-01-25,488.029999,472.565369
2024-01-26,487.410004,471.965027
2024-01-29,491.269989,475.702667
2024-01-30,490.890015,475.334747
2024-01-31,482.880005,467.578522
2024-02-01,489.200012,473.698334
2024-02-02,494.350006,478.685120
2024-02-05,492.549988,476.942139
2024-02-06,493.980011,478.326843
2024-02-07,498.100006,482.316254
2024-02-08,498.320007,482.529327
2024-02-09,501.200012,485.318024
2024-02-12,500.980011,485.105011
2024-02-13,494.079987,478.423615
2024-02-14,498.570007,482.771393
2024-02-15,502.010010,486.102386
2024-02-16,499.510010,483.681641
2024-02-20,496.760010,481.018707
2024-02-21,497.209991,481.454376
2024-02-22,507.500000,491.418396
2024-02-23,507.850006,491.757324
2024-02-26,505.989990,489.956238
2024-02-27,506.929993,490.866455
2024-02-28,506.260010,490.217743
2024-02-29,508.079987,491.980011
2024-03-01,512.849976,496.598846
2024-03-04,512.299988,496.066284
2024-03-05,507.179993,491.108551
2024-03-06,509.750000,493.597137
2024-03-07,514.809998,498.496704
2024-03-08,511.720001,495.504700
2024-03-11,511.279999,495.078583
2024-03-12,516.780029,500.404327
2024-03-13,515.969971,499.619904
2024-03-14,514.950012,498.632355
2024-03-15,509.829987,495.208374
2024-03-18,512.859985,498.151489
2024-03-19,515.710022,500.919830
2024-03-20,520.479980,505.553070
2024-03-21,522.200012,507.223755
2024-03-22,521.210022,506.262054
2024-03-25,519.770020,504.863342
2024-03-26,518.809998,503.930939
2024-03-27,523.169983,508.165894
2024-03-28,523.070007,508.068726
2024-04-01,522.159973,507.184753
2024-04-02,518.840027,503.959991
2024-04-03,519.409973,504.513672
2024-04-04,513.070007,498.355530
2024-04-05,518.429993,503.561768
2024-04-08,518.719971,503.843384
2024-04-09,519.320007,504.426239
2024-04-10,514.119995,499.375427
2024-04-11,518.000000,503.144165
2024-04-12,510.850006,496.199188
2024-04-15,504.450012,489.982758
2024-04-16,503.529999,489.089111
2024-04-17,500.549988,486.194550
2024-04-18,499.519989,485.194153
2024-04-19,495.160004,480.959106
2024-04-22,499.720001,485.388336
2024-04-23,505.649994,491.148224
2024-04-24,505.410004,490.915161
2024-04-25,503.489990,489.050262
2024-04-26,508.260010,493.683472
2024-04-29,510.059998,495.431793
2024-04-30,501.980011,487.583618
2024-05-01,500.350006,486.000397
2024-05-02,505.029999,490.546112
2024-05-03,511.290009,496.626556
2024-05-06,516.570007,501.755157
2024-05-07,517.140015,502.308777
2024-05-08,517.190002,502.357422
2024-05-09,520.169983,505.251892
2024-05-10,520.840027,505.902710
2024-05-13,520.909973,505.970642
2024-05-14,523.299988,508.292084
2024-05-15,529.780029,514.586365
2024-05-16,528.690002,513.527588
2024-05-17,529.450012,514.265686
2024-05-20,530.059998,514.858215
2024-05-21,531.359985,516.120972
2024-05-22,529.830017,514.634766
2024-05-23,525.960022,510.875824
2024-05-24,529.440002,514.256042
2024-05-28,529.809998,514.615356
2024-05-29,526.099976,511.011810
2024-05-30,522.609985,507.621887
2024-05-31,527.369995,512.245422
2024-06-03,527.799988,512.663086
2024-06-04,528.390015,513.236206
2024-06-05,534.669983,519.336060
2024-06-06,534.659973,519.326355
2024-06-07,534.010010,518.694946
2024-06-10,535.659973,520.297607
2024-06-11,536.950012,521.550659
2024-06-12,541.359985,525.834167
2024-06-13,542.450012,526.892822
2024-06-14,542.780029,527.213562
2024-06-17,547.099976,531.409424
2024-06-18,548.489990,532.759766
2024-06-20,547.000000,531.312378
2024-06-21,544.510010,530.600159
2024-06-24,542.739990,528.875305
2024-06-25,544.830017,530.911926
2024-06-26,545.510010,531.574585
2024-06-27,546.369995,532.412476
2024-06-28,544.219971,530.317505
2024-07-01,545.340027,531.408875
2024-07-02,549.010010,534.985229
2024-07-03,551.460022,537.372559
2024-07-05,554.640015,540.471252
2024-07-08,555.280029,541.095032
2024-07-09,555.820007,541.621094
2024-07-10,561.320007,546.980713
2024-07-11,556.479980,542.264282
2024-07-12,559.989990,545.684692
2024-07-15,561.530029,547.185364
2024-07-16,564.859985,550.430298
2024-07-17,556.940002,542.712585
2024-07-18,552.659973,538.541870
2024-07-19,548.989990,534.965637
2024-07-22,554.650024,540.481140
2024-07-23,553.780029,539.633301
2024-07-24,541.229980,527.403809
2024-07-25,538.409973,524.655884
2024-07-26,544.440002,530.531860
2024-07-29,544.760010,530.843750
2024-07-30,542.000000,528.154236
2024-07-31,550.809998,536.739197
2024-08-01,543.010010,529.138367
2024-08-02,532.900024,519.286743
2024-08-05,517.380005,504.163086
2024-08-06,522.150024,508.811310
2024-08-07,518.659973,505.410400
2024-08-08,530.650024,517.094238
2024-08-09,532.989990,519.374329
2024-08-12,533.270020,519.647339
2024-08-13,542.039978,528.193237
2024-08-14,543.750000,529.859497
2024-08-15,553.070007,538.941467
2024-08-16,554.309998,540.149780
2024-08-19,559.609985,545.314453
2024-08-20,558.700012,544.427612
2024-08-21,560.619995,546.298523
2024-08-22,556.219971,542.010925
2024-08-23,562.130005,547.770020
2024-08-26,560.789978,546.464233
2024-08-27,561.559998,547.214478
2024-08-28,558.299988,544.037720
2024-08-29,558.349976,544.086487
2024-08-30,563.679993,549.280396
2024-09-03,552.080017,537.976685
2024-09-04,550.950012,536.875610
2024-09-05,549.609985,535.569824
2024-09-06,540.359985,526.556091
2024-09-09,546.409973,532.451477
2024-09-10,548.789978,534.770752
2024-09-11,554.419983,540.256958
2024-09-12,559.090027,544.807739
2024-09-13,562.010010,547.653015
2024-09-16,562.840027,548.461914
2024-09-17,563.070007,548.685974
2024-09-18,561.400024,547.058655
2024-09-19,570.979980,556.393921
2024-09-20,568.250000,555.432129
2024-09-23,569.669983,556.820068
2024-09-24,571.299988,558.413208
2024-09-25,570.039978,557.181702
2024-09-26,572.299988,559.390747
2024-09-27,571.469971,558.579407
2024-09-30,573.760010,560.817749
2024-10-01,568.619995,555.793762
2024-10-02,568.859985,556.028320
2024-10-03,567.820007,555.011780
2024-10-04,572.979980,560.055359
2024-10-07,567.799988,554.992188
2024-10-08,573.169983,560.241089
2024-10-09,577.140015,564.121643
2024-10-10,576.130005,563.134338
2024-10-11,579.580017,566.506531
2024-10-14,584.320007,571.139587
2024-10-15,579.780029,566.701965
2024-10-16,582.299988,569.165222
2024-10-17,582.349976,569.214050
2024-10-18,584.590027,571.403503
2024-10-21,583.630005,570.465210
2024-10-22,583.320007,570.162231
2024-10-23,577.989990,564.952332
2024-10-24,579.239990,566.174133
2024-10-25,579.039978,565.978638
2024-10-28,580.830017,567.728394
2024-10-29,581.770020,568.647156
2024-10-30,580.010010,566.926880
2024-10-31,568.640015,555.813354
2024-11-01,571.039978,558.159119
2024-11-04,569.809998,556.956909
2024-11-05,576.700012,563.691406
2024-11-06,591.039978,577.708008
2024-11-07,595.609985,582.174927
2024-11-08,598.190002,584.696838
2024-11-11,598.760010,585.253845
2024-11-12,596.900024,583.435852
2024-11-13,597.190002,583.719360
2024-11-14,593.349976,579.965881
2024-11-15,585.750000,572.537354
2024-11-18,588.150024,574.883118
2024-11-19,590.299988,576.984741
2024-11-20,590.500000,577.180237
2024-11-21,593.669983,580.278687
2024-11-22,595.510010,582.077271
2024-11-25,597.530029,584.051758
2024-11-26,600.650024,587.101318
2024-11-27,598.830017,585.322327
2024-11-29,602.549988,588.958435
2024-12-02,603.630005,590.014038
2024-12-03,603.909973,590.287659
2024-12-04,607.659973,593.953064
2024-12-05,606.659973,592.975769
2024-12-06,607.809998,594.099792
2024-12-09,604.679993,591.040344
2024-12-10,602.799988,589.202820
2024-12-11,607.460022,593.757629
2024-12-12,604.330017,590.698303
2024-12-13,604.210022,590.580994
2024-12-16,606.789978,593.102722
2024-12-17,604.289978,590.659119
2024-12-18,586.280029,573.055420
2024-12-19,586.099976,572.879333
2024-12-20,591.150024,579.760376
2024-12-23,594.690002,583.232178
2024-12-24,601.299988,589.714722
2024-12-26,601.340027,589.754028
2024-12-27,595.010010,583.545837
2024-12-30,588.219971,576.886719
2024-12-31,586.080017,574.787903
2025-01-02,584.640015,573.375732
2025-01-03,591.950012,580.544922
2025-01-06,595.359985,583.889160
2025-01-07,588.630005,577.288818
2025-01-08,589.489990,578.132263
2025-01-10,580.489990,569.305603
2025-01-13,581.390015,570.188354
2025-01-14,582.190002,570.972839
2025-01-15,592.780029,581.358948
2025-01-16,591.640015,580.240906
2025-01-17,597.580017,586.066467
2025-01-21,603.049988,591.430969
2025-01-22,606.440002,594.755737
2025-01-23,609.750000,598.001892
2025-01-24,607.969971,596.256042
2025-01-27,599.369995,587.821960
2025-01-28,604.520020,592.872742
2025-01-29,601.809998,590.214905
2025-01-30,605.039978,593.382568
2025-01-31,601.820007,590.224670
2025-02-03,597.770020,586.252686
2025-02-04,601.780029,590.185425
2025-02-05,604.219971,592.578369
2025-02-06,606.320007,594.638062
2025-02-07,600.770020,589.195007
2025-02-10,604.849976,593.196350
2025-02-11,605.309998,593.647522
2025-02-12,603.359985,591.734924
2025-02-13,609.729980,597.982239
2025-02-14,609.700012,597.952820
2025-02-18,611.489990,599.708313
2025-02-19,612.929993,601.120728
2025-02-20,610.380005,598.619690
2025-02-21,599.940002,588.380920
2025-02-24,597.210022,585.703613
2025-02-25,594.239990,582.790710
2025-02-26,594.539978,583.084900
2025-02-27,585.049988,573.777832
2025-02-28,594.179993,582.731934
2025-03-03,583.770020,572.522461
2025-03-04,576.859985,565.745667
2025-03-05,583.059998,571.826111
2025-03-06,572.710022,561.675415
2025-03-07,575.919983,564.823669
2025-03-10,560.580017,549.779236
2025-03-11,555.919983,545.209045
2025-03-12,558.869995,548.102234
2025-03-13,551.419983,540.795654
2025-03-14,562.809998,551.966248
2025-03-17,567.150024,556.222717
2025-03-18,561.020020,550.210815
2025-03-19,567.130005,556.203125
2025-03-20,565.489990,554.594666
2025-03-21,563.979980,554.777649
2025-03-24,574.080017,564.712891
2025-03-25,575.460022,566.070312
2025-03-26,568.590027,559.312500
2025-03-27,567.080017,557.827087
2025-03-28,555.659973,546.593384
2025-03-31,559.390015,550.262573
2025-04-01,560.969971,551.816772
2025-04-02,564.520020,555.308899
2025-04-03,536.700012,527.942871
2025-04-04,505.279999,497.035431
2025-04-07,504.380005,496.150116
2025-04-08,496.480011,488.379089
2025-04-09,548.619995,539.668335
2025-04-10,524.580017,516.020508
2025-04-11,533.940002,525.227722
2025-04-14,539.119995,530.323303
2025-04-15,537.609985,528.837891
2025-04-16,525.659973,517.082886
2025-04-17,526.409973,517.820679
2025-04-21,513.880005,505.495117
2025-04-22,527.250000,518.646973
2025-04-23,535.419983,526.683594
2025-04-24,546.690002,537.769836
2025-04-25,550.640015,541.655334
2025-04-28,550.849976,541.861877
2025-04-29,554.320007,545.275269
2025-04-30,554.539978,545.491638
2025-05-01,558.469971,549.357544
2025-05-02,566.760010,557.512268
2025-05-05,563.510010,554.315308
2025-05-06,558.799988,549.682129
2025-05-07,561.150024,551.993835
2025-05-08,565.059998,555.840088
2025-05-09,564.340027,555.131775
2025-05-12,582.989990,573.477478
2025-05-13,586.840027,577.264648
2025-05-14,587.590027,578.002441
2025-05-15,590.460022,580.825562
2025-05-16,594.200012,584.504517
2025-05-19,594.849976,585.143982
2025-05-20,592.849976,583.176575
2025-05-21,582.859985,573.349548
2025-05-22,583.090027,573.575928
2025-05-23,579.109985,569.660706
2025-05-27,591.150024,581.504395
2025-05-28,587.729980,578.140198
2025-05-29,590.049988,580.422302
2025-05-30,589.390015,579.773132
2025-06-02,592.710022,583.038879
2025-06-03,596.090027,586.363708
2025-06-04,595.929993,586.206360
2025-06-05,593.049988,583.373352
2025-06-06,599.140015,589.363953
2025-06-09,599.679993,589.895142
2025-06-10,603.080017,593.239685
2025-06-11,601.359985,591.547791
2025-06-12,603.750000,593.898682
2025-06-13,597.000000,587.258850
2025-06-16,602.679993,592.846191
2025-06-17,597.530029,587.780273
2025-06-18,597.440002,587.691711
2025-06-20,594.280029,586.311462
2025-06-23,600.150024,592.102722
2025-06-24,606.780029,598.643799
2025-06-25,607.119995,598.979309
2025-06-26,611.869995,603.665588
2025-06-27,614.909973,606.664795
2025-06-30,617.849976,609.565308
2025-07-01,617.650024,609.368103
2025-07-02,620.450012,612.130615
2025-07-03,625.340027,616.955017
2025-07-07,620.679993,612.357361
2025-07-08,620.340027,612.022034
2025-07-09,624.059998,615.692139
2025-07-10,625.820007,617.428528
2025-07-11,623.619995,615.258057
2025-07-14,624.809998,616.432068
2025-07-15,622.140015,613.797852
2025-07-16,624.219971,615.849915
2025-07-17,628.039978,619.618713
2025-07-18,627.580017,619.164917
2025-07-21,628.770020,620.338989
2025-07-22,628.859985,620.427795
2025-07-23,634.210022,625.705994
2025-07-24,634.419983,625.913208
2025-07-25,637.099976,628.557251
2025-07-28,636.940002,628.399475
2025-07-29,635.260010,626.742004
2025-07-30,634.460022,625.952637
2025-07-31,632.080017,623.604614
2025-08-01,621.719971,613.383423
2025-08-04,631.169983,622.706787
2025-08-05,627.969971,619.549683
2025-08-06,632.780029,624.295288
2025-08-07,632.250000,623.772339
2025-08-08,637.179993,628.636169
2025-08-11,635.919983,627.393127
2025-08-12,642.690002,634.072327
2025-08-13,644.890015,636.242920
2025-08-14,644.950012,636.302002
2025-08-15,643.440002,634.812256
2025-08-18,643.299988,634.674133
2025-08-19,639.809998,631.230896
2025-08-20,638.109985,629.553711
2025-08-21,635.549988,627.028137
2025-08-22,645.309998,636.657227
2025-08-25,642.469971,633.855286
2025-08-26,645.159973,636.509216
2025-08-27,646.630005,637.959534
2025-08-28,648.919983,640.218750
2025-08-29,645.049988,636.400696
2025-09-02,640.270020,631.684814
2025-09-03,643.739990,635.108276
2025-09-04,649.119995,640.416138
2025-09-05,647.239990,638.561279
2025-09-08,648.830017,640.130005
2025-09-09,650.330017,641.609863
2025-09-10,652.210022,643.464661
2025-09-11,657.630005,648.812012
2025-09-12,657.409973,648.594849
2025-09-15,660.909973,652.048035
2025-09-16,660.000000,651.150208
2025-09-17,659.179993,650.341187
2025-09-18,662.260010,653.379822
2025-09-19,663.700012,656.616028
2025-09-22,666.840027,659.722412
2025-09-23,663.210022,656.131287
2025-09-24,661.099976,654.043640
2025-09-25,658.049988,651.026306
2025-09-26,661.820007,654.756042
2025-09-29,663.679993,656.596252
2025-09-30,666.179993,659.069519
2025-10-01,668.450012,661.315369
2025-10-02,669.219971,662.077026
2025-10-03,669.210022,662.067200
2025-10-06,671.609985,664.441528
2025-10-07,669.119995,661.978149
2025-10-08,673.109985,665.925537
2025-10-09,671.159973,663.996338
2025-10-10,653.020020,646.049988
2025-10-13,663.039978,655.963013
2025-10-14,662.229980,655.161682
2025-10-15,665.169983,658.070312
2025-10-16,660.640015,653.588745
2025-10-17,664.390015,657.298645
2025-10-20,671.299988,664.134888
2025-10-21,671.289978,664.124939
2025-10-22,667.799988,660.672241
2025-10-23,671.760010,664.589966
2025-10-24,677.250000,670.021362
2025-10-27,685.239990,677.926086
2025-10-28,687.059998,679.726624
2025-10-29,687.390015,680.053162
2025-10-30,679.830017,672.573792
2025-10-31,682.059998,674.780029
2025-11-03,683.340027,676.046387
2025-11-04,675.239990,668.032837
2025-11-05,677.580017,670.347900
2025-11-06,670.309998,663.155457
2025-11-07,670.969971,663.808350
2025-11-10,681.440002,674.166687
2025-11-11,683.000000,675.709961
2025-11-12,683.380005,676.085938
2025-11-13,672.039978,664.866943
2025-11-14,671.929993,664.758179
2025-11-17,665.669983,658.564880
2025-11-18,660.080017,653.034607
2025-11-19,662.630005,655.557434
2025-11-20,652.530029,645.565247
2025-11-21,659.030029,651.995850
2025-11-24,668.729980,661.592285
2025-11-25,675.020020,667.815125
2025-11-26,679.679993,672.425476
2025-11-28,683.390015,676.095825
2025-12-01,680.270020,673.009155
2025-12-02,681.530029,674.255737
2025-12-03,683.890015,676.590515
2025-12-04,684.390015,677.085205
2025-12-05,685.690002,678.371277
2025-12-08,683.630005,676.333313
2025-12-09,683.039978,675.749512
2025-12-10,687.570007,680.231262
2025-12-11,689.169983,681.814148
2025-12-12,681.760010,674.483215
2025-12-15,680.729980,673.464172
2025-12-16,678.869995,671.624084
2025-12-17,671.400024,664.233826
2025-12-18,676.469971,669.249634
2025-12-19,680.590027,675.315369
2025-12-22,684.830017,679.522461
2025-12-23,687.960022,682.628174
2025-12-24,690.380005,685.029480
2025-12-26,690.309998,684.960022
2025-12-29,687.849976,682.519043
2025-12-30,687.010010,681.685547
2025-12-31,681.919983,676.635010
2026-01-02,683.169983,677.875305
2026-01-05,687.719971,682.390076
2026-01-06,691.809998,686.448364
2026-01-07,689.580017,684.235657
2026-01-08,689.510010,684.166199
2026-01-09,694.070007,688.690857
2026-01-12,695.159973,689.772400
2026-01-13,693.770020,688.393188
2026-01-14,690.359985,685.009583
2026-01-15,692.239990,686.875061
2026-01-16,691.659973,686.299500
2026-01-20,677.580017,672.328613
2026-01-21,685.400024,680.088074
2026-01-22,688.979980,683.640320
2026-01-23,689.229980,683.888306
2026-01-26,692.729980,687.361267
2026-01-27,695.489990,690.099792
2026-01-28,695.419983,690.030334
2026-01-29,694.039978,688.661072
2026-01-30,691.969971,686.607178
2026-02-02,695.409973,690.020447
2026-02-03,689.530029,684.186035
2026-02-04,686.190002,680.871948
2026-02-05,677.619995,672.368347
2026-02-06,690.619995,685.267578
2026-02-09,693.950012,688.571777
2026-02-10,692.119995,686.755920
2026-02-11,691.960022,686.597229
2026-02-12,681.270020,675.990112
2026-02-13,681.750000,676.466309
2026-02-17,682.849976,677.557800
2026-02-18,686.289978,680.971130
2026-02-19,684.479980,679.175171
2026-02-20,689.429993,684.086853
2026-02-23,682.390015,677.101379
2026-02-24,687.349976,682.022888
2026-02-25,693.150024,687.778015
2026-02-26,689.299988,683.957764
2026-02-27,685.989990,680.673462
2026-03-02,686.380005,681.060425
2026-03-03,680.330017,675.057373
2026-03-04,685.130005,679.820190
2026-03-05,681.309998,676.029724
2026-03-06,672.380005,667.168884
2026-03-09,678.270020,673.013306
2026-03-10,677.179993,671.931763
2026-03-11,676.330017,671.088379
2026-03-12,666.059998,660.897949
2026-03-13,662.289978,657.157166
2026-03-16,669.030029,663.844971
2026-03-17,670.789978,665.591248
2026-03-18,661.429993,656.303772
2026-03-19,659.799988,654.686401
2026-03-20,648.570007,645.301025
2026-03-23,655.380005,652.076660
2026-03-24,653.179993,649.887756
2026-03-25,656.820007,653.509399
2026-03-26,645.090027,641.838562
2026-03-27,634.090027,630.893982
2026-03-30,631.969971,628.784668
2026-03-31,650.340027,647.062073
2026-04-01,655.239990,651.937378
2026-04-02,655.830017,652.524414
2026-04-06,658.929993,655.608826
2026-04-07,659.219971,655.897278
2026-04-08,676.010010,672.602722
2026-04-09,679.909973,676.482971
2026-04-10,679.460022,676.035339
2026-04-13,686.099976,682.641846
2026-04-14,694.460022,690.959717
2026-04-15,699.940002,696.412109
2026-04-16,701.659973,698.123413
2026-04-17,710.140015,706.560730
2026-04-20,708.719971,705.147766
2026-04-21,704.080017,700.531250
2026-04-22,711.210022,707.625305
2026-04-23,708.450012,704.879211
2026-04-24,713.940002,710.341553
2026-04-27,715.169983,711.565308
2026-04-28,711.690002,708.102844
2026-04-29,711.580017,707.993408
2026-04-30,718.659973,715.037720
2026-05-01,720.650024,717.017700
2026-05-04,718.010010,714.390991
2026-05-05,723.770020,720.122009
2026-05-06,733.830017,730.131287
2026-05-07,731.580017,727.892639
2026-05-08,737.619995,733.902161
2026-05-11,739.299988,735.573669
2026-05-12,738.179993,734.459351
2026-05-13,742.309998,738.568542
2026-05-14,748.169983,744.398987
2026-05-15,739.169983,735.444397
2026-05-18,738.650024,734.927002
2026-05-19,733.729980,730.031799
2026-05-20,741.250000,737.513855
2026-05-21,742.719971,738.976440
2026-05-22,745.640015,741.881775
2026-05-26,750.590027,746.806824
2026-05-27,750.460022,746.677490
2026-05-28,754.599976,750.796570
2026-05-29,756.479980,752.667114
2026-06-01,758.539978,754.716736
2026-06-02,759.570007,755.741577
2026-06-03,754.239990,750.438416
2026-06-04,757.090027,753.274048
2026-06-05,737.549988,733.832520
2026-06-08,739.219971,735.494080
2026-06-09,737.049988,733.335022
2026-06-10,725.429993,721.773621
2026-06-11,737.760010,734.041504
2026-06-12,741.750000,738.011353
2026-06-15,754.830017,751.025452
2026-06-16,750.330017,746.548157
2026-06-17,740.960022,737.225342
2026-06-18,746.739990,744.890259
2026-06-22,744.390015,742.546143
2026-06-23,733.580017,731.762878
2026-06-24,733.239990,731.423706
2026-06-25,734.299988,732.481079
2026-06-26,728.989990,727.184265
2026-06-29,741.000000,739.164490
2026-06-30,746.770020,744.920227
2026-07-01,745.760010,743.912720
2026-07-02,744.780029,742.935181
2026-07-06,751.280029,749.419067
2026-07-07,747.710022,745.857910
2026-07-08,745.400024,743.553650
2026-07-09,751.710022,749.848022
2026-07-10,754.950012,753.079956
2026-07-13,749.169983,747.314270
2026-07-14,751.830017,749.967712
2026-07-15,754.809998,752.940308
2026-07-16,750.719971,748.860413
2026-07-17,743.289978,741.448792
2026-07-20,742.090027,740.251831
2026-07-21,748.280029,746.426514
2026-07-22,747.409973,745.558594
2026-07-23,738.179993,736.351501
2026-07-24,738.929993,737.099609
2026-07-27,739.090027,737.259277
2026-07-28,740.859985,739.024841
2026-07-29,729.460022,727.653137
2026-07-30,741.690002,739.852783
2026-07-31,747.030029,745.179626
2026-08-03,757.669983,755.793213
2026-08-04,771.330017,769.419373
2026-08-05,769.789978,767.883179
2026-08-06,768.559998,766.656250
2026-08-07,773.260010,771.344604
2026-08-10,773.030029,771.115173
2026-08-11,770.559998,768.651306
2026-08-12,772.489990,770.576477
2026-08-13,777.880005,775.953186
2026-08-14,776.340027,774.416992
2026-08-17,772.669983,770.756042
2026-08-18,767.450012,765.549011
2026-08-19,769.059998,767.154968
2026-08-20,762.599976,760.710999
2026-08-21,765.719971,763.823242
2026-08-24,763.469971,761.578796
2026-08-25,765.909973,764.012756
2026-08-26,766.080017,764.182373
2026-08-27,771.099976,769.189941
2026-08-28,769.349976,767.444275
2026-08-31,767.049988,765.149963
2026-09-01,761.780029,759.893066
2026-09-02,765.159973,763.264648
2026-09-03,773.169983,771.254822
2026-09-04,770.190002,768.282227
2026-09-08,765.960022,764.062683
2026-09-09,762.400024,760.511536
2026-09-10,757.830017,755.952820
2026-09-11,764.289978,762.396790
2026-09-14,760.880005,758.995239
2026-09-15,757.390015,755.513916
2026-09-16,754.049988,752.182190
2026-09-17,762.599976,760.710999
2026-09-18,761.690002,761.690002
2026-09-21,773.500000,773.500000
2026-09-22,773.380005,773.380005
2026-09-23,767.809998,767.809998
2026-09-24,767.179993,767.179993
2026-09-25,771.349976,771.349976
2026-09-28,765.609985,765.609985
